jour,minute,v,T,V,VL,VA,VA1
2026-09-29,0,5905.0,-109.0,-4959.0,-4959.0,-5905.0,-5875.0
2026-09-29,1,4716.0,-142.0,-3906.0,-3906.0,-4716.0,-4696.0
2026-09-29,2,3788.0,-76.0,-3058.0,-3058.0,-3788.0,-3670.0
2026-09-29,3,3903.0,-491.0,-3191.0,-3191.0,-3903.0,-3557.0
2026-09-29,4,3663.0,-145.0,-3005.0,-3005.0,-3663.0,-3561.0
2026-09-29,5,3648.0,-50.0,-3060.0,-3060.0,-3648.0,-3612.0
2026-09-29,6,2433.0,85.0,-1929.0,-1929.0,-2433.0,-2433.0
2026-09-29,7,3052.0,210.0,-2502.0,-2502.0,-3052.0,-2930.0
2026-09-29,8,3017.0,-171.0,-2527.0,-2527.0,-3017.0,-2981.0
2026-09-29,9,1669.0,65.0,-1299.0,-1299.0,-1669.0,-1665.0
2026-09-29,10,2814.0,-320.0,-2322.0,-2322.0,-2814.0,-2814.0
2026-09-29,11,1689.0,17.0,-1311.0,-1311.0,-1689.0,-1659.0
2026-09-29,12,2758.0,-312.0,-2292.0,-2292.0,-2758.0,-2758.0
2026-09-29,13,2289.0,11.0,-1855.0,-1855.0,-2289.0,-2205.0
2026-09-29,14,2062.0,178.0,-1724.0,-1724.0,-2062.0,-2018.0
2026-09-29,15,2376.0,258.0,-1824.0,-1824.0,-2376.0,-2258.0
2026-09-29,16,2142.0,116.0,-1730.0,-1730.0,-2142.0,-2142.0
2026-09-29,17,2153.0,159.0,-1731.0,-1731.0,-2153.0,-2153.0
2026-09-29,18,1757.0,-219.0,-1427.0,-1427.0,-1757.0,-1745.0
2026-09-29,19,1756.0,-30.0,-1368.0,-1368.0,-1756.0,-1756.0
2026-09-29,20,2093.0,283.0,-1661.0,-1661.0,-2093.0,-2083.0
2026-09-29,21,2257.0,167.0,-1851.0,-1851.0,-2257.0,-2221.0
2026-09-29,22,2074.0,150.0,-1686.0,-1686.0,-2074.0,-2024.0
2026-09-29,23,2042.0,182.0,-1682.0,-1682.0,-2042.0,-2010.0
2026-09-29,24,1137.0,-57.0,-905.0,-905.0,-1137.0,-1137.0
2026-09-29,25,2054.0,390.0,-1564.0,-1564.0,-2054.0,-1622.0
2026-09-29,26,1896.0,-58.0,-1554.0,-1554.0,-1896.0,-1848.0
2026-09-29,27,1939.0,-111.0,-1535.0,-1535.0,-1939.0,-1909.0
2026-09-29,28,1094.0,50.0,-866.0,-866.0,-1094.0,-1048.0
2026-09-29,29,1935.0,-377.0,-1693.0,-1693.0,-1935.0,-1935.0
2026-09-29,30,2816.0,322.0,-2440.0,-2440.0,-2816.0,-2816.0
2026-09-29,31,1963.0,-19.0,-1559.0,-1559.0,-1963.0,-1963.0
2026-09-29,32,2533.0,-199.0,-2079.0,-2079.0,-2533.0,-2507.0
2026-09-29,33,1953.0,213.0,-1507.0,-1507.0,-1953.0,-1945.0
2026-09-29,34,1577.0,-189.0,-1227.0,-1227.0,-1577.0,-1577.0
2026-09-29,35,1138.0,-56.0,-822.0,-822.0,-1138.0,-1120.0
2026-09-29,36,1218.0,-60.0,-910.0,-910.0,-1218.0,-1206.0
2026-09-29,37,1179.0,-29.0,-905.0,-905.0,-1179.0,-1179.0
2026-09-29,38,777.0,-11.0,-519.0,-519.0,-777.0,-777.0
2026-09-29,39,1482.0,-146.0,-1182.0,-1182.0,-1482.0,-1444.0
2026-09-29,40,1627.0,77.0,-1277.0,-1277.0,-1627.0,-1617.0
2026-09-29,41,1974.0,-346.0,-1624.0,-1624.0,-1974.0,-1974.0
2026-09-29,42,1553.0,89.0,-1195.0,-1195.0,-1553.0,-1485.0
2026-09-29,43,1996.0,174.0,-1618.0,-1618.0,-1996.0,-1938.0
2026-09-29,44,1124.0,-56.0,-864.0,-864.0,-1124.0,-1118.0
2026-09-29,45,1694.0,-316.0,-1376.0,-1376.0,-1694.0,-1684.0
2026-09-29,46,3133.0,389.0,-2625.0,-2625.0,-3133.0,-2933.0
2026-09-29,47,2135.0,53.0,-1759.0,-1759.0,-2135.0,-2117.0
2026-09-29,48,1525.0,55.0,-1183.0,-1183.0,-1525.0,-1487.0
2026-09-29,49,2282.0,30.0,-1894.0,-1894.0,-2282.0,-2244.0
2026-09-29,50,3498.0,-482.0,-2986.0,-2986.0,-3498.0,-3470.0
2026-09-29,51,2165.0,101.0,-1755.0,-1755.0,-2165.0,-2121.0
2026-09-29,52,1862.0,180.0,-1448.0,-1448.0,-1862.0,-1794.0
2026-09-29,53,2182.0,-12.0,-1818.0,-1818.0,-2182.0,-2168.0
2026-09-29,54,1131.0,-19.0,-839.0,-839.0,-1131.0,-1043.0
2026-09-29,55,1357.0,143.0,-1043.0,-1043.0,-1357.0,-1145.0
2026-09-29,56,1430.0,74.0,-1102.0,-1102.0,-1430.0,-1290.0
2026-09-29,57,1538.0,70.0,-1280.0,-1280.0,-1538.0,-1404.0
2026-09-29,58,1866.0,-312.0,-1512.0,-1512.0,-1866.0,-1816.0
2026-09-29,59,1021.0,61.0,-765.0,-765.0,-1021.0,-1007.0
2026-09-29,60,1388.0,108.0,-1116.0,-1116.0,-1388.0,-1306.0
2026-09-29,61,1224.0,60.0,-948.0,-948.0,-1224.0,-1164.0
2026-09-29,62,1639.0,-65.0,-1305.0,-1305.0,-1639.0,-1411.0
2026-09-29,63,852.0,-32.0,-606.0,-606.0,-852.0,-820.0
2026-09-29,64,955.0,-59.0,-771.0,-771.0,-955.0,-935.0
2026-09-29,65,985.0,-25.0,-759.0,-759.0,-985.0,-927.0
2026-09-29,66,735.0,-91.0,-575.0,-575.0,-735.0,-707.0
2026-09-29,67,1492.0,-86.0,-1200.0,-1200.0,-1492.0,-1434.0
2026-09-29,68,1120.0,52.0,-882.0,-882.0,-1120.0,-1090.0
2026-09-29,69,998.0,-56.0,-776.0,-776.0,-998.0,-936.0
2026-09-29,70,2387.0,-101.0,-2017.0,-2017.0,-2387.0,-2247.0
2026-09-29,71,1252.0,52.0,-990.0,-990.0,-1252.0,-1204.0
2026-09-29,72,1277.0,-33.0,-1057.0,-1057.0,-1277.0,-1217.0
2026-09-29,73,702.0,-82.0,-568.0,-568.0,-702.0,-686.0
2026-09-29,74,1008.0,28.0,-776.0,-776.0,-1008.0,-950.0
2026-09-29,75,809.0,71.0,-619.0,-619.0,-809.0,-779.0
2026-09-29,76,1145.0,-59.0,-983.0,-983.0,-1145.0,-1101.0
2026-09-29,77,615.0,-21.0,-463.0,-463.0,-615.0,-607.0
2026-09-29,78,1028.0,-8.0,-768.0,-768.0,-1028.0,-984.0
2026-09-29,79,1889.0,-369.0,-1609.0,-1609.0,-1889.0,-1713.0
2026-09-29,80,1239.0,189.0,-969.0,-969.0,-1239.0,-1205.0
2026-09-29,81,1513.0,343.0,-1145.0,-1145.0,-1513.0,-1457.0
2026-09-29,82,917.0,7.0,-703.0,-703.0,-917.0,-877.0
2026-09-29,83,1427.0,25.0,-1155.0,-1155.0,-1427.0,-1319.0
2026-09-29,84,972.0,16.0,-758.0,-758.0,-972.0,-904.0
2026-09-29,85,1172.0,-92.0,-928.0,-928.0,-1172.0,-1036.0
2026-09-29,86,818.0,-32.0,-600.0,-600.0,-818.0,-776.0
2026-09-29,87,914.0,8.0,-716.0,-716.0,-914.0,-856.0
2026-09-29,88,1144.0,-206.0,-966.0,-966.0,-1144.0,-1120.0
2026-09-29,89,1070.0,-12.0,-878.0,-878.0,-1070.0,-1042.0
2026-09-29,90,1973.0,-307.0,-1651.0,-1651.0,-1973.0,-1923.0
2026-09-29,91,1413.0,131.0,-1045.0,-1045.0,-1413.0,-1399.0
2026-09-29,92,1365.0,-105.0,-1111.0,-1111.0,-1365.0,-1211.0
2026-09-29,93,833.0,13.0,-629.0,-629.0,-833.0,-743.0
2026-09-29,94,911.0,-131.0,-701.0,-701.0,-911.0,-815.0
2026-09-29,95,1539.0,-21.0,-1133.0,-1133.0,-1539.0,-1337.0
2026-09-29,96,1051.0,103.0,-829.0,-829.0,-1051.0,-1013.0
2026-09-29,97,977.0,-163.0,-813.0,-813.0,-977.0,-951.0
2026-09-29,98,1636.0,-48.0,-1344.0,-1344.0,-1636.0,-1602.0
2026-09-29,99,1364.0,-78.0,-1158.0,-1158.0,-1364.0,-1330.0
2026-09-29,100,999.0,15.0,-805.0,-805.0,-999.0,-919.0
2026-09-29,101,919.0,-117.0,-715.0,-715.0,-919.0,-887.0
2026-09-29,102,1414.0,-270.0,-1182.0,-1182.0,-1414.0,-1372.0
2026-09-29,103,1043.0,317.0,-839.0,-839.0,-1043.0,-981.0
2026-09-29,104,1376.0,182.0,-1086.0,-1086.0,-1376.0,-1324.0
2026-09-29,105,1238.0,-22.0,-1018.0,-1018.0,-1238.0,-1142.0
2026-09-29,106,750.0,-58.0,-592.0,-592.0,-750.0,-728.0
2026-09-29,107,804.0,-166.0,-658.0,-658.0,-804.0,-774.0
2026-09-29,108,1513.0,-243.0,-1289.0,-1289.0,-1513.0,-1499.0
2026-09-29,109,1653.0,-187.0,-1399.0,-1399.0,-1653.0,-1623.0
2026-09-29,110,1530.0,-46.0,-1280.0,-1280.0,-1530.0,-1478.0
2026-09-29,111,1258.0,64.0,-1024.0,-1024.0,-1258.0,-1246.0
2026-09-29,112,1276.0,16.0,-1054.0,-1054.0,-1276.0,-1174.0
2026-09-29,113,1190.0,-184.0,-976.0,-976.0,-1190.0,-968.0
2026-09-29,114,1793.0,21.0,-1461.0,-1461.0,-1793.0,-1631.0
2026-09-29,115,2026.0,30.0,-1702.0,-1702.0,-2026.0,-2010.0
2026-09-29,116,2110.0,-294.0,-1792.0,-1792.0,-2110.0,-1970.0
2026-09-29,117,1557.0,41.0,-1301.0,-1301.0,-1557.0,-1551.0
2026-09-29,118,1317.0,21.0,-1055.0,-1055.0,-1317.0,-1295.0
2026-09-29,119,1049.0,25.0,-849.0,-849.0,-1049.0,-1015.0
2026-09-29,120,1611.0,183.0,-1333.0,-1333.0,-1611.0,-1601.0
2026-09-29,121,1286.0,-110.0,-1062.0,-1062.0,-1286.0,-1286.0
2026-09-29,122,1244.0,132.0,-966.0,-966.0,-1244.0,-1076.0
2026-09-29,123,1648.0,170.0,-1364.0,-1364.0,-1648.0,-1582.0
2026-09-29,124,1499.0,133.0,-1235.0,-1235.0,-1499.0,-1353.0
2026-09-29,125,1104.0,-130.0,-844.0,-844.0,-1104.0,-878.0
2026-09-29,126,878.0,12.0,-670.0,-670.0,-878.0,-852.0
2026-09-29,127,997.0,-43.0,-801.0,-801.0,-997.0,-835.0
2026-09-29,128,1175.0,37.0,-937.0,-937.0,-1175.0,-1139.0
2026-09-29,129,1086.0,-108.0,-902.0,-902.0,-1086.0,-1054.0
2026-09-29,130,559.0,-39.0,-445.0,-445.0,-559.0,-551.0
2026-09-29,131,1378.0,-296.0,-1154.0,-1154.0,-1378.0,-1354.0
2026-09-29,132,987.0,109.0,-789.0,-789.0,-987.0,-973.0
2026-09-29,133,1071.0,-11.0,-909.0,-909.0,-1071.0,-1047.0
2026-09-29,134,753.0,13.0,-581.0,-581.0,-753.0,-591.0
2026-09-29,135,628.0,-72.0,-482.0,-482.0,-628.0,-614.0
2026-09-29,136,1033.0,-111.0,-837.0,-837.0,-1033.0,-899.0
2026-09-29,137,4646.0,502.0,-4112.0,-4112.0,-4646.0,-4646.0
2026-09-29,138,2034.0,28.0,-1740.0,-1740.0,-2034.0,-2034.0
2026-09-29,139,1421.0,129.0,-1175.0,-1175.0,-1421.0,-1407.0
2026-09-29,140,1631.0,-55.0,-1353.0,-1353.0,-1631.0,-1563.0
2026-09-29,141,1258.0,-188.0,-998.0,-998.0,-1258.0,-1194.0
2026-09-29,142,1682.0,-320.0,-1414.0,-1414.0,-1682.0,-1484.0
2026-09-29,143,1063.0,33.0,-881.0,-881.0,-1063.0,-1035.0
2026-09-29,144,1410.0,-102.0,-1154.0,-1154.0,-1410.0,-1312.0
2026-09-29,145,825.0,-17.0,-639.0,-639.0,-825.0,-797.0
2026-09-29,146,962.0,118.0,-768.0,-768.0,-962.0,-916.0
2026-09-29,147,798.0,-90.0,-638.0,-638.0,-798.0,-772.0
2026-09-29,148,880.0,32.0,-714.0,-714.0,-880.0,-854.0
2026-09-29,149,660.0,2.0,-510.0,-510.0,-660.0,-514.0
2026-09-29,150,928.0,-106.0,-722.0,-722.0,-928.0,-916.0
2026-09-29,151,767.0,69.0,-617.0,-617.0,-767.0,-751.0
2026-09-29,152,961.0,-67.0,-775.0,-775.0,-961.0,-905.0
2026-09-29,153,478.0,66.0,-334.0,-334.0,-478.0,-474.0
2026-09-29,154,607.0,-93.0,-473.0,-473.0,-607.0,-597.0
2026-09-29,155,673.0,3.0,-515.0,-515.0,-673.0,-647.0
2026-09-29,156,862.0,76.0,-698.0,-698.0,-862.0,-840.0
2026-09-29,157,749.0,89.0,-617.0,-617.0,-749.0,-725.0
2026-09-29,158,741.0,-21.0,-581.0,-581.0,-741.0,-721.0
2026-09-29,159,716.0,44.0,-538.0,-538.0,-716.0,-656.0
2026-09-29,160,554.0,-22.0,-438.0,-438.0,-554.0,-544.0
2026-09-29,161,822.0,4.0,-642.0,-642.0,-822.0,-796.0
2026-09-29,162,647.0,-95.0,-525.0,-525.0,-647.0,-625.0
2026-09-29,163,569.0,-107.0,-455.0,-455.0,-569.0,-567.0
2026-09-29,164,707.0,-33.0,-581.0,-581.0,-707.0,-689.0
2026-09-29,165,764.0,-2.0,-622.0,-622.0,-764.0,-656.0
2026-09-29,166,713.0,-5.0,-569.0,-569.0,-713.0,-697.0
2026-09-29,167,780.0,-80.0,-648.0,-648.0,-780.0,-736.0
2026-09-29,168,680.0,-58.0,-524.0,-524.0,-680.0,-644.0
2026-09-29,169,888.0,-28.0,-716.0,-716.0,-888.0,-782.0
2026-09-29,170,567.0,81.0,-449.0,-449.0,-567.0,-543.0
2026-09-29,171,1086.0,-76.0,-806.0,-806.0,-1086.0,-734.0
2026-09-29,172,786.0,146.0,-660.0,-660.0,-786.0,-772.0
2026-09-29,173,439.0,-41.0,-341.0,-341.0,-439.0,-435.0
2026-09-29,174,399.0,-13.0,-301.0,-301.0,-399.0,-351.0
2026-09-29,175,420.0,32.0,-294.0,-294.0,-420.0,-388.0
2026-09-29,176,506.0,-24.0,-386.0,-386.0,-506.0,-488.0
2026-09-29,177,559.0,77.0,-449.0,-449.0,-559.0,-555.0
2026-09-29,178,493.0,-29.0,-377.0,-377.0,-493.0,-401.0
2026-09-29,179,442.0,-32.0,-350.0,-350.0,-442.0,-412.0
2026-09-29,180,737.0,-105.0,-595.0,-595.0,-737.0,-737.0
2026-09-29,181,994.0,-36.0,-856.0,-856.0,-994.0,-928.0
2026-09-29,182,417.0,65.0,-337.0,-337.0,-417.0,-393.0
2026-09-29,183,457.0,81.0,-381.0,-381.0,-457.0,-455.0
2026-09-29,184,366.0,-58.0,-296.0,-296.0,-366.0,-336.0
2026-09-29,185,684.0,46.0,-560.0,-560.0,-684.0,-684.0
2026-09-29,186,645.0,41.0,-529.0,-529.0,-645.0,-603.0
2026-09-29,187,356.0,-40.0,-272.0,-272.0,-356.0,-220.0
2026-09-29,188,376.0,18.0,-294.0,-294.0,-376.0,-370.0
2026-09-29,189,519.0,-63.0,-405.0,-405.0,-519.0,-401.0
2026-09-29,190,1459.0,-165.0,-1235.0,-1235.0,-1459.0,-1359.0
2026-09-29,191,1276.0,-172.0,-1022.0,-1022.0,-1276.0,-1094.0
2026-09-29,192,1326.0,122.0,-1058.0,-1058.0,-1326.0,-1220.0
2026-09-29,193,1212.0,-176.0,-1056.0,-1056.0,-1212.0,-1190.0
2026-09-29,194,1180.0,-108.0,-912.0,-912.0,-1180.0,-1118.0
2026-09-29,195,1735.0,-107.0,-1413.0,-1413.0,-1735.0,-1601.0
2026-09-29,196,1458.0,172.0,-1188.0,-1188.0,-1458.0,-1410.0
2026-09-29,197,1114.0,80.0,-870.0,-870.0,-1114.0,-1008.0
2026-09-29,198,961.0,23.0,-739.0,-739.0,-961.0,-831.0
2026-09-29,199,626.0,-58.0,-472.0,-472.0,-626.0,-610.0
2026-09-29,200,786.0,56.0,-570.0,-570.0,-786.0,-684.0
2026-09-29,201,1084.0,-120.0,-876.0,-876.0,-1084.0,-964.0
2026-09-29,202,878.0,-74.0,-700.0,-700.0,-878.0,-852.0
2026-09-29,203,561.0,5.0,-425.0,-425.0,-561.0,-529.0
2026-09-29,204,748.0,10.0,-608.0,-608.0,-748.0,-566.0
2026-09-29,205,780.0,6.0,-618.0,-618.0,-780.0,-622.0
2026-09-29,206,829.0,-67.0,-639.0,-639.0,-829.0,-709.0
2026-09-29,207,801.0,103.0,-633.0,-633.0,-801.0,-617.0
2026-09-29,208,637.0,67.0,-491.0,-491.0,-637.0,-605.0
2026-09-29,209,669.0,121.0,-545.0,-545.0,-669.0,-633.0
2026-09-29,210,1061.0,-239.0,-887.0,-887.0,-1061.0,-923.0
2026-09-29,211,520.0,4.0,-384.0,-384.0,-520.0,-470.0
2026-09-29,212,457.0,-11.0,-351.0,-351.0,-457.0,-435.0
2026-09-29,213,1133.0,89.0,-907.0,-907.0,-1133.0,-1041.0
2026-09-29,214,782.0,18.0,-622.0,-622.0,-782.0,-664.0
2026-09-29,215,441.0,37.0,-325.0,-325.0,-441.0,-433.0
2026-09-29,216,466.0,-8.0,-358.0,-358.0,-466.0,-462.0
2026-09-29,217,998.0,-70.0,-848.0,-848.0,-998.0,-932.0
2026-09-29,218,479.0,3.0,-385.0,-385.0,-479.0,-479.0
2026-09-29,219,233.0,-31.0,-169.0,-169.0,-233.0,-219.0
2026-09-29,220,884.0,80.0,-716.0,-716.0,-884.0,-814.0
2026-09-29,221,758.0,30.0,-620.0,-620.0,-758.0,-738.0
2026-09-29,222,574.0,-152.0,-474.0,-474.0,-574.0,-550.0
2026-09-29,223,309.0,47.0,-211.0,-211.0,-309.0,-277.0
2026-09-29,224,691.0,109.0,-523.0,-523.0,-691.0,-637.0
2026-09-29,225,673.0,-15.0,-523.0,-523.0,-673.0,-639.0
2026-09-29,226,722.0,-206.0,-570.0,-570.0,-722.0,-634.0
2026-09-29,227,685.0,-19.0,-567.0,-567.0,-685.0,-685.0
2026-09-29,228,329.0,-3.0,-247.0,-247.0,-329.0,-325.0
2026-09-29,229,454.0,20.0,-348.0,-348.0,-454.0,-436.0
2026-09-29,230,449.0,25.0,-323.0,-323.0,-449.0,-403.0
2026-09-29,231,556.0,-62.0,-434.0,-434.0,-556.0,-552.0
2026-09-29,232,419.0,-49.0,-317.0,-317.0,-419.0,-409.0
2026-09-29,233,737.0,125.0,-567.0,-567.0,-737.0,-683.0
2026-09-29,234,715.0,131.0,-573.0,-573.0,-715.0,-619.0
2026-09-29,235,1185.0,39.0,-995.0,-995.0,-1185.0,-1079.0
2026-09-29,236,497.0,21.0,-403.0,-403.0,-497.0,-487.0
2026-09-29,237,617.0,93.0,-485.0,-485.0,-617.0,-599.0
2026-09-29,238,727.0,-135.0,-599.0,-599.0,-727.0,-705.0
2026-09-29,239,473.0,-3.0,-375.0,-375.0,-473.0,-465.0
2026-09-29,240,880.0,-88.0,-724.0,-724.0,-880.0,-842.0
2026-09-29,241,640.0,104.0,-484.0,-484.0,-640.0,-634.0
2026-09-29,242,406.0,-6.0,-282.0,-282.0,-406.0,-360.0
2026-09-29,243,386.0,28.0,-298.0,-298.0,-386.0,-354.0
2026-09-29,244,392.0,-8.0,-304.0,-304.0,-392.0,-380.0
2026-09-29,245,1009.0,81.0,-857.0,-857.0,-1009.0,-879.0
2026-09-29,246,482.0,-106.0,-394.0,-394.0,-482.0,-406.0
2026-09-29,247,361.0,-43.0,-279.0,-279.0,-361.0,-343.0
2026-09-29,248,341.0,-3.0,-269.0,-269.0,-341.0,-333.0
2026-09-29,249,214.0,-26.0,-172.0,-172.0,-214.0,-206.0
2026-09-29,250,498.0,4.0,-388.0,-388.0,-498.0,-466.0
2026-09-29,251,594.0,-66.0,-440.0,-440.0,-594.0,-446.0
2026-09-29,252,875.0,-127.0,-709.0,-709.0,-875.0,-847.0
2026-09-29,253,534.0,94.0,-412.0,-412.0,-534.0,-498.0
2026-09-29,254,492.0,86.0,-394.0,-394.0,-492.0,-456.0
2026-09-29,255,513.0,37.0,-395.0,-395.0,-513.0,-489.0
2026-09-29,256,1016.0,14.0,-824.0,-824.0,-1016.0,-994.0
2026-09-29,257,408.0,100.0,-328.0,-328.0,-408.0,-404.0
2026-09-29,258,612.0,-54.0,-500.0,-500.0,-612.0,-582.0
2026-09-29,259,590.0,-70.0,-470.0,-470.0,-590.0,-582.0
2026-09-29,260,411.0,11.0,-315.0,-315.0,-411.0,-411.0
2026-09-29,261,885.0,93.0,-789.0,-789.0,-885.0,-881.0
2026-09-29,262,699.0,-59.0,-573.0,-573.0,-699.0,-673.0
2026-09-29,263,759.0,-165.0,-597.0,-597.0,-759.0,-577.0
2026-09-29,264,464.0,20.0,-346.0,-346.0,-464.0,-374.0
2026-09-29,265,455.0,-31.0,-361.0,-361.0,-455.0,-417.0
2026-09-29,266,460.0,-42.0,-336.0,-336.0,-460.0,-350.0
2026-09-29,267,790.0,-36.0,-650.0,-650.0,-790.0,-744.0
2026-09-29,268,665.0,25.0,-543.0,-543.0,-665.0,-575.0
2026-09-29,269,1104.0,6.0,-966.0,-966.0,-1104.0,-948.0
2026-09-29,270,5450.0,608.0,-4908.0,-4908.0,-5450.0,-5324.0
2026-09-29,271,2051.0,59.0,-1611.0,-1611.0,-2051.0,-2051.0
2026-09-29,272,1436.0,44.0,-1136.0,-1136.0,-1436.0,-1424.0
2026-09-29,273,1081.0,-1.0,-877.0,-877.0,-1081.0,-1061.0
2026-09-29,274,1289.0,117.0,-1009.0,-1009.0,-1289.0,-1241.0
2026-09-29,275,1465.0,253.0,-1177.0,-1177.0,-1465.0,-1433.0
2026-09-29,276,1164.0,32.0,-906.0,-906.0,-1164.0,-952.0
2026-09-29,277,1597.0,-3.0,-1319.0,-1319.0,-1597.0,-1575.0
2026-09-29,278,673.0,9.0,-531.0,-531.0,-673.0,-661.0
2026-09-29,279,1003.0,-223.0,-829.0,-829.0,-1003.0,-991.0
2026-09-29,280,722.0,-22.0,-586.0,-586.0,-722.0,-678.0
2026-09-29,281,580.0,-58.0,-468.0,-468.0,-580.0,-544.0
2026-09-29,282,423.0,-43.0,-321.0,-321.0,-423.0,-415.0
2026-09-29,283,983.0,121.0,-789.0,-789.0,-983.0,-941.0
2026-09-29,284,985.0,141.0,-821.0,-821.0,-985.0,-889.0
2026-09-29,285,735.0,7.0,-645.0,-645.0,-735.0,-719.0
2026-09-29,286,901.0,81.0,-685.0,-685.0,-901.0,-739.0
2026-09-29,287,553.0,-35.0,-439.0,-439.0,-553.0,-541.0
2026-09-29,288,452.0,-10.0,-348.0,-348.0,-452.0,-442.0
2026-09-29,289,1247.0,157.0,-1105.0,-1105.0,-1247.0,-1243.0
2026-09-29,290,616.0,-36.0,-520.0,-520.0,-616.0,-586.0
2026-09-29,291,823.0,147.0,-681.0,-681.0,-823.0,-763.0
2026-09-29,292,905.0,153.0,-685.0,-685.0,-905.0,-577.0
2026-09-29,293,1485.0,-35.0,-1305.0,-1305.0,-1485.0,-1479.0
2026-09-29,294,935.0,-99.0,-805.0,-805.0,-935.0,-901.0
2026-09-29,295,545.0,-37.0,-443.0,-443.0,-545.0,-539.0
2026-09-29,296,326.0,54.0,-260.0,-260.0,-326.0,-326.0
2026-09-29,297,476.0,36.0,-380.0,-380.0,-476.0,-440.0
2026-09-29,298,1157.0,49.0,-981.0,-981.0,-1157.0,-1127.0
2026-09-29,299,411.0,7.0,-311.0,-311.0,-411.0,-391.0
2026-09-29,300,511.0,-39.0,-403.0,-403.0,-511.0,-511.0
2026-09-29,301,296.0,-24.0,-230.0,-230.0,-296.0,-274.0
2026-09-29,302,374.0,40.0,-290.0,-290.0,-374.0,-374.0
2026-09-29,303,383.0,-35.0,-305.0,-305.0,-383.0,-383.0
2026-09-29,304,360.0,56.0,-274.0,-274.0,-360.0,-338.0
2026-09-29,305,392.0,-8.0,-288.0,-288.0,-392.0,-384.0
2026-09-29,306,696.0,140.0,-580.0,-580.0,-696.0,-650.0
2026-09-29,307,344.0,-8.0,-284.0,-284.0,-344.0,-314.0
2026-09-29,308,1049.0,161.0,-835.0,-835.0,-1049.0,-767.0
2026-09-29,309,1706.0,24.0,-1368.0,-1368.0,-1706.0,-1478.0
2026-09-29,310,1299.0,73.0,-1043.0,-1043.0,-1299.0,-1243.0
2026-09-29,311,1347.0,-11.0,-1109.0,-1109.0,-1347.0,-1237.0
2026-09-29,312,530.0,46.0,-418.0,-418.0,-530.0,-512.0
2026-09-29,313,802.0,-56.0,-644.0,-644.0,-802.0,-760.0
2026-09-29,314,690.0,4.0,-548.0,-548.0,-690.0,-662.0
2026-09-29,315,739.0,53.0,-595.0,-595.0,-739.0,-639.0
2026-09-29,316,384.0,-26.0,-304.0,-304.0,-384.0,-296.0
2026-09-29,317,962.0,-152.0,-808.0,-808.0,-962.0,-880.0
2026-09-29,318,549.0,67.0,-429.0,-429.0,-549.0,-467.0
2026-09-29,319,428.0,20.0,-330.0,-330.0,-428.0,-334.0
2026-09-29,320,544.0,72.0,-416.0,-416.0,-544.0,-440.0
2026-09-29,321,442.0,82.0,-346.0,-346.0,-442.0,-402.0
2026-09-29,322,467.0,103.0,-363.0,-363.0,-467.0,-347.0
2026-09-29,323,431.0,-49.0,-331.0,-331.0,-431.0,-315.0
2026-09-29,324,710.0,-132.0,-594.0,-594.0,-710.0,-488.0
2026-09-29,325,515.0,7.0,-385.0,-385.0,-515.0,-409.0
2026-09-29,326,388.0,-34.0,-330.0,-330.0,-388.0,-368.0
2026-09-29,327,643.0,-47.0,-537.0,-537.0,-643.0,-563.0
2026-09-29,328,630.0,66.0,-488.0,-488.0,-630.0,-494.0
2026-09-29,329,849.0,-79.0,-733.0,-733.0,-849.0,-681.0
2026-09-29,330,737.0,33.0,-585.0,-585.0,-737.0,-639.0
2026-09-29,331,407.0,-89.0,-323.0,-323.0,-407.0,-349.0
2026-09-29,332,416.0,46.0,-354.0,-354.0,-416.0,-400.0
2026-09-29,333,534.0,8.0,-438.0,-438.0,-534.0,-504.0
2026-09-29,334,576.0,70.0,-416.0,-416.0,-576.0,-494.0
2026-09-29,335,585.0,19.0,-471.0,-471.0,-585.0,-575.0
2026-09-29,336,499.0,-11.0,-405.0,-405.0,-499.0,-451.0
2026-09-29,337,373.0,-57.0,-297.0,-297.0,-373.0,-349.0
2026-09-29,338,562.0,-48.0,-440.0,-440.0,-562.0,-524.0
2026-09-29,339,457.0,-39.0,-379.0,-379.0,-457.0,-345.0
2026-09-29,340,535.0,-43.0,-429.0,-429.0,-535.0,-495.0
2026-09-29,341,422.0,62.0,-340.0,-340.0,-422.0,-372.0
2026-09-29,342,664.0,-118.0,-564.0,-564.0,-664.0,-612.0
2026-09-29,343,484.0,-24.0,-400.0,-400.0,-484.0,-444.0
2026-09-29,344,886.0,-178.0,-718.0,-718.0,-886.0,-806.0
2026-09-29,345,441.0,43.0,-361.0,-361.0,-441.0,-405.0
2026-09-29,346,477.0,83.0,-367.0,-367.0,-477.0,-451.0
2026-09-29,347,400.0,-20.0,-322.0,-322.0,-400.0,-386.0
2026-09-29,348,717.0,123.0,-587.0,-587.0,-717.0,-717.0
2026-09-29,349,368.0,34.0,-282.0,-282.0,-368.0,-346.0
2026-09-29,350,586.0,-60.0,-496.0,-496.0,-586.0,-552.0
2026-09-29,351,478.0,116.0,-372.0,-372.0,-478.0,-420.0
2026-09-29,352,771.0,61.0,-631.0,-631.0,-771.0,-625.0
2026-09-29,353,631.0,15.0,-513.0,-513.0,-631.0,-403.0
2026-09-29,354,796.0,-188.0,-664.0,-664.0,-796.0,-710.0
2026-09-29,355,415.0,-9.0,-317.0,-317.0,-415.0,-357.0
2026-09-29,356,350.0,12.0,-280.0,-280.0,-350.0,-320.0
2026-09-29,357,327.0,7.0,-251.0,-251.0,-327.0,-281.0
2026-09-29,358,401.0,-53.0,-321.0,-321.0,-401.0,-323.0
2026-09-29,359,423.0,9.0,-355.0,-355.0,-423.0,-373.0
2026-09-29,360,748.0,-84.0,-626.0,-626.0,-748.0,-682.0
2026-09-29,361,474.0,112.0,-376.0,-376.0,-474.0,-422.0
2026-09-29,362,710.0,94.0,-556.0,-556.0,-710.0,-414.0
2026-09-29,363,399.0,-73.0,-333.0,-333.0,-399.0,-359.0
2026-09-29,364,350.0,-20.0,-278.0,-278.0,-350.0,-284.0
2026-09-29,365,346.0,-70.0,-282.0,-282.0,-346.0,-318.0
2026-09-29,366,277.0,47.0,-231.0,-231.0,-277.0,-273.0
2026-09-29,367,375.0,15.0,-285.0,-285.0,-375.0,-323.0
2026-09-29,368,405.0,1.0,-341.0,-341.0,-405.0,-279.0
2026-09-29,369,352.0,-68.0,-286.0,-286.0,-352.0,-332.0
2026-09-29,370,526.0,-46.0,-438.0,-438.0,-526.0,-462.0
2026-09-29,371,649.0,-49.0,-553.0,-553.0,-649.0,-561.0
2026-09-29,372,528.0,14.0,-266.0,-266.0,-528.0,-400.0
2026-09-29,373,989.0,-283.0,-831.0,-831.0,-989.0,-825.0
2026-09-29,374,789.0,-5.0,-649.0,-649.0,-789.0,-647.0
2026-09-29,375,803.0,-83.0,-619.0,-619.0,-803.0,-701.0
2026-09-29,376,574.0,102.0,-468.0,-468.0,-574.0,-488.0
2026-09-29,377,816.0,158.0,-664.0,-664.0,-816.0,-698.0
2026-09-29,378,442.0,4.0,-350.0,-350.0,-442.0,-324.0
2026-09-29,379,554.0,118.0,-446.0,-446.0,-554.0,-516.0
2026-09-29,380,1421.0,-71.0,-1195.0,-1195.0,-1421.0,-1393.0
2026-09-29,381,1034.0,134.0,-864.0,-864.0,-1034.0,-978.0
2026-09-29,382,889.0,101.0,-723.0,-723.0,-889.0,-747.0
2026-09-29,383,1403.0,79.0,-1123.0,-1123.0,-1403.0,-1145.0
2026-09-29,384,2224.0,42.0,-1960.0,-1960.0,-2224.0,-2136.0
2026-09-29,385,2755.0,-183.0,-2325.0,-2325.0,-2755.0,-2439.0
2026-09-29,386,1385.0,-33.0,-1165.0,-1165.0,-1385.0,-1233.0
2026-09-29,387,1350.0,160.0,-1116.0,-1116.0,-1350.0,-1154.0
2026-09-29,388,1541.0,83.0,-1327.0,-1327.0,-1541.0,-1203.0
2026-09-29,389,8040.0,104.0,-6544.0,-6544.0,-8040.0,-4988.0
2026-09-30,0,5411.0,161.0,-4317.0,-4317.0,-5411.0,-5137.0
2026-09-30,1,7948.0,1842.0,-6900.0,-6900.0,-7948.0,-7780.0
2026-09-30,2,4166.0,-20.0,-3508.0,-3508.0,-4166.0,-4050.0
2026-09-30,3,3709.0,-37.0,-3109.0,-3109.0,-3709.0,-3645.0
2026-09-30,4,2787.0,193.0,-2271.0,-2271.0,-2787.0,-2737.0
2026-09-30,5,3373.0,-591.0,-2851.0,-2851.0,-3373.0,-3373.0
2026-09-30,6,2721.0,135.0,-2223.0,-2223.0,-2721.0,-2703.0
2026-09-30,7,2429.0,-31.0,-1961.0,-1961.0,-2429.0,-2309.0
2026-09-30,8,2698.0,-202.0,-2202.0,-2202.0,-2698.0,-2698.0
2026-09-30,9,2220.0,114.0,-1746.0,-1746.0,-2220.0,-2144.0
2026-09-30,10,2267.0,-219.0,-1919.0,-1919.0,-2267.0,-2175.0
2026-09-30,11,1274.0,82.0,-1066.0,-1066.0,-1274.0,-1272.0
2026-09-30,12,1294.0,120.0,-1050.0,-1050.0,-1294.0,-1294.0
2026-09-30,13,2086.0,84.0,-1768.0,-1768.0,-2086.0,-2058.0
2026-09-30,14,1833.0,-53.0,-1489.0,-1489.0,-1833.0,-1833.0
2026-09-30,15,2994.0,-166.0,-2534.0,-2534.0,-2994.0,-2940.0
2026-09-30,16,2822.0,-242.0,-2346.0,-2346.0,-2822.0,-2772.0
2026-09-30,17,2333.0,217.0,-1837.0,-1837.0,-2333.0,-2331.0
2026-09-30,18,2580.0,30.0,-2116.0,-2116.0,-2580.0,-2580.0
2026-09-30,19,2863.0,165.0,-2367.0,-2367.0,-2863.0,-2433.0
2026-09-30,20,1818.0,-58.0,-1370.0,-1370.0,-1818.0,-1754.0
2026-09-30,21,1646.0,48.0,-1224.0,-1224.0,-1646.0,-1622.0
2026-09-30,22,2025.0,-373.0,-1659.0,-1659.0,-2025.0,-2025.0
2026-09-30,23,2246.0,-196.0,-1768.0,-1768.0,-2246.0,-2038.0
2026-09-30,24,2139.0,173.0,-1767.0,-1767.0,-2139.0,-2075.0
2026-09-30,25,2697.0,263.0,-2233.0,-2233.0,-2697.0,-2573.0
2026-09-30,26,1367.0,-15.0,-1029.0,-1029.0,-1367.0,-1331.0
2026-09-30,27,1816.0,-72.0,-1472.0,-1472.0,-1816.0,-1792.0
2026-09-30,28,1313.0,21.0,-1023.0,-1023.0,-1313.0,-1259.0
2026-09-30,29,3438.0,444.0,-2938.0,-2938.0,-3438.0,-3396.0
2026-09-30,30,3644.0,36.0,-3070.0,-3070.0,-3644.0,-3580.0
2026-09-30,31,2505.0,57.0,-2087.0,-2087.0,-2505.0,-2487.0
2026-09-30,32,1861.0,-133.0,-1487.0,-1487.0,-1861.0,-1785.0
2026-09-30,33,1888.0,-88.0,-1462.0,-1462.0,-1888.0,-1552.0
2026-09-30,34,1375.0,-63.0,-1105.0,-1105.0,-1375.0,-1311.0
2026-09-30,35,1489.0,53.0,-1115.0,-1115.0,-1489.0,-1403.0
2026-09-30,36,2033.0,157.0,-1621.0,-1621.0,-2033.0,-1747.0
2026-09-30,37,1471.0,-117.0,-1209.0,-1209.0,-1471.0,-1445.0
2026-09-30,38,1063.0,-49.0,-849.0,-849.0,-1063.0,-1029.0
2026-09-30,39,2052.0,-56.0,-1670.0,-1670.0,-2052.0,-1812.0
2026-09-30,40,2290.0,-352.0,-1884.0,-1884.0,-2290.0,-2206.0
2026-09-30,41,1769.0,-105.0,-1443.0,-1443.0,-1769.0,-1751.0
2026-09-30,42,1287.0,-3.0,-973.0,-973.0,-1287.0,-1221.0
2026-09-30,43,1013.0,-73.0,-791.0,-791.0,-1013.0,-931.0
2026-09-30,44,1555.0,129.0,-1241.0,-1241.0,-1555.0,-1501.0
2026-09-30,45,2008.0,118.0,-1618.0,-1618.0,-2008.0,-1934.0
2026-09-30,46,1234.0,-106.0,-958.0,-958.0,-1234.0,-1228.0
2026-09-30,47,2032.0,-196.0,-1636.0,-1636.0,-2032.0,-1910.0
2026-09-30,48,1680.0,122.0,-1310.0,-1310.0,-1680.0,-1620.0
2026-09-30,49,1251.0,153.0,-989.0,-989.0,-1251.0,-1231.0
2026-09-30,50,1553.0,113.0,-1263.0,-1263.0,-1553.0,-1421.0
2026-09-30,51,932.0,58.0,-686.0,-686.0,-932.0,-896.0
2026-09-30,52,1116.0,-238.0,-884.0,-884.0,-1116.0,-1036.0
2026-09-30,53,1271.0,-19.0,-989.0,-989.0,-1271.0,-1191.0
2026-09-30,54,929.0,-155.0,-715.0,-715.0,-929.0,-889.0
2026-09-30,55,1622.0,-66.0,-1354.0,-1354.0,-1622.0,-1548.0
2026-09-30,56,972.0,2.0,-744.0,-744.0,-972.0,-940.0
2026-09-30,57,921.0,33.0,-711.0,-711.0,-921.0,-903.0
2026-09-30,58,1639.0,-209.0,-1373.0,-1373.0,-1639.0,-1639.0
2026-09-30,59,1293.0,95.0,-1037.0,-1037.0,-1293.0,-1263.0
2026-09-30,60,1436.0,-24.0,-1156.0,-1156.0,-1436.0,-1404.0
2026-09-30,61,1411.0,-77.0,-1045.0,-1045.0,-1411.0,-1315.0
2026-09-30,62,1294.0,-22.0,-1012.0,-1012.0,-1294.0,-1282.0
2026-09-30,63,1292.0,-144.0,-1012.0,-1012.0,-1292.0,-1248.0
2026-09-30,64,2109.0,-295.0,-1767.0,-1767.0,-2109.0,-2049.0
2026-09-30,65,1294.0,-62.0,-1062.0,-1062.0,-1294.0,-1272.0
2026-09-30,66,1381.0,-103.0,-1139.0,-1139.0,-1381.0,-1313.0
2026-09-30,67,1113.0,69.0,-839.0,-839.0,-1113.0,-1013.0
2026-09-30,68,2443.0,135.0,-2081.0,-2081.0,-2443.0,-2413.0
2026-09-30,69,1254.0,-42.0,-1022.0,-1022.0,-1254.0,-1254.0
2026-09-30,70,1384.0,6.0,-1094.0,-1094.0,-1384.0,-1322.0
2026-09-30,71,1236.0,-10.0,-958.0,-958.0,-1236.0,-1174.0
2026-09-30,72,1244.0,182.0,-1010.0,-1010.0,-1244.0,-1220.0
2026-09-30,73,2124.0,-326.0,-1768.0,-1768.0,-2124.0,-2098.0
2026-09-30,74,1254.0,-104.0,-1042.0,-1042.0,-1254.0,-1230.0
2026-09-30,75,1273.0,129.0,-1019.0,-1019.0,-1273.0,-1267.0
2026-09-30,76,968.0,-2.0,-754.0,-754.0,-968.0,-968.0
2026-09-30,77,805.0,75.0,-627.0,-627.0,-805.0,-785.0
2026-09-30,78,952.0,174.0,-710.0,-710.0,-952.0,-918.0
2026-09-30,79,1328.0,146.0,-1090.0,-1090.0,-1328.0,-1316.0
2026-09-30,80,880.0,-80.0,-714.0,-714.0,-880.0,-876.0
2026-09-30,81,675.0,81.0,-519.0,-519.0,-675.0,-675.0
2026-09-30,82,721.0,161.0,-553.0,-553.0,-721.0,-701.0
2026-09-30,83,1598.0,82.0,-1262.0,-1262.0,-1598.0,-1220.0
2026-09-30,84,2525.0,119.0,-2097.0,-2097.0,-2525.0,-2235.0
2026-09-30,85,1175.0,-57.0,-967.0,-967.0,-1175.0,-1091.0
2026-09-30,86,1081.0,-47.0,-855.0,-855.0,-1081.0,-1021.0
2026-09-30,87,910.0,84.0,-668.0,-668.0,-910.0,-824.0
2026-09-30,88,1406.0,-220.0,-1196.0,-1196.0,-1406.0,-1248.0
2026-09-30,89,986.0,-32.0,-828.0,-828.0,-986.0,-966.0
2026-09-30,90,1410.0,6.0,-1140.0,-1140.0,-1410.0,-1410.0
2026-09-30,91,1099.0,-103.0,-863.0,-863.0,-1099.0,-1035.0
2026-09-30,92,1053.0,-93.0,-849.0,-849.0,-1053.0,-977.0
2026-09-30,93,1050.0,72.0,-824.0,-824.0,-1050.0,-976.0
2026-09-30,94,1207.0,75.0,-977.0,-977.0,-1207.0,-1207.0
2026-09-30,95,660.0,-86.0,-508.0,-508.0,-660.0,-602.0
2026-09-30,96,903.0,-11.0,-721.0,-721.0,-903.0,-899.0
2026-09-30,97,1143.0,-101.0,-899.0,-899.0,-1143.0,-1113.0
2026-09-30,98,1006.0,140.0,-840.0,-840.0,-1006.0,-970.0
2026-09-30,99,1035.0,89.0,-811.0,-811.0,-1035.0,-997.0
2026-09-30,100,915.0,-165.0,-739.0,-739.0,-915.0,-873.0
2026-09-30,101,1422.0,-138.0,-1212.0,-1212.0,-1422.0,-1406.0
2026-09-30,102,2165.0,-87.0,-1865.0,-1865.0,-2165.0,-1955.0
2026-09-30,103,674.0,42.0,-530.0,-530.0,-674.0,-664.0
2026-09-30,104,1305.0,-131.0,-1091.0,-1091.0,-1305.0,-1279.0
2026-09-30,105,801.0,99.0,-645.0,-645.0,-801.0,-801.0
2026-09-30,106,1064.0,178.0,-794.0,-794.0,-1064.0,-702.0
2026-09-30,107,667.0,-63.0,-537.0,-537.0,-667.0,-613.0
2026-09-30,108,803.0,-91.0,-685.0,-685.0,-803.0,-787.0
2026-09-30,109,452.0,12.0,-336.0,-336.0,-452.0,-450.0
2026-09-30,110,726.0,-140.0,-546.0,-546.0,-726.0,-718.0
2026-09-30,111,1287.0,-87.0,-1029.0,-1029.0,-1287.0,-1131.0
2026-09-30,112,852.0,-80.0,-684.0,-684.0,-852.0,-720.0
2026-09-30,113,659.0,67.0,-479.0,-479.0,-659.0,-607.0
2026-09-30,114,724.0,20.0,-528.0,-528.0,-724.0,-704.0
2026-09-30,115,630.0,-20.0,-462.0,-462.0,-630.0,-568.0
2026-09-30,116,577.0,5.0,-431.0,-431.0,-577.0,-527.0
2026-09-30,117,800.0,80.0,-610.0,-610.0,-800.0,-772.0
2026-09-30,118,726.0,16.0,-558.0,-558.0,-726.0,-690.0
2026-09-30,119,1429.0,163.0,-1265.0,-1265.0,-1429.0,-1403.0
2026-09-30,120,1013.0,23.0,-817.0,-817.0,-1013.0,-1009.0
2026-09-30,121,672.0,18.0,-530.0,-530.0,-672.0,-654.0
2026-09-30,122,1334.0,184.0,-1132.0,-1132.0,-1334.0,-1228.0
2026-09-30,123,759.0,-123.0,-589.0,-589.0,-759.0,-661.0
2026-09-30,124,1717.0,-69.0,-1445.0,-1445.0,-1717.0,-1409.0
2026-09-30,125,963.0,-63.0,-819.0,-819.0,-963.0,-963.0
2026-09-30,126,945.0,-187.0,-763.0,-763.0,-945.0,-907.0
2026-09-30,127,933.0,35.0,-779.0,-779.0,-933.0,-855.0
2026-09-30,128,476.0,36.0,-358.0,-358.0,-476.0,-458.0
2026-09-30,129,564.0,30.0,-458.0,-458.0,-564.0,-540.0
2026-09-30,130,629.0,-25.0,-495.0,-495.0,-629.0,-619.0
2026-09-30,131,904.0,-54.0,-742.0,-742.0,-904.0,-904.0
2026-09-30,132,609.0,19.0,-473.0,-473.0,-609.0,-597.0
2026-09-30,133,1271.0,-101.0,-1069.0,-1069.0,-1271.0,-1265.0
2026-09-30,134,1518.0,-102.0,-1202.0,-1202.0,-1518.0,-1310.0
2026-09-30,135,961.0,-23.0,-785.0,-785.0,-961.0,-953.0
2026-09-30,136,823.0,-69.0,-681.0,-681.0,-823.0,-729.0
2026-09-30,137,815.0,57.0,-669.0,-669.0,-815.0,-781.0
2026-09-30,138,2099.0,141.0,-1835.0,-1835.0,-2099.0,-1989.0
2026-09-30,139,2123.0,579.0,-1797.0,-1797.0,-2123.0,-1811.0
2026-09-30,140,1365.0,-97.0,-1137.0,-1137.0,-1365.0,-1293.0
2026-09-30,141,918.0,-38.0,-730.0,-730.0,-918.0,-830.0
2026-09-30,142,998.0,-118.0,-806.0,-806.0,-998.0,-924.0
2026-09-30,143,636.0,52.0,-494.0,-494.0,-636.0,-598.0
2026-09-30,144,1127.0,-109.0,-991.0,-991.0,-1127.0,-1127.0
2026-09-30,145,1130.0,-144.0,-934.0,-934.0,-1130.0,-1090.0
2026-09-30,146,615.0,101.0,-503.0,-503.0,-615.0,-589.0
2026-09-30,147,589.0,29.0,-463.0,-463.0,-589.0,-541.0
2026-09-30,148,658.0,28.0,-512.0,-512.0,-658.0,-404.0
2026-09-30,149,525.0,-21.0,-387.0,-387.0,-525.0,-445.0
2026-09-30,150,1649.0,-115.0,-1419.0,-1419.0,-1649.0,-1645.0
2026-09-30,151,470.0,-28.0,-384.0,-384.0,-470.0,-456.0
2026-09-30,152,841.0,151.0,-683.0,-683.0,-841.0,-837.0
2026-09-30,153,500.0,-74.0,-390.0,-390.0,-500.0,-458.0
2026-09-30,154,752.0,16.0,-588.0,-588.0,-752.0,-620.0
2026-09-30,155,589.0,-19.0,-491.0,-491.0,-589.0,-577.0
2026-09-30,156,491.0,-39.0,-375.0,-375.0,-491.0,-429.0
2026-09-30,157,590.0,-32.0,-476.0,-476.0,-590.0,-520.0
2026-09-30,158,466.0,12.0,-340.0,-340.0,-466.0,-432.0
2026-09-30,159,355.0,31.0,-251.0,-251.0,-355.0,-309.0
2026-09-30,160,454.0,92.0,-378.0,-378.0,-454.0,-428.0
2026-09-30,161,1051.0,31.0,-893.0,-893.0,-1051.0,-1029.0
2026-09-30,162,682.0,-118.0,-580.0,-580.0,-682.0,-670.0
2026-09-30,163,507.0,31.0,-379.0,-379.0,-507.0,-457.0
2026-09-30,164,463.0,121.0,-361.0,-361.0,-463.0,-385.0
2026-09-30,165,440.0,-26.0,-344.0,-344.0,-440.0,-414.0
2026-09-30,166,344.0,-34.0,-282.0,-282.0,-344.0,-334.0
2026-09-30,167,961.0,-163.0,-819.0,-819.0,-961.0,-945.0
2026-09-30,168,874.0,-16.0,-730.0,-730.0,-874.0,-764.0
2026-09-30,169,558.0,0.0,-456.0,-456.0,-558.0,-480.0
2026-09-30,170,533.0,-51.0,-439.0,-439.0,-533.0,-509.0
2026-09-30,171,305.0,7.0,-245.0,-245.0,-305.0,-271.0
2026-09-30,172,329.0,13.0,-231.0,-231.0,-329.0,-311.0
2026-09-30,173,582.0,24.0,-462.0,-462.0,-582.0,-500.0
2026-09-30,174,536.0,68.0,-434.0,-434.0,-536.0,-484.0
2026-09-30,175,336.0,-28.0,-218.0,-218.0,-336.0,-200.0
2026-09-30,176,363.0,-63.0,-285.0,-285.0,-363.0,-309.0
2026-09-30,177,527.0,-33.0,-429.0,-429.0,-527.0,-419.0
2026-09-30,178,697.0,-101.0,-561.0,-561.0,-697.0,-643.0
2026-09-30,179,658.0,-62.0,-532.0,-532.0,-658.0,-582.0
2026-09-30,180,1201.0,-175.0,-955.0,-955.0,-1201.0,-1027.0
2026-09-30,181,770.0,-60.0,-616.0,-616.0,-770.0,-756.0
2026-09-30,182,601.0,-51.0,-467.0,-467.0,-601.0,-563.0
2026-09-30,183,667.0,35.0,-531.0,-531.0,-667.0,-637.0
2026-09-30,184,602.0,76.0,-502.0,-502.0,-602.0,-600.0
2026-09-30,185,632.0,42.0,-512.0,-512.0,-632.0,-606.0
2026-09-30,186,814.0,-134.0,-660.0,-660.0,-814.0,-706.0
2026-09-30,187,634.0,70.0,-478.0,-478.0,-634.0,-584.0
2026-09-30,188,665.0,105.0,-519.0,-519.0,-665.0,-603.0
2026-09-30,189,446.0,-36.0,-370.0,-370.0,-446.0,-446.0
2026-09-30,190,378.0,32.0,-288.0,-288.0,-378.0,-364.0
2026-09-30,191,1109.0,161.0,-917.0,-917.0,-1109.0,-1079.0
2026-09-30,192,686.0,-38.0,-546.0,-546.0,-686.0,-512.0
2026-09-30,193,842.0,136.0,-712.0,-712.0,-842.0,-830.0
2026-09-30,194,589.0,-57.0,-475.0,-475.0,-589.0,-553.0
2026-09-30,195,881.0,-135.0,-753.0,-753.0,-881.0,-777.0
2026-09-30,196,432.0,54.0,-302.0,-302.0,-432.0,-396.0
2026-09-30,197,403.0,39.0,-305.0,-305.0,-403.0,-377.0
2026-09-30,198,648.0,-98.0,-540.0,-540.0,-648.0,-642.0
2026-09-30,199,382.0,16.0,-294.0,-294.0,-382.0,-356.0
2026-09-30,200,400.0,24.0,-322.0,-322.0,-400.0,-394.0
2026-09-30,201,442.0,8.0,-350.0,-350.0,-442.0,-430.0
2026-09-30,202,353.0,43.0,-281.0,-281.0,-353.0,-303.0
2026-09-30,203,323.0,31.0,-245.0,-245.0,-323.0,-323.0
2026-09-30,204,391.0,-91.0,-333.0,-333.0,-391.0,-373.0
2026-09-30,205,312.0,30.0,-250.0,-250.0,-312.0,-274.0
2026-09-30,206,274.0,30.0,-194.0,-194.0,-274.0,-216.0
2026-09-30,207,524.0,34.0,-392.0,-392.0,-524.0,-492.0
2026-09-30,208,582.0,38.0,-470.0,-470.0,-582.0,-556.0
2026-09-30,209,459.0,3.0,-369.0,-369.0,-459.0,-419.0
2026-09-30,210,652.0,50.0,-522.0,-522.0,-652.0,-546.0
2026-09-30,211,543.0,-7.0,-439.0,-439.0,-543.0,-513.0
2026-09-30,212,389.0,-35.0,-321.0,-321.0,-389.0,-351.0
2026-09-30,213,448.0,18.0,-340.0,-340.0,-448.0,-372.0
2026-09-30,214,286.0,12.0,-216.0,-216.0,-286.0,-238.0
2026-09-30,215,430.0,-6.0,-324.0,-324.0,-430.0,-352.0
2026-09-30,216,576.0,32.0,-458.0,-458.0,-576.0,-518.0
2026-09-30,217,317.0,-5.0,-243.0,-243.0,-317.0,-301.0
2026-09-30,218,329.0,17.0,-255.0,-255.0,-329.0,-299.0
2026-09-30,219,239.0,-27.0,-179.0,-179.0,-239.0,-211.0
2026-09-30,220,373.0,-39.0,-287.0,-287.0,-373.0,-349.0
2026-09-30,221,462.0,46.0,-384.0,-384.0,-462.0,-388.0
2026-09-30,222,590.0,-116.0,-498.0,-498.0,-590.0,-558.0
2026-09-30,223,875.0,-59.0,-717.0,-717.0,-875.0,-761.0
2026-09-30,224,587.0,51.0,-473.0,-473.0,-587.0,-567.0
2026-09-30,225,1293.0,-181.0,-1107.0,-1107.0,-1293.0,-1231.0
2026-09-30,226,1548.0,-64.0,-1292.0,-1292.0,-1548.0,-1548.0
2026-09-30,227,874.0,48.0,-684.0,-684.0,-874.0,-742.0
2026-09-30,228,628.0,-38.0,-498.0,-498.0,-628.0,-606.0
2026-09-30,229,826.0,-28.0,-668.0,-668.0,-826.0,-646.0
2026-09-30,230,1378.0,-40.0,-1138.0,-1138.0,-1378.0,-1154.0
2026-09-30,231,993.0,129.0,-781.0,-781.0,-993.0,-887.0
2026-09-30,232,992.0,-50.0,-800.0,-800.0,-992.0,-918.0
2026-09-30,233,452.0,-18.0,-316.0,-316.0,-452.0,-404.0
2026-09-30,234,235.0,3.0,-171.0,-171.0,-235.0,-211.0
2026-09-30,235,765.0,-169.0,-639.0,-639.0,-765.0,-665.0
2026-09-30,236,1720.0,-264.0,-1432.0,-1432.0,-1720.0,-1600.0
2026-09-30,237,1368.0,36.0,-1118.0,-1118.0,-1368.0,-1278.0
2026-09-30,238,538.0,82.0,-418.0,-418.0,-538.0,-496.0
2026-09-30,239,824.0,120.0,-668.0,-668.0,-824.0,-780.0
2026-09-30,240,653.0,55.0,-497.0,-497.0,-653.0,-613.0
2026-09-30,241,720.0,14.0,-586.0,-586.0,-720.0,-646.0
2026-09-30,242,736.0,166.0,-576.0,-576.0,-736.0,-716.0
2026-09-30,243,413.0,-61.0,-339.0,-339.0,-413.0,-411.0
2026-09-30,244,686.0,6.0,-540.0,-540.0,-686.0,-650.0
2026-09-30,245,547.0,53.0,-437.0,-437.0,-547.0,-515.0
2026-09-30,246,636.0,-6.0,-500.0,-500.0,-636.0,-602.0
2026-09-30,247,607.0,-137.0,-489.0,-489.0,-607.0,-585.0
2026-09-30,248,477.0,71.0,-369.0,-369.0,-477.0,-445.0
2026-09-30,249,809.0,127.0,-677.0,-677.0,-809.0,-779.0
2026-09-30,250,662.0,28.0,-562.0,-562.0,-662.0,-612.0
2026-09-30,251,678.0,64.0,-532.0,-532.0,-678.0,-564.0
2026-09-30,252,684.0,0.0,-554.0,-554.0,-684.0,-586.0
2026-09-30,253,560.0,-66.0,-438.0,-438.0,-560.0,-418.0
2026-09-30,254,603.0,-79.0,-487.0,-487.0,-603.0,-475.0
2026-09-30,255,644.0,12.0,-546.0,-546.0,-644.0,-644.0
2026-09-30,256,165.0,25.0,-143.0,-143.0,-165.0,-163.0
2026-09-30,257,992.0,90.0,-814.0,-814.0,-992.0,-702.0
2026-09-30,258,735.0,59.0,-557.0,-557.0,-735.0,-681.0
2026-09-30,259,978.0,-54.0,-790.0,-790.0,-978.0,-942.0
2026-09-30,260,727.0,-23.0,-611.0,-611.0,-727.0,-673.0
2026-09-30,261,437.0,-37.0,-311.0,-311.0,-437.0,-347.0
2026-09-30,262,904.0,-140.0,-732.0,-732.0,-904.0,-740.0
2026-09-30,263,704.0,12.0,-586.0,-586.0,-704.0,-680.0
2026-09-30,264,466.0,26.0,-386.0,-386.0,-466.0,-362.0
2026-09-30,265,628.0,-32.0,-438.0,-438.0,-628.0,-402.0
2026-09-30,266,347.0,47.0,-287.0,-287.0,-347.0,-303.0
2026-09-30,267,12.0,-2.0,-8.0,-8.0,-12.0,-12.0
2026-09-30,268,262.0,-14.0,-216.0,-216.0,-262.0,-256.0
2026-09-30,270,854.0,-188.0,-736.0,-736.0,-854.0,-796.0
2026-09-30,271,951.0,-77.0,-751.0,-751.0,-951.0,-815.0
2026-09-30,272,515.0,33.0,-395.0,-395.0,-515.0,-475.0
2026-09-30,273,450.0,-32.0,-358.0,-358.0,-450.0,-382.0
2026-09-30,274,481.0,105.0,-389.0,-389.0,-481.0,-353.0
2026-09-30,275,530.0,-42.0,-452.0,-452.0,-530.0,-490.0
2026-09-30,276,1094.0,-218.0,-914.0,-914.0,-1094.0,-904.0
2026-09-30,277,589.0,71.0,-459.0,-459.0,-589.0,-463.0
2026-09-30,278,755.0,95.0,-609.0,-609.0,-755.0,-659.0
2026-09-30,279,614.0,22.0,-490.0,-490.0,-614.0,-470.0
2026-09-30,280,659.0,95.0,-551.0,-551.0,-659.0,-593.0
2026-09-30,281,644.0,126.0,-540.0,-540.0,-644.0,-632.0
2026-09-30,282,849.0,181.0,-663.0,-663.0,-849.0,-667.0
2026-09-30,283,739.0,-123.0,-599.0,-599.0,-739.0,-687.0
2026-09-30,284,586.0,34.0,-462.0,-462.0,-586.0,-476.0
2026-09-30,285,429.0,-73.0,-337.0,-337.0,-429.0,-385.0
2026-09-30,286,482.0,-70.0,-390.0,-390.0,-482.0,-442.0
2026-09-30,287,670.0,-188.0,-584.0,-584.0,-670.0,-658.0
2026-09-30,288,550.0,-4.0,-428.0,-428.0,-550.0,-550.0
2026-09-30,289,637.0,-37.0,-557.0,-557.0,-637.0,-567.0
2026-09-30,290,686.0,-90.0,-572.0,-572.0,-686.0,-620.0
2026-09-30,291,1058.0,-36.0,-922.0,-922.0,-1058.0,-1024.0
2026-09-30,292,856.0,124.0,-746.0,-746.0,-856.0,-812.0
2026-09-30,293,440.0,-18.0,-348.0,-348.0,-440.0,-380.0
2026-09-30,294,433.0,7.0,-351.0,-351.0,-433.0,-417.0
2026-09-30,295,621.0,-107.0,-503.0,-503.0,-621.0,-529.0
2026-09-30,296,1292.0,104.0,-1052.0,-1052.0,-1292.0,-1152.0
2026-09-30,297,536.0,-94.0,-422.0,-422.0,-536.0,-454.0
2026-09-30,298,695.0,83.0,-561.0,-561.0,-695.0,-621.0
2026-09-30,299,534.0,-6.0,-442.0,-442.0,-534.0,-534.0
2026-09-30,300,959.0,-149.0,-829.0,-829.0,-959.0,-917.0
2026-09-30,301,947.0,-227.0,-799.0,-799.0,-947.0,-913.0
2026-09-30,302,640.0,-12.0,-522.0,-522.0,-640.0,-568.0
2026-09-30,303,1000.0,-84.0,-848.0,-848.0,-1000.0,-940.0
2026-09-30,304,888.0,-8.0,-748.0,-748.0,-888.0,-834.0
2026-09-30,305,555.0,41.0,-445.0,-445.0,-555.0,-503.0
2026-09-30,306,759.0,29.0,-611.0,-611.0,-759.0,-651.0
2026-09-30,307,499.0,67.0,-411.0,-411.0,-499.0,-465.0
2026-09-30,308,464.0,8.0,-382.0,-382.0,-464.0,-432.0
2026-09-30,309,1217.0,341.0,-1057.0,-1057.0,-1217.0,-1089.0
2026-09-30,310,598.0,-88.0,-506.0,-506.0,-598.0,-448.0
2026-09-30,311,306.0,10.0,-234.0,-234.0,-306.0,-268.0
2026-09-30,312,662.0,2.0,-550.0,-550.0,-662.0,-598.0
2026-09-30,313,667.0,-123.0,-547.0,-547.0,-667.0,-615.0
2026-09-30,314,255.0,-1.0,-213.0,-213.0,-255.0,-251.0
2026-09-30,315,562.0,-64.0,-442.0,-442.0,-562.0,-434.0
2026-09-30,316,262.0,-16.0,-200.0,-200.0,-262.0,-246.0
2026-09-30,317,308.0,-44.0,-240.0,-240.0,-308.0,-270.0
2026-09-30,318,599.0,-93.0,-485.0,-485.0,-599.0,-515.0
2026-09-30,319,493.0,-37.0,-401.0,-401.0,-493.0,-385.0
2026-09-30,320,521.0,23.0,-405.0,-405.0,-521.0,-467.0
2026-09-30,321,460.0,-60.0,-364.0,-364.0,-460.0,-382.0
2026-09-30,322,464.0,62.0,-374.0,-374.0,-464.0,-338.0
2026-09-30,323,693.0,-81.0,-551.0,-551.0,-693.0,-527.0
2026-09-30,324,624.0,42.0,-514.0,-514.0,-624.0,-536.0
2026-09-30,325,561.0,35.0,-483.0,-483.0,-561.0,-525.0
2026-09-30,326,547.0,31.0,-441.0,-441.0,-547.0,-487.0
2026-09-30,327,556.0,78.0,-438.0,-438.0,-556.0,-510.0
2026-09-30,328,822.0,46.0,-700.0,-700.0,-822.0,-818.0
2026-09-30,329,709.0,-79.0,-617.0,-617.0,-709.0,-701.0
2026-09-30,330,691.0,7.0,-541.0,-541.0,-691.0,-657.0
2026-09-30,331,606.0,52.0,-466.0,-466.0,-606.0,-550.0
2026-09-30,332,523.0,55.0,-373.0,-373.0,-523.0,-415.0
2026-09-30,333,682.0,114.0,-554.0,-554.0,-682.0,-594.0
2026-09-30,334,799.0,25.0,-671.0,-671.0,-799.0,-771.0
2026-09-30,335,541.0,7.0,-427.0,-427.0,-541.0,-481.0
2026-09-30,336,661.0,41.0,-533.0,-533.0,-661.0,-563.0
2026-09-30,337,643.0,49.0,-481.0,-481.0,-643.0,-547.0
2026-09-30,338,849.0,5.0,-667.0,-667.0,-849.0,-667.0
2026-09-30,339,646.0,-20.0,-502.0,-502.0,-646.0,-580.0
2026-09-30,340,649.0,-49.0,-517.0,-517.0,-649.0,-557.0
2026-09-30,341,530.0,-58.0,-446.0,-446.0,-530.0,-460.0
2026-09-30,342,546.0,-12.0,-454.0,-454.0,-546.0,-530.0
2026-09-30,343,311.0,-7.0,-243.0,-243.0,-311.0,-297.0
2026-09-30,344,717.0,69.0,-625.0,-625.0,-717.0,-705.0
2026-09-30,345,545.0,-81.0,-453.0,-453.0,-545.0,-519.0
2026-09-30,346,592.0,-82.0,-496.0,-496.0,-592.0,-566.0
2026-09-30,347,606.0,-56.0,-472.0,-472.0,-606.0,-568.0
2026-09-30,348,450.0,0.0,-346.0,-346.0,-450.0,-426.0
2026-09-30,349,537.0,81.0,-463.0,-463.0,-537.0,-525.0
2026-09-30,350,521.0,-31.0,-439.0,-439.0,-521.0,-511.0
2026-09-30,351,448.0,-46.0,-362.0,-362.0,-448.0,-412.0
2026-09-30,352,328.0,8.0,-262.0,-262.0,-328.0,-286.0
2026-09-30,353,795.0,-81.0,-665.0,-665.0,-795.0,-605.0
2026-09-30,354,618.0,-14.0,-468.0,-468.0,-618.0,-464.0
2026-09-30,355,589.0,39.0,-453.0,-453.0,-589.0,-519.0
2026-09-30,356,431.0,15.0,-337.0,-337.0,-431.0,-377.0
2026-09-30,357,380.0,-6.0,-290.0,-290.0,-380.0,-334.0
2026-09-30,358,359.0,-3.0,-281.0,-281.0,-359.0,-281.0
2026-09-30,359,406.0,-44.0,-308.0,-308.0,-406.0,-348.0
2026-09-30,360,875.0,83.0,-649.0,-649.0,-875.0,-859.0
2026-09-30,361,481.0,69.0,-377.0,-377.0,-481.0,-407.0
2026-09-30,362,719.0,115.0,-579.0,-579.0,-719.0,-611.0
2026-09-30,363,488.0,-6.0,-384.0,-384.0,-488.0,-452.0
2026-09-30,364,651.0,-7.0,-543.0,-543.0,-651.0,-545.0
2026-09-30,365,1338.0,274.0,-1136.0,-1136.0,-1338.0,-1302.0
2026-09-30,366,560.0,-22.0,-466.0,-466.0,-560.0,-516.0
2026-09-30,367,909.0,-211.0,-755.0,-755.0,-909.0,-719.0
2026-09-30,368,801.0,-3.0,-663.0,-663.0,-801.0,-643.0
2026-09-30,369,1225.0,179.0,-997.0,-997.0,-1225.0,-1073.0
2026-09-30,370,835.0,-51.0,-711.0,-711.0,-835.0,-811.0
2026-09-30,371,572.0,-98.0,-486.0,-486.0,-572.0,-534.0
2026-09-30,372,624.0,22.0,-500.0,-500.0,-624.0,-492.0
2026-09-30,373,873.0,13.0,-727.0,-727.0,-873.0,-799.0
2026-09-30,374,619.0,7.0,-481.0,-481.0,-619.0,-517.0
2026-09-30,375,1332.0,28.0,-1096.0,-1096.0,-1332.0,-1198.0
2026-09-30,376,545.0,-33.0,-427.0,-427.0,-545.0,-433.0
2026-09-30,377,733.0,15.0,-609.0,-609.0,-733.0,-697.0
2026-09-30,378,1502.0,42.0,-1286.0,-1286.0,-1502.0,-1424.0
2026-09-30,379,881.0,-153.0,-743.0,-743.0,-881.0,-839.0
2026-09-30,380,3192.0,-340.0,-2730.0,-2730.0,-3192.0,-3128.0
2026-09-30,381,2096.0,28.0,-1710.0,-1710.0,-2096.0,-2078.0
2026-09-30,382,3128.0,-40.0,-2758.0,-2758.0,-3128.0,-3084.0
2026-09-30,383,1642.0,-32.0,-1372.0,-1372.0,-1642.0,-1636.0
2026-09-30,384,4311.0,-525.0,-3663.0,-3663.0,-4311.0,-4183.0
2026-09-30,385,4109.0,-9.0,-3459.0,-3459.0,-4109.0,-3883.0
2026-09-30,386,2206.0,-128.0,-1806.0,-1806.0,-2206.0,-2036.0
2026-09-30,387,2023.0,17.0,-1655.0,-1655.0,-2023.0,-1663.0
2026-09-30,388,2556.0,22.0,-2104.0,-2104.0,-2556.0,-2132.0
2026-09-30,389,12733.0,-37.0,-11063.0,-11063.0,-12733.0,-11575.0
2026-09-22,0,5307.0,397.0,-4503.0,-4503.0,-5307.0,-5133.0
2026-09-22,1,3206.0,230.0,-2606.0,-2606.0,-3206.0,-2990.0
2026-09-22,2,2881.0,187.0,-2437.0,-2437.0,-2881.0,-2863.0
2026-09-22,3,3217.0,155.0,-2783.0,-2783.0,-3217.0,-3105.0
2026-09-22,4,1997.0,71.0,-1677.0,-1677.0,-1997.0,-1941.0
2026-09-22,5,3021.0,307.0,-2571.0,-2571.0,-3021.0,-2979.0
2026-09-22,6,1930.0,224.0,-1626.0,-1626.0,-1930.0,-1816.0
2026-09-22,7,1629.0,-35.0,-1339.0,-1339.0,-1629.0,-1577.0
2026-09-22,8,1618.0,22.0,-1356.0,-1356.0,-1618.0,-1502.0
2026-09-22,9,1707.0,83.0,-1413.0,-1413.0,-1707.0,-1655.0
2026-09-22,10,2003.0,197.0,-1667.0,-1667.0,-2003.0,-1967.0
2026-09-22,11,2317.0,165.0,-2009.0,-2009.0,-2317.0,-2305.0
2026-09-22,12,2198.0,280.0,-1874.0,-1874.0,-2198.0,-2118.0
2026-09-22,13,1500.0,68.0,-1234.0,-1234.0,-1500.0,-1454.0
2026-09-22,14,1859.0,-197.0,-1585.0,-1585.0,-1859.0,-1829.0
2026-09-22,15,2863.0,-265.0,-2347.0,-2347.0,-2863.0,-2809.0
2026-09-22,16,1917.0,-81.0,-1643.0,-1643.0,-1917.0,-1899.0
2026-09-22,17,1412.0,-280.0,-1210.0,-1210.0,-1412.0,-1378.0
2026-09-22,18,2851.0,357.0,-2571.0,-2571.0,-2851.0,-2839.0
2026-09-22,19,1588.0,-40.0,-1364.0,-1364.0,-1588.0,-1564.0
2026-09-22,20,2225.0,231.0,-1785.0,-1785.0,-2225.0,-2139.0
2026-09-22,21,1714.0,-128.0,-1392.0,-1392.0,-1714.0,-1510.0
2026-09-22,22,1367.0,-95.0,-1065.0,-1065.0,-1367.0,-1185.0
2026-09-22,23,1174.0,-22.0,-930.0,-930.0,-1174.0,-1102.0
2026-09-22,24,1254.0,10.0,-1030.0,-1030.0,-1254.0,-1144.0
2026-09-22,25,2268.0,-274.0,-1816.0,-1816.0,-2268.0,-1708.0
2026-09-22,26,2136.0,-260.0,-1740.0,-1740.0,-2136.0,-2086.0
2026-09-22,27,2071.0,125.0,-1713.0,-1713.0,-2071.0,-2013.0
2026-09-22,28,1509.0,91.0,-1227.0,-1227.0,-1509.0,-1463.0
2026-09-22,29,1213.0,-159.0,-937.0,-937.0,-1213.0,-1129.0
2026-09-22,30,1845.0,-153.0,-1549.0,-1549.0,-1845.0,-1751.0
2026-09-22,31,1235.0,1.0,-989.0,-989.0,-1235.0,-1233.0
2026-09-22,32,992.0,-46.0,-778.0,-778.0,-992.0,-864.0
2026-09-22,33,788.0,16.0,-622.0,-622.0,-788.0,-702.0
2026-09-22,34,1147.0,-3.0,-883.0,-883.0,-1147.0,-771.0
2026-09-22,35,838.0,-106.0,-670.0,-670.0,-838.0,-772.0
2026-09-22,36,1102.0,-96.0,-840.0,-840.0,-1102.0,-998.0
2026-09-22,37,1113.0,115.0,-883.0,-883.0,-1113.0,-973.0
2026-09-22,38,729.0,-1.0,-553.0,-553.0,-729.0,-643.0
2026-09-22,39,767.0,-61.0,-603.0,-603.0,-767.0,-663.0
2026-09-22,40,1485.0,289.0,-1183.0,-1183.0,-1485.0,-1109.0
2026-09-22,41,2364.0,434.0,-1926.0,-1926.0,-2364.0,-1978.0
2026-09-22,42,2025.0,135.0,-1703.0,-1703.0,-2025.0,-1831.0
2026-09-22,43,3159.0,249.0,-2699.0,-2699.0,-3159.0,-2959.0
2026-09-22,44,1617.0,-83.0,-1343.0,-1343.0,-1617.0,-1579.0
2026-09-22,45,1746.0,190.0,-1456.0,-1456.0,-1746.0,-1612.0
2026-09-22,46,1627.0,-1.0,-1417.0,-1417.0,-1627.0,-1565.0
2026-09-22,47,1208.0,-90.0,-1008.0,-1008.0,-1208.0,-1122.0
2026-09-22,48,1989.0,-303.0,-1675.0,-1675.0,-1989.0,-1877.0
2026-09-22,49,955.0,25.0,-777.0,-777.0,-955.0,-917.0
2026-09-22,50,961.0,19.0,-777.0,-777.0,-961.0,-957.0
2026-09-22,51,1306.0,-134.0,-1088.0,-1088.0,-1306.0,-1274.0
2026-09-22,52,1030.0,118.0,-834.0,-834.0,-1030.0,-992.0
2026-09-22,53,694.0,-92.0,-566.0,-566.0,-694.0,-632.0
2026-09-22,54,1061.0,-15.0,-857.0,-857.0,-1061.0,-993.0
2026-09-22,55,613.0,-87.0,-455.0,-455.0,-613.0,-567.0
2026-09-22,56,906.0,144.0,-738.0,-738.0,-906.0,-890.0
2026-09-22,57,823.0,43.0,-623.0,-623.0,-823.0,-653.0
2026-09-22,58,596.0,-20.0,-448.0,-448.0,-596.0,-470.0
2026-09-22,59,888.0,-4.0,-740.0,-740.0,-888.0,-746.0
2026-09-22,60,879.0,-37.0,-709.0,-709.0,-879.0,-779.0
2026-09-22,61,1846.0,84.0,-1538.0,-1538.0,-1846.0,-1442.0
2026-09-22,62,1646.0,222.0,-1354.0,-1354.0,-1646.0,-1430.0
2026-09-22,63,1592.0,60.0,-1314.0,-1314.0,-1592.0,-1406.0
2026-09-22,64,974.0,-70.0,-810.0,-810.0,-974.0,-780.0
2026-09-22,65,2808.0,-502.0,-2388.0,-2388.0,-2808.0,-2594.0
2026-09-22,66,1020.0,-42.0,-814.0,-814.0,-1020.0,-974.0
2026-09-22,67,1272.0,222.0,-1002.0,-1002.0,-1272.0,-1060.0
2026-09-22,68,1994.0,-258.0,-1698.0,-1698.0,-1994.0,-1868.0
2026-09-22,69,3385.0,39.0,-3053.0,-3053.0,-3385.0,-3341.0
2026-09-22,70,1528.0,-130.0,-1296.0,-1296.0,-1528.0,-1518.0
2026-09-22,71,2661.0,-475.0,-2351.0,-2351.0,-2661.0,-2571.0
2026-09-22,72,2133.0,-59.0,-1803.0,-1803.0,-2133.0,-2013.0
2026-09-22,73,1326.0,144.0,-1094.0,-1094.0,-1326.0,-1242.0
2026-09-22,74,1700.0,-124.0,-1468.0,-1468.0,-1700.0,-1696.0
2026-09-22,75,1370.0,-176.0,-1122.0,-1122.0,-1370.0,-1316.0
2026-09-22,76,1524.0,-176.0,-1292.0,-1292.0,-1524.0,-1480.0
2026-09-22,77,1930.0,126.0,-1614.0,-1614.0,-1930.0,-1902.0
2026-09-22,78,1635.0,345.0,-1355.0,-1355.0,-1635.0,-1579.0
2026-09-22,79,1363.0,101.0,-1109.0,-1109.0,-1363.0,-1299.0
2026-09-22,80,1525.0,81.0,-1249.0,-1249.0,-1525.0,-1423.0
2026-09-22,81,1290.0,-208.0,-1048.0,-1048.0,-1290.0,-1216.0
2026-09-22,82,970.0,56.0,-762.0,-762.0,-970.0,-928.0
2026-09-22,83,855.0,-11.0,-669.0,-669.0,-855.0,-739.0
2026-09-22,84,989.0,73.0,-799.0,-799.0,-989.0,-897.0
2026-09-22,85,860.0,-90.0,-672.0,-672.0,-860.0,-694.0
2026-09-22,86,682.0,8.0,-530.0,-530.0,-682.0,-632.0
2026-09-22,87,610.0,-30.0,-460.0,-460.0,-610.0,-546.0
2026-09-22,88,965.0,-181.0,-815.0,-815.0,-965.0,-959.0
2026-09-22,89,635.0,43.0,-477.0,-477.0,-635.0,-609.0
2026-09-22,90,1118.0,-72.0,-860.0,-860.0,-1118.0,-718.0
2026-09-22,91,996.0,-50.0,-756.0,-756.0,-996.0,-780.0
2026-09-22,92,824.0,8.0,-656.0,-656.0,-824.0,-734.0
2026-09-22,93,715.0,-5.0,-593.0,-593.0,-715.0,-703.0
2026-09-22,94,1486.0,-92.0,-1242.0,-1242.0,-1486.0,-1454.0
2026-09-22,95,696.0,16.0,-546.0,-546.0,-696.0,-640.0
2026-09-22,96,1427.0,-71.0,-1239.0,-1239.0,-1427.0,-1377.0
2026-09-22,97,1446.0,150.0,-1186.0,-1186.0,-1446.0,-1292.0
2026-09-22,98,387.0,-75.0,-291.0,-291.0,-387.0,-351.0
2026-09-22,99,644.0,-58.0,-500.0,-500.0,-644.0,-578.0
2026-09-22,100,733.0,-17.0,-549.0,-549.0,-733.0,-693.0
2026-09-22,101,579.0,-9.0,-445.0,-445.0,-579.0,-507.0
2026-09-22,102,562.0,2.0,-430.0,-430.0,-562.0,-522.0
2026-09-22,103,738.0,-32.0,-616.0,-616.0,-738.0,-694.0
2026-09-22,104,1923.0,179.0,-1497.0,-1497.0,-1923.0,-1205.0
2026-09-22,105,871.0,-173.0,-715.0,-715.0,-871.0,-799.0
2026-09-22,106,743.0,81.0,-591.0,-591.0,-743.0,-641.0
2026-09-22,107,654.0,-34.0,-506.0,-506.0,-654.0,-596.0
2026-09-22,108,622.0,-86.0,-504.0,-504.0,-622.0,-512.0
2026-09-22,109,733.0,69.0,-547.0,-547.0,-733.0,-541.0
2026-09-22,110,713.0,-7.0,-575.0,-575.0,-713.0,-617.0
2026-09-22,111,536.0,76.0,-414.0,-414.0,-536.0,-504.0
2026-09-22,112,416.0,-44.0,-338.0,-338.0,-416.0,-336.0
2026-09-22,113,550.0,0.0,-428.0,-428.0,-550.0,-476.0
2026-09-22,114,314.0,-18.0,-240.0,-240.0,-314.0,-282.0
2026-09-22,115,606.0,14.0,-418.0,-418.0,-606.0,-364.0
2026-09-22,116,393.0,29.0,-299.0,-299.0,-393.0,-325.0
2026-09-22,117,410.0,16.0,-302.0,-302.0,-410.0,-320.0
2026-09-22,118,754.0,-194.0,-620.0,-620.0,-754.0,-582.0
2026-09-22,119,724.0,102.0,-558.0,-558.0,-724.0,-502.0
2026-09-22,120,1138.0,-92.0,-962.0,-962.0,-1138.0,-858.0
2026-09-22,121,628.0,32.0,-498.0,-498.0,-628.0,-562.0
2026-09-22,122,448.0,-4.0,-350.0,-350.0,-448.0,-396.0
2026-09-22,123,567.0,33.0,-445.0,-445.0,-567.0,-495.0
2026-09-22,124,829.0,39.0,-661.0,-661.0,-829.0,-689.0
2026-09-22,125,744.0,14.0,-602.0,-602.0,-744.0,-624.0
2026-09-22,126,1070.0,10.0,-818.0,-818.0,-1070.0,-594.0
2026-09-22,127,1102.0,-78.0,-910.0,-910.0,-1102.0,-930.0
2026-09-22,128,1183.0,-165.0,-1039.0,-1039.0,-1183.0,-1053.0
2026-09-22,129,1470.0,-340.0,-1232.0,-1232.0,-1470.0,-1252.0
2026-09-22,130,1032.0,-58.0,-828.0,-828.0,-1032.0,-940.0
2026-09-22,131,946.0,-64.0,-776.0,-776.0,-946.0,-814.0
2026-09-22,132,686.0,112.0,-560.0,-560.0,-686.0,-608.0
2026-09-22,133,762.0,-66.0,-636.0,-636.0,-762.0,-692.0
2026-09-22,134,627.0,33.0,-521.0,-521.0,-627.0,-545.0
2026-09-22,135,613.0,19.0,-503.0,-503.0,-613.0,-491.0
2026-09-22,136,688.0,122.0,-566.0,-566.0,-688.0,-656.0
2026-09-22,137,851.0,-127.0,-693.0,-693.0,-851.0,-747.0
2026-09-22,138,630.0,24.0,-484.0,-484.0,-630.0,-502.0
2026-09-22,139,606.0,4.0,-502.0,-502.0,-606.0,-514.0
2026-09-22,140,872.0,-2.0,-696.0,-696.0,-872.0,-808.0
2026-09-22,141,392.0,4.0,-302.0,-302.0,-392.0,-348.0
2026-09-22,142,430.0,8.0,-350.0,-350.0,-430.0,-330.0
2026-09-22,143,539.0,-151.0,-447.0,-447.0,-539.0,-435.0
2026-09-22,144,633.0,-63.0,-447.0,-447.0,-633.0,-457.0
2026-09-22,145,1004.0,-80.0,-818.0,-818.0,-1004.0,-772.0
2026-09-22,146,551.0,-15.0,-461.0,-461.0,-551.0,-481.0
2026-09-22,147,532.0,18.0,-440.0,-440.0,-532.0,-466.0
2026-09-22,148,597.0,107.0,-463.0,-463.0,-597.0,-547.0
2026-09-22,149,509.0,57.0,-377.0,-377.0,-509.0,-299.0
2026-09-22,150,1001.0,93.0,-851.0,-851.0,-1001.0,-819.0
2026-09-22,151,857.0,-177.0,-741.0,-741.0,-857.0,-849.0
2026-09-22,152,252.0,-26.0,-176.0,-176.0,-252.0,-234.0
2026-09-22,153,312.0,0.0,-226.0,-226.0,-312.0,-268.0
2026-09-22,154,310.0,28.0,-226.0,-226.0,-310.0,-234.0
2026-09-22,155,375.0,35.0,-285.0,-285.0,-375.0,-301.0
2026-09-22,156,437.0,21.0,-325.0,-325.0,-437.0,-369.0
2026-09-22,157,897.0,193.0,-727.0,-727.0,-897.0,-595.0
2026-09-22,158,1025.0,173.0,-847.0,-847.0,-1025.0,-801.0
2026-09-22,159,1159.0,-257.0,-963.0,-963.0,-1159.0,-875.0
2026-09-22,160,680.0,4.0,-594.0,-594.0,-680.0,-656.0
2026-09-22,161,383.0,3.0,-299.0,-299.0,-383.0,-339.0
2026-09-22,162,335.0,-35.0,-273.0,-273.0,-335.0,-295.0
2026-09-22,163,596.0,-104.0,-458.0,-458.0,-596.0,-434.0
2026-09-22,164,314.0,-16.0,-246.0,-246.0,-314.0,-266.0
2026-09-22,165,515.0,-131.0,-405.0,-405.0,-515.0,-425.0
2026-09-22,166,402.0,20.0,-310.0,-310.0,-402.0,-300.0
2026-09-22,167,383.0,1.0,-289.0,-289.0,-383.0,-287.0
2026-09-22,168,577.0,-115.0,-461.0,-461.0,-577.0,-387.0
2026-09-22,169,527.0,-105.0,-417.0,-417.0,-527.0,-407.0
2026-09-22,170,981.0,-13.0,-763.0,-763.0,-981.0,-719.0
2026-09-22,171,429.0,63.0,-341.0,-341.0,-429.0,-409.0
2026-09-22,172,407.0,-13.0,-329.0,-329.0,-407.0,-315.0
2026-09-22,173,890.0,-60.0,-776.0,-776.0,-890.0,-786.0
2026-09-22,174,808.0,-128.0,-672.0,-672.0,-808.0,-714.0
2026-09-22,175,646.0,-26.0,-498.0,-498.0,-646.0,-440.0
2026-09-22,176,495.0,-87.0,-419.0,-419.0,-495.0,-407.0
2026-09-22,177,502.0,6.0,-396.0,-396.0,-502.0,-324.0
2026-09-22,178,291.0,-3.0,-233.0,-233.0,-291.0,-221.0
2026-09-22,179,575.0,-171.0,-465.0,-465.0,-575.0,-439.0
2026-09-22,180,625.0,37.0,-437.0,-437.0,-625.0,-329.0
2026-09-22,181,673.0,75.0,-511.0,-511.0,-673.0,-367.0
2026-09-22,182,781.0,131.0,-639.0,-639.0,-781.0,-571.0
2026-09-22,183,579.0,77.0,-449.0,-449.0,-579.0,-323.0
2026-09-22,184,918.0,146.0,-706.0,-706.0,-918.0,-328.0
2026-09-22,185,720.0,-134.0,-612.0,-612.0,-720.0,-652.0
2026-09-22,186,408.0,18.0,-322.0,-322.0,-408.0,-374.0
2026-09-22,187,442.0,-74.0,-366.0,-366.0,-442.0,-296.0
2026-09-22,188,437.0,9.0,-355.0,-355.0,-437.0,-315.0
2026-09-22,189,328.0,-6.0,-258.0,-258.0,-328.0,-234.0
2026-09-22,190,427.0,-77.0,-331.0,-331.0,-427.0,-367.0
2026-09-22,191,345.0,-49.0,-275.0,-275.0,-345.0,-189.0
2026-09-22,192,262.0,-20.0,-208.0,-208.0,-262.0,-214.0
2026-09-22,193,496.0,100.0,-390.0,-390.0,-496.0,-340.0
2026-09-22,194,451.0,47.0,-357.0,-357.0,-451.0,-333.0
2026-09-22,195,574.0,-38.0,-446.0,-446.0,-574.0,-230.0
2026-09-22,196,458.0,58.0,-346.0,-346.0,-458.0,-184.0
2026-09-22,197,393.0,-23.0,-299.0,-299.0,-393.0,-99.0
2026-09-22,198,2356.0,350.0,-2118.0,-2118.0,-2356.0,-2174.0
2026-09-22,199,1291.0,57.0,-1071.0,-1071.0,-1291.0,-1187.0
2026-09-22,200,949.0,-37.0,-771.0,-771.0,-949.0,-707.0
2026-09-22,201,557.0,-11.0,-453.0,-453.0,-557.0,-451.0
2026-09-22,202,411.0,-23.0,-335.0,-335.0,-411.0,-343.0
2026-09-22,203,491.0,3.0,-397.0,-397.0,-491.0,-351.0
2026-09-22,204,531.0,-69.0,-429.0,-429.0,-531.0,-411.0
2026-09-22,205,464.0,-44.0,-364.0,-364.0,-464.0,-264.0
2026-09-22,206,369.0,29.0,-289.0,-289.0,-369.0,-239.0
2026-09-22,207,422.0,-28.0,-346.0,-346.0,-422.0,-358.0
2026-09-22,208,424.0,18.0,-358.0,-358.0,-424.0,-260.0
2026-09-22,209,312.0,-6.0,-256.0,-256.0,-312.0,-224.0
2026-09-22,210,468.0,30.0,-358.0,-358.0,-468.0,-336.0
2026-09-22,211,283.0,29.0,-209.0,-209.0,-283.0,-199.0
2026-09-22,212,488.0,2.0,-374.0,-374.0,-488.0,-426.0
2026-09-22,213,261.0,45.0,-211.0,-211.0,-261.0,-241.0
2026-09-22,214,216.0,-8.0,-142.0,-142.0,-216.0,-148.0
2026-09-22,215,338.0,24.0,-276.0,-276.0,-338.0,-288.0
2026-09-22,216,872.0,180.0,-732.0,-732.0,-872.0,-648.0
2026-09-22,217,357.0,-15.0,-271.0,-271.0,-357.0,-239.0
2026-09-22,218,395.0,-137.0,-305.0,-305.0,-395.0,-223.0
2026-09-22,219,440.0,-66.0,-342.0,-342.0,-440.0,-306.0
2026-09-22,220,366.0,8.0,-278.0,-278.0,-366.0,-280.0
2026-09-22,221,311.0,-73.0,-245.0,-245.0,-311.0,-273.0
2026-09-22,222,317.0,-11.0,-251.0,-251.0,-317.0,-247.0
2026-09-22,223,169.0,5.0,-115.0,-115.0,-169.0,-99.0
2026-09-22,224,273.0,3.0,-205.0,-205.0,-273.0,-201.0
2026-09-22,225,338.0,-16.0,-264.0,-264.0,-338.0,-238.0
2026-09-22,226,299.0,-17.0,-229.0,-229.0,-299.0,-207.0
2026-09-22,227,272.0,0.0,-202.0,-202.0,-272.0,-202.0
2026-09-22,228,304.0,26.0,-238.0,-238.0,-304.0,-202.0
2026-09-22,229,248.0,8.0,-202.0,-202.0,-248.0,-224.0
2026-09-22,230,518.0,-80.0,-416.0,-416.0,-518.0,-196.0
2026-09-22,231,328.0,-20.0,-248.0,-248.0,-328.0,-248.0
2026-09-22,232,447.0,-59.0,-351.0,-351.0,-447.0,-257.0
2026-09-22,233,232.0,26.0,-176.0,-176.0,-232.0,-114.0
2026-09-22,234,367.0,15.0,-287.0,-287.0,-367.0,-267.0
2026-09-22,235,333.0,55.0,-253.0,-253.0,-333.0,-239.0
2026-09-22,236,312.0,52.0,-222.0,-222.0,-312.0,-180.0
2026-09-22,237,409.0,57.0,-309.0,-309.0,-409.0,-247.0
2026-09-22,238,542.0,56.0,-434.0,-434.0,-542.0,-294.0
2026-09-22,239,532.0,92.0,-426.0,-426.0,-532.0,-396.0
2026-09-22,240,687.0,-87.0,-567.0,-567.0,-687.0,-419.0
2026-09-22,241,488.0,-58.0,-380.0,-380.0,-488.0,-344.0
2026-09-22,242,396.0,-72.0,-314.0,-314.0,-396.0,-224.0
2026-09-22,243,411.0,-19.0,-317.0,-317.0,-411.0,-319.0
2026-09-22,244,365.0,61.0,-281.0,-281.0,-365.0,-221.0
2026-09-22,245,329.0,39.0,-219.0,-219.0,-329.0,-179.0
2026-09-22,246,575.0,-113.0,-479.0,-479.0,-575.0,-349.0
2026-09-22,247,330.0,-2.0,-248.0,-248.0,-330.0,-274.0
2026-09-22,248,391.0,91.0,-267.0,-267.0,-391.0,-95.0
2026-09-22,249,338.0,28.0,-274.0,-274.0,-338.0,-250.0
2026-09-22,250,675.0,-99.0,-515.0,-515.0,-675.0,-385.0
2026-09-22,251,421.0,9.0,-331.0,-331.0,-421.0,-271.0
2026-09-22,252,487.0,75.0,-413.0,-413.0,-487.0,-403.0
2026-09-22,253,341.0,33.0,-275.0,-275.0,-341.0,-185.0
2026-09-22,254,308.0,58.0,-248.0,-248.0,-308.0,-190.0
2026-09-22,255,473.0,73.0,-359.0,-359.0,-473.0,-257.0
2026-09-22,256,406.0,-76.0,-328.0,-328.0,-406.0,-332.0
2026-09-22,257,444.0,-4.0,-382.0,-382.0,-444.0,-370.0
2026-09-22,258,187.0,-3.0,-139.0,-139.0,-187.0,-119.0
2026-09-22,259,246.0,-58.0,-202.0,-202.0,-246.0,-210.0
2026-09-22,260,449.0,-53.0,-363.0,-363.0,-449.0,-367.0
2026-09-22,261,324.0,-10.0,-258.0,-258.0,-324.0,-280.0
2026-09-22,262,3765.0,563.0,-3367.0,-3367.0,-3765.0,-3553.0
2026-09-22,263,1389.0,-19.0,-1201.0,-1201.0,-1389.0,-1333.0
2026-09-22,264,1940.0,64.0,-1722.0,-1722.0,-1940.0,-1902.0
2026-09-22,265,809.0,43.0,-679.0,-679.0,-809.0,-767.0
2026-09-22,266,633.0,-17.0,-525.0,-525.0,-633.0,-597.0
2026-09-22,267,813.0,-67.0,-723.0,-723.0,-813.0,-803.0
2026-09-22,268,432.0,44.0,-350.0,-350.0,-432.0,-396.0
2026-09-22,269,404.0,98.0,-326.0,-326.0,-404.0,-378.0
2026-09-22,270,1137.0,-211.0,-977.0,-977.0,-1137.0,-1081.0
2026-09-22,271,972.0,-12.0,-816.0,-816.0,-972.0,-938.0
2026-09-22,272,439.0,-11.0,-331.0,-331.0,-439.0,-427.0
2026-09-22,273,354.0,58.0,-278.0,-278.0,-354.0,-324.0
2026-09-22,274,1097.0,137.0,-965.0,-965.0,-1097.0,-1087.0
2026-09-22,275,589.0,89.0,-483.0,-483.0,-589.0,-519.0
2026-09-22,276,478.0,22.0,-360.0,-360.0,-478.0,-382.0
2026-09-22,277,440.0,2.0,-336.0,-336.0,-440.0,-336.0
2026-09-22,278,395.0,51.0,-265.0,-265.0,-395.0,-217.0
2026-09-22,279,476.0,90.0,-370.0,-370.0,-476.0,-320.0
2026-09-22,280,565.0,15.0,-469.0,-469.0,-565.0,-459.0
2026-09-22,281,292.0,22.0,-212.0,-212.0,-292.0,-218.0
2026-09-22,282,388.0,-32.0,-320.0,-320.0,-388.0,-268.0
2026-09-22,283,542.0,-26.0,-430.0,-430.0,-542.0,-368.0
2026-09-22,284,400.0,52.0,-352.0,-352.0,-400.0,-362.0
2026-09-22,285,367.0,25.0,-259.0,-259.0,-367.0,-275.0
2026-09-22,286,531.0,-9.0,-407.0,-407.0,-531.0,-213.0
2026-09-22,287,200.0,22.0,-146.0,-146.0,-200.0,-134.0
2026-09-22,288,656.0,86.0,-520.0,-520.0,-656.0,-300.0
2026-09-22,289,504.0,-18.0,-402.0,-402.0,-504.0,-258.0
2026-09-22,290,825.0,-13.0,-623.0,-623.0,-825.0,-207.0
2026-09-22,291,565.0,-29.0,-459.0,-459.0,-565.0,-369.0
2026-09-22,292,555.0,17.0,-451.0,-451.0,-555.0,-309.0
2026-09-22,293,1115.0,163.0,-883.0,-883.0,-1115.0,-517.0
2026-09-22,294,631.0,-41.0,-505.0,-505.0,-631.0,-423.0
2026-09-22,295,519.0,-15.0,-425.0,-425.0,-519.0,-435.0
2026-09-22,296,467.0,-41.0,-371.0,-371.0,-467.0,-339.0
2026-09-22,297,434.0,-44.0,-354.0,-354.0,-434.0,-358.0
2026-09-22,298,437.0,47.0,-337.0,-337.0,-437.0,-331.0
2026-09-22,299,449.0,-63.0,-333.0,-333.0,-449.0,-267.0
2026-09-22,300,783.0,-81.0,-653.0,-653.0,-783.0,-643.0
2026-09-22,301,492.0,20.0,-400.0,-400.0,-492.0,-280.0
2026-09-22,302,460.0,-32.0,-324.0,-324.0,-460.0,-234.0
2026-09-22,303,516.0,-106.0,-442.0,-442.0,-516.0,-450.0
2026-09-22,304,327.0,-49.0,-257.0,-257.0,-327.0,-179.0
2026-09-22,305,893.0,-233.0,-777.0,-777.0,-893.0,-739.0
2026-09-22,306,982.0,-108.0,-836.0,-836.0,-982.0,-840.0
2026-09-22,307,321.0,23.0,-235.0,-235.0,-321.0,-205.0
2026-09-22,308,579.0,-59.0,-479.0,-479.0,-579.0,-503.0
2026-09-22,309,699.0,13.0,-583.0,-583.0,-699.0,-557.0
2026-09-22,310,714.0,116.0,-564.0,-564.0,-714.0,-336.0
2026-09-22,311,1032.0,-18.0,-852.0,-852.0,-1032.0,-452.0
2026-09-22,312,473.0,61.0,-383.0,-383.0,-473.0,-335.0
2026-09-22,313,768.0,126.0,-642.0,-642.0,-768.0,-434.0
2026-09-22,314,593.0,-75.0,-451.0,-451.0,-593.0,-167.0
2026-09-22,315,325.0,9.0,-253.0,-253.0,-325.0,-245.0
2026-09-22,316,305.0,-25.0,-243.0,-243.0,-305.0,-239.0
2026-09-22,317,210.0,-4.0,-164.0,-164.0,-210.0,-190.0
2026-09-22,318,383.0,-7.0,-313.0,-313.0,-383.0,-317.0
2026-09-22,319,176.0,16.0,-134.0,-134.0,-176.0,-144.0
2026-09-22,320,322.0,-78.0,-242.0,-242.0,-322.0,-150.0
2026-09-22,321,296.0,116.0,-216.0,-216.0,-296.0,-194.0
2026-09-22,322,202.0,-6.0,-140.0,-140.0,-202.0,-108.0
2026-09-22,323,259.0,-55.0,-207.0,-207.0,-259.0,-139.0
2026-09-22,324,138.0,-8.0,-92.0,-92.0,-138.0,-110.0
2026-09-22,325,301.0,-9.0,-233.0,-233.0,-301.0,-191.0
2026-09-22,326,275.0,-69.0,-221.0,-221.0,-275.0,-159.0
2026-09-22,327,375.0,-87.0,-295.0,-295.0,-375.0,-247.0
2026-09-22,328,473.0,-83.0,-383.0,-383.0,-473.0,-343.0
2026-09-22,329,316.0,24.0,-248.0,-248.0,-316.0,-256.0
2026-09-22,330,512.0,56.0,-410.0,-410.0,-512.0,-330.0
2026-09-22,331,640.0,88.0,-564.0,-564.0,-640.0,-524.0
2026-09-22,332,366.0,34.0,-302.0,-302.0,-366.0,-252.0
2026-09-22,333,123.0,9.0,-87.0,-87.0,-123.0,-93.0
2026-09-22,334,297.0,45.0,-229.0,-229.0,-297.0,-211.0
2026-09-22,335,436.0,-22.0,-328.0,-328.0,-436.0,-158.0
2026-09-22,336,689.0,185.0,-561.0,-561.0,-689.0,-401.0
2026-09-22,337,382.0,-8.0,-312.0,-312.0,-382.0,-294.0
2026-09-22,338,611.0,69.0,-469.0,-469.0,-611.0,-241.0
2026-09-22,339,381.0,3.0,-295.0,-295.0,-381.0,-131.0
2026-09-22,340,567.0,137.0,-435.0,-435.0,-567.0,-263.0
2026-09-22,341,494.0,26.0,-370.0,-370.0,-494.0,-142.0
2026-09-22,342,409.0,-51.0,-319.0,-319.0,-409.0,-193.0
2026-09-22,343,475.0,41.0,-375.0,-375.0,-475.0,-207.0
2026-09-22,344,493.0,-55.0,-417.0,-417.0,-493.0,-221.0
2026-09-22,345,569.0,55.0,-455.0,-455.0,-569.0,-243.0
2026-09-22,346,913.0,201.0,-677.0,-677.0,-913.0,-153.0
2026-09-22,347,511.0,71.0,-413.0,-413.0,-511.0,-291.0
2026-09-22,348,538.0,-12.0,-416.0,-416.0,-538.0,-364.0
2026-09-22,349,372.0,-4.0,-304.0,-304.0,-372.0,-174.0
2026-09-22,350,644.0,-110.0,-526.0,-526.0,-644.0,-430.0
2026-09-22,351,341.0,-71.0,-273.0,-273.0,-341.0,-143.0
2026-09-22,352,437.0,-57.0,-355.0,-355.0,-437.0,-255.0
2026-09-22,353,334.0,56.0,-264.0,-264.0,-334.0,-164.0
2026-09-22,354,783.0,77.0,-693.0,-693.0,-783.0,-635.0
2026-09-22,355,1718.0,332.0,-1464.0,-1464.0,-1718.0,-1650.0
2026-09-22,356,1108.0,70.0,-938.0,-938.0,-1108.0,-962.0
2026-09-22,357,887.0,-25.0,-783.0,-783.0,-887.0,-755.0
2026-09-22,358,376.0,26.0,-294.0,-294.0,-376.0,-250.0
2026-09-22,359,384.0,34.0,-286.0,-286.0,-384.0,-244.0
2026-09-22,360,748.0,6.0,-616.0,-616.0,-748.0,-578.0
2026-09-22,361,895.0,165.0,-725.0,-725.0,-895.0,-639.0
2026-09-22,362,1185.0,89.0,-997.0,-997.0,-1185.0,-937.0
2026-09-22,363,1707.0,221.0,-1341.0,-1341.0,-1707.0,-829.0
2026-09-22,364,1326.0,-52.0,-1130.0,-1130.0,-1326.0,-1092.0
2026-09-22,365,938.0,36.0,-804.0,-804.0,-938.0,-670.0
2026-09-22,366,881.0,-35.0,-743.0,-743.0,-881.0,-601.0
2026-09-22,367,868.0,230.0,-734.0,-734.0,-868.0,-760.0
2026-09-22,368,721.0,-181.0,-609.0,-609.0,-721.0,-501.0
2026-09-22,369,789.0,15.0,-617.0,-617.0,-789.0,-537.0
2026-09-22,370,317.0,-13.0,-257.0,-257.0,-317.0,-279.0
2026-09-22,371,1187.0,-167.0,-1011.0,-1011.0,-1187.0,-839.0
2026-09-22,372,1276.0,-158.0,-1146.0,-1146.0,-1276.0,-1150.0
2026-09-22,373,763.0,143.0,-629.0,-629.0,-763.0,-515.0
2026-09-22,374,551.0,1.0,-429.0,-429.0,-551.0,-421.0
2026-09-22,375,831.0,49.0,-703.0,-703.0,-831.0,-719.0
2026-09-22,376,399.0,27.0,-329.0,-329.0,-399.0,-347.0
2026-09-22,377,618.0,134.0,-518.0,-518.0,-618.0,-302.0
2026-09-22,378,687.0,-19.0,-547.0,-547.0,-687.0,-327.0
2026-09-22,379,859.0,155.0,-671.0,-671.0,-859.0,-295.0
2026-09-22,380,2266.0,-202.0,-1946.0,-1946.0,-2266.0,-1740.0
2026-09-22,381,1093.0,239.0,-863.0,-863.0,-1093.0,-729.0
2026-09-22,382,1621.0,161.0,-1339.0,-1339.0,-1621.0,-873.0
2026-09-22,383,1240.0,-12.0,-1022.0,-1022.0,-1240.0,-792.0
2026-09-22,384,2066.0,-190.0,-1770.0,-1770.0,-2066.0,-1798.0
2026-09-22,385,2486.0,-240.0,-2124.0,-2124.0,-2486.0,-2090.0
2026-09-22,386,1465.0,-1.0,-1225.0,-1225.0,-1465.0,-1245.0
2026-09-22,387,1344.0,-18.0,-1120.0,-1120.0,-1344.0,-992.0
2026-09-22,388,1990.0,-124.0,-1674.0,-1674.0,-1990.0,-944.0
2026-09-22,389,8652.0,756.0,-6810.0,-6810.0,-8652.0,-2170.0
2026-09-23,0,6067.0,-607.0,-5203.0,-5203.0,-6067.0,-5863.0
2026-09-23,1,3273.0,-293.0,-2705.0,-2705.0,-3273.0,-3273.0
2026-09-23,2,2912.0,-94.0,-2452.0,-2452.0,-2912.0,-2912.0
2026-09-23,3,1784.0,230.0,-1456.0,-1456.0,-1784.0,-1704.0
2026-09-23,4,1914.0,-140.0,-1536.0,-1536.0,-1914.0,-1708.0
2026-09-23,5,3009.0,121.0,-2431.0,-2431.0,-3009.0,-2811.0
2026-09-23,6,1887.0,-11.0,-1505.0,-1505.0,-1887.0,-1779.0
2026-09-23,7,2002.0,-334.0,-1664.0,-1664.0,-2002.0,-1994.0
2026-09-23,8,2561.0,-235.0,-2125.0,-2125.0,-2561.0,-2355.0
2026-09-23,9,1717.0,179.0,-1367.0,-1367.0,-1717.0,-1637.0
2026-09-23,10,1930.0,26.0,-1518.0,-1518.0,-1930.0,-1736.0
2026-09-23,11,1596.0,88.0,-1266.0,-1266.0,-1596.0,-1568.0
2026-09-23,12,1220.0,-42.0,-996.0,-996.0,-1220.0,-1168.0
2026-09-23,13,1243.0,81.0,-1055.0,-1055.0,-1243.0,-1197.0
2026-09-23,14,862.0,-74.0,-748.0,-748.0,-862.0,-862.0
2026-09-23,15,1934.0,-132.0,-1706.0,-1706.0,-1934.0,-1934.0
2026-09-23,16,3169.0,-523.0,-2725.0,-2725.0,-3169.0,-3121.0
2026-09-23,17,3620.0,10.0,-3074.0,-3074.0,-3620.0,-3348.0
2026-09-23,18,1631.0,67.0,-1321.0,-1321.0,-1631.0,-1393.0
2026-09-23,19,1756.0,90.0,-1464.0,-1464.0,-1756.0,-1714.0
2026-09-23,20,1762.0,30.0,-1420.0,-1420.0,-1762.0,-1752.0
2026-09-23,21,1734.0,-186.0,-1364.0,-1364.0,-1734.0,-1680.0
2026-09-23,22,2633.0,117.0,-2231.0,-2231.0,-2633.0,-2531.0
2026-09-23,23,2253.0,251.0,-1835.0,-1835.0,-2253.0,-2149.0
2026-09-23,24,1662.0,-192.0,-1392.0,-1392.0,-1662.0,-1636.0
2026-09-23,25,1863.0,-81.0,-1541.0,-1541.0,-1863.0,-1753.0
2026-09-23,26,1642.0,96.0,-1314.0,-1314.0,-1642.0,-1624.0
2026-09-23,27,1337.0,165.0,-1075.0,-1075.0,-1337.0,-1313.0
2026-09-23,28,1479.0,125.0,-1205.0,-1205.0,-1479.0,-1351.0
2026-09-23,29,1344.0,-118.0,-1050.0,-1050.0,-1344.0,-1216.0
2026-09-23,30,2371.0,241.0,-1935.0,-1935.0,-2371.0,-2329.0
2026-09-23,31,1497.0,-131.0,-1205.0,-1205.0,-1497.0,-1469.0
2026-09-23,32,2353.0,-423.0,-1983.0,-1983.0,-2353.0,-2241.0
2026-09-23,33,1676.0,-96.0,-1352.0,-1352.0,-1676.0,-1674.0
2026-09-23,34,1780.0,106.0,-1416.0,-1416.0,-1780.0,-1716.0
2026-09-23,35,1575.0,-103.0,-1241.0,-1241.0,-1575.0,-1427.0
2026-09-23,36,1693.0,1.0,-1349.0,-1349.0,-1693.0,-1533.0
2026-09-23,37,2537.0,-533.0,-2155.0,-2155.0,-2537.0,-2361.0
2026-09-23,38,2020.0,-170.0,-1700.0,-1700.0,-2020.0,-1842.0
2026-09-23,39,1957.0,-137.0,-1605.0,-1605.0,-1957.0,-1791.0
2026-09-23,40,3355.0,-249.0,-2849.0,-2849.0,-3355.0,-3181.0
2026-09-23,41,3325.0,-1.0,-2827.0,-2827.0,-3325.0,-3199.0
2026-09-23,42,2320.0,10.0,-1868.0,-1868.0,-2320.0,-2210.0
2026-09-23,43,3519.0,-59.0,-3041.0,-3041.0,-3519.0,-3413.0
2026-09-23,44,2227.0,-19.0,-1791.0,-1791.0,-2227.0,-2157.0
2026-09-23,45,3042.0,170.0,-2634.0,-2634.0,-3042.0,-2986.0
2026-09-23,46,1990.0,-56.0,-1622.0,-1622.0,-1990.0,-1972.0
2026-09-23,47,3496.0,-476.0,-2972.0,-2972.0,-3496.0,-3366.0
2026-09-23,48,2200.0,-92.0,-1750.0,-1750.0,-2200.0,-2068.0
2026-09-23,49,2090.0,-216.0,-1678.0,-1678.0,-2090.0,-2030.0
2026-09-23,50,3483.0,5.0,-2815.0,-2815.0,-3483.0,-3059.0
2026-09-23,51,2294.0,-184.0,-1930.0,-1930.0,-2294.0,-2222.0
2026-09-23,52,3051.0,-243.0,-2593.0,-2593.0,-3051.0,-2945.0
2026-09-23,53,2367.0,107.0,-1895.0,-1895.0,-2367.0,-2031.0
2026-09-23,54,1774.0,136.0,-1432.0,-1432.0,-1774.0,-1564.0
2026-09-23,55,3345.0,143.0,-2927.0,-2927.0,-3345.0,-3307.0
2026-09-23,56,2625.0,-415.0,-2181.0,-2181.0,-2625.0,-2605.0
2026-09-23,57,1897.0,341.0,-1531.0,-1531.0,-1897.0,-1871.0
2026-09-23,58,1520.0,218.0,-1258.0,-1258.0,-1520.0,-1504.0
2026-09-23,59,1877.0,287.0,-1651.0,-1651.0,-1877.0,-1877.0
2026-09-23,60,2429.0,159.0,-2045.0,-2045.0,-2429.0,-2241.0
2026-09-23,61,1886.0,-196.0,-1498.0,-1498.0,-1886.0,-1812.0
2026-09-23,62,2027.0,187.0,-1683.0,-1683.0,-2027.0,-1949.0
2026-09-23,63,1764.0,204.0,-1418.0,-1418.0,-1764.0,-1646.0
2026-09-23,64,1607.0,321.0,-1345.0,-1345.0,-1607.0,-1543.0
2026-09-23,65,2201.0,177.0,-1879.0,-1879.0,-2201.0,-2131.0
2026-09-23,66,1445.0,-43.0,-1179.0,-1179.0,-1445.0,-1343.0
2026-09-23,67,2173.0,71.0,-1883.0,-1883.0,-2173.0,-2173.0
2026-09-23,68,1670.0,-178.0,-1326.0,-1326.0,-1670.0,-1670.0
2026-09-23,69,1395.0,17.0,-1153.0,-1153.0,-1395.0,-1395.0
2026-09-23,70,1543.0,177.0,-1171.0,-1171.0,-1543.0,-1369.0
2026-09-23,71,1100.0,6.0,-874.0,-874.0,-1100.0,-1032.0
2026-09-23,72,822.0,-30.0,-606.0,-606.0,-822.0,-786.0
2026-09-23,73,863.0,9.0,-667.0,-667.0,-863.0,-847.0
2026-09-23,74,1201.0,125.0,-891.0,-891.0,-1201.0,-1073.0
2026-09-23,75,1418.0,130.0,-1132.0,-1132.0,-1418.0,-1366.0
2026-09-23,76,1286.0,-16.0,-1066.0,-1066.0,-1286.0,-1258.0
2026-09-23,77,1071.0,-49.0,-859.0,-859.0,-1071.0,-1003.0
2026-09-23,78,971.0,-49.0,-783.0,-783.0,-971.0,-947.0
2026-09-23,79,762.0,88.0,-564.0,-564.0,-762.0,-738.0
2026-09-23,80,1139.0,-149.0,-879.0,-879.0,-1139.0,-1007.0
2026-09-23,81,3594.0,344.0,-3114.0,-3114.0,-3594.0,-3594.0
2026-09-23,82,2025.0,77.0,-1655.0,-1655.0,-2025.0,-1947.0
2026-09-23,83,4465.0,677.0,-3885.0,-3885.0,-4465.0,-4399.0
2026-09-23,84,3035.0,-177.0,-2577.0,-2577.0,-3035.0,-3035.0
2026-09-23,85,1983.0,-167.0,-1777.0,-1777.0,-1983.0,-1983.0
2026-09-23,89,942.0,44.0,-732.0,-732.0,-942.0,-892.0
2026-09-23,90,1668.0,-272.0,-1370.0,-1370.0,-1668.0,-1660.0
2026-09-23,91,1500.0,22.0,-1186.0,-1186.0,-1500.0,-1462.0
2026-09-23,92,1135.0,-113.0,-913.0,-913.0,-1135.0,-1125.0
2026-09-23,93,1448.0,-248.0,-1228.0,-1228.0,-1448.0,-1356.0
2026-09-23,94,776.0,6.0,-620.0,-620.0,-776.0,-756.0
2026-09-23,95,859.0,53.0,-663.0,-663.0,-859.0,-847.0
2026-09-23,96,886.0,44.0,-736.0,-736.0,-886.0,-852.0
2026-09-23,97,825.0,71.0,-671.0,-671.0,-825.0,-725.0
2026-09-23,98,567.0,95.0,-449.0,-449.0,-567.0,-549.0
2026-09-23,99,492.0,-52.0,-392.0,-392.0,-492.0,-488.0
2026-09-23,100,683.0,-5.0,-513.0,-513.0,-683.0,-595.0
2026-09-23,101,756.0,-66.0,-608.0,-608.0,-756.0,-732.0
2026-09-23,102,1097.0,171.0,-853.0,-853.0,-1097.0,-1045.0
2026-09-23,103,1172.0,-186.0,-974.0,-974.0,-1172.0,-1084.0
2026-09-23,104,786.0,14.0,-620.0,-620.0,-786.0,-672.0
2026-09-23,105,793.0,15.0,-623.0,-623.0,-793.0,-775.0
2026-09-23,106,883.0,-127.0,-731.0,-731.0,-883.0,-859.0
2026-09-23,107,1825.0,-243.0,-1541.0,-1541.0,-1825.0,-1649.0
2026-09-23,108,774.0,62.0,-606.0,-606.0,-774.0,-748.0
2026-09-23,109,966.0,160.0,-776.0,-776.0,-966.0,-884.0
2026-09-23,110,825.0,99.0,-673.0,-673.0,-825.0,-813.0
2026-09-23,111,1223.0,209.0,-1003.0,-1003.0,-1223.0,-1105.0
2026-09-23,112,1556.0,208.0,-1278.0,-1278.0,-1556.0,-1294.0
2026-09-23,113,883.0,-79.0,-701.0,-701.0,-883.0,-797.0
2026-09-23,114,622.0,-4.0,-498.0,-498.0,-622.0,-618.0
2026-09-23,115,678.0,26.0,-516.0,-516.0,-678.0,-618.0
2026-09-23,116,834.0,46.0,-642.0,-642.0,-834.0,-734.0
2026-09-23,117,790.0,-168.0,-646.0,-646.0,-790.0,-778.0
2026-09-23,118,1356.0,-392.0,-1156.0,-1156.0,-1356.0,-1216.0
2026-09-23,119,1224.0,-210.0,-1008.0,-1008.0,-1224.0,-1186.0
2026-09-23,120,1370.0,-50.0,-1106.0,-1106.0,-1370.0,-1128.0
2026-09-23,121,944.0,60.0,-784.0,-784.0,-944.0,-928.0
2026-09-23,122,754.0,-66.0,-620.0,-620.0,-754.0,-736.0
2026-09-23,123,826.0,-32.0,-706.0,-706.0,-826.0,-826.0
2026-09-23,124,640.0,56.0,-502.0,-502.0,-640.0,-634.0
2026-09-23,125,896.0,-10.0,-726.0,-726.0,-896.0,-858.0
2026-09-23,126,823.0,-37.0,-665.0,-665.0,-823.0,-737.0
2026-09-23,127,480.0,-42.0,-364.0,-364.0,-480.0,-462.0
2026-09-23,128,499.0,65.0,-393.0,-393.0,-499.0,-471.0
2026-09-23,129,510.0,40.0,-398.0,-398.0,-510.0,-456.0
2026-09-23,130,429.0,15.0,-345.0,-345.0,-429.0,-419.0
2026-09-23,131,635.0,-127.0,-515.0,-515.0,-635.0,-585.0
2026-09-23,132,579.0,29.0,-447.0,-447.0,-579.0,-545.0
2026-09-23,133,866.0,164.0,-712.0,-712.0,-866.0,-824.0
2026-09-23,134,886.0,80.0,-768.0,-768.0,-886.0,-852.0
2026-09-23,135,846.0,70.0,-696.0,-696.0,-846.0,-750.0
2026-09-23,136,676.0,-60.0,-558.0,-558.0,-676.0,-640.0
2026-09-23,137,1254.0,-330.0,-1050.0,-1050.0,-1254.0,-1114.0
2026-09-23,138,2286.0,556.0,-2014.0,-2014.0,-2286.0,-2238.0
2026-09-23,139,1436.0,104.0,-1224.0,-1224.0,-1436.0,-1316.0
2026-09-23,140,935.0,23.0,-753.0,-753.0,-935.0,-765.0
2026-09-23,141,1295.0,-71.0,-1085.0,-1085.0,-1295.0,-1195.0
2026-09-23,142,999.0,113.0,-833.0,-833.0,-999.0,-965.0
2026-09-23,143,577.0,45.0,-455.0,-455.0,-577.0,-541.0
2026-09-23,144,690.0,108.0,-544.0,-544.0,-690.0,-690.0
2026-09-23,145,711.0,15.0,-581.0,-581.0,-711.0,-641.0
2026-09-23,146,877.0,-51.0,-701.0,-701.0,-877.0,-805.0
2026-09-23,147,454.0,-60.0,-376.0,-376.0,-454.0,-446.0
2026-09-23,148,552.0,78.0,-446.0,-446.0,-552.0,-498.0
2026-09-23,149,449.0,23.0,-355.0,-355.0,-449.0,-425.0
2026-09-23,150,673.0,77.0,-529.0,-529.0,-673.0,-659.0
2026-09-23,151,647.0,5.0,-525.0,-525.0,-647.0,-619.0
2026-09-23,152,326.0,-30.0,-260.0,-260.0,-326.0,-306.0
2026-09-23,153,524.0,-30.0,-432.0,-432.0,-524.0,-490.0
2026-09-23,154,485.0,73.0,-365.0,-365.0,-485.0,-425.0
2026-09-23,155,377.0,-23.0,-295.0,-295.0,-377.0,-367.0
2026-09-23,156,496.0,-56.0,-394.0,-394.0,-496.0,-424.0
2026-09-23,157,443.0,25.0,-325.0,-325.0,-443.0,-431.0
2026-09-23,158,921.0,63.0,-801.0,-801.0,-921.0,-869.0
2026-09-23,159,378.0,32.0,-296.0,-296.0,-378.0,-352.0
2026-09-23,160,308.0,-26.0,-222.0,-222.0,-308.0,-266.0
2026-09-23,161,319.0,-1.0,-229.0,-229.0,-319.0,-295.0
2026-09-23,162,446.0,28.0,-348.0,-348.0,-446.0,-426.0
2026-09-23,163,228.0,-14.0,-174.0,-174.0,-228.0,-188.0
2026-09-23,164,357.0,-9.0,-269.0,-269.0,-357.0,-305.0
2026-09-23,165,641.0,133.0,-497.0,-497.0,-641.0,-485.0
2026-09-23,166,698.0,-22.0,-578.0,-578.0,-698.0,-636.0
2026-09-23,167,747.0,-81.0,-629.0,-629.0,-747.0,-699.0
2026-09-23,168,637.0,3.0,-507.0,-507.0,-637.0,-573.0
2026-09-23,169,608.0,70.0,-486.0,-486.0,-608.0,-572.0
2026-09-23,170,899.0,-231.0,-733.0,-733.0,-899.0,-687.0
2026-09-23,171,508.0,-46.0,-416.0,-416.0,-508.0,-494.0
2026-09-23,172,528.0,40.0,-420.0,-420.0,-528.0,-442.0
2026-09-23,173,653.0,37.0,-539.0,-539.0,-653.0,-529.0
2026-09-23,174,473.0,117.0,-201.0,-201.0,-473.0,-171.0
2026-09-23,175,450.0,84.0,-338.0,-338.0,-450.0,-406.0
2026-09-23,176,486.0,-102.0,-386.0,-386.0,-486.0,-344.0
2026-09-23,177,360.0,-18.0,-292.0,-292.0,-360.0,-290.0
2026-09-23,178,313.0,37.0,-255.0,-255.0,-313.0,-313.0
2026-09-23,179,301.0,-27.0,-239.0,-239.0,-301.0,-293.0
2026-09-23,180,704.0,128.0,-524.0,-524.0,-704.0,-496.0
2026-09-23,181,643.0,155.0,-503.0,-503.0,-643.0,-445.0
2026-09-23,182,755.0,39.0,-625.0,-625.0,-755.0,-689.0
2026-09-23,183,550.0,-26.0,-440.0,-440.0,-550.0,-494.0
2026-09-23,184,365.0,-21.0,-245.0,-245.0,-365.0,-313.0
2026-09-23,185,640.0,-28.0,-494.0,-494.0,-640.0,-588.0
2026-09-23,186,376.0,20.0,-310.0,-310.0,-376.0,-316.0
2026-09-23,187,546.0,-76.0,-434.0,-434.0,-546.0,-354.0
2026-09-23,188,364.0,-20.0,-288.0,-288.0,-364.0,-300.0
2026-09-23,189,550.0,-34.0,-426.0,-426.0,-550.0,-422.0
2026-09-23,190,656.0,-154.0,-544.0,-544.0,-656.0,-434.0
2026-09-23,191,1054.0,-32.0,-838.0,-838.0,-1054.0,-556.0
2026-09-23,192,678.0,-60.0,-534.0,-534.0,-678.0,-424.0
2026-09-23,193,682.0,-24.0,-514.0,-514.0,-682.0,-414.0
2026-09-23,194,1190.0,-262.0,-1040.0,-1040.0,-1190.0,-1142.0
2026-09-23,195,2019.0,-19.0,-1709.0,-1709.0,-2019.0,-1851.0
2026-09-23,196,1421.0,299.0,-1245.0,-1245.0,-1421.0,-1415.0
2026-09-23,197,1002.0,38.0,-796.0,-796.0,-1002.0,-856.0
2026-09-23,198,522.0,-40.0,-418.0,-418.0,-522.0,-514.0
2026-09-23,199,673.0,-101.0,-547.0,-547.0,-673.0,-629.0
2026-09-23,200,1486.0,-200.0,-1238.0,-1238.0,-1486.0,-1378.0
2026-09-23,201,1520.0,-56.0,-1256.0,-1256.0,-1520.0,-1306.0
2026-09-23,202,997.0,-5.0,-783.0,-783.0,-997.0,-857.0
2026-09-23,203,869.0,-11.0,-735.0,-735.0,-869.0,-827.0
2026-09-23,204,578.0,-28.0,-474.0,-474.0,-578.0,-554.0
2026-09-23,205,831.0,41.0,-667.0,-667.0,-831.0,-805.0
2026-09-23,206,586.0,-6.0,-456.0,-456.0,-586.0,-586.0
2026-09-23,207,930.0,-10.0,-742.0,-742.0,-930.0,-918.0
2026-09-23,208,758.0,114.0,-560.0,-560.0,-758.0,-588.0
2026-09-23,209,580.0,-4.0,-424.0,-424.0,-580.0,-440.0
2026-09-23,210,1175.0,207.0,-983.0,-983.0,-1175.0,-1169.0
2026-09-23,211,929.0,143.0,-803.0,-803.0,-929.0,-929.0
2026-09-23,212,2594.0,-486.0,-2164.0,-2164.0,-2594.0,-2554.0
2026-09-23,213,1562.0,-62.0,-1302.0,-1302.0,-1562.0,-1550.0
2026-09-23,214,1120.0,46.0,-902.0,-902.0,-1120.0,-1094.0
2026-09-23,215,1122.0,74.0,-908.0,-908.0,-1122.0,-1116.0
2026-09-23,216,858.0,-138.0,-686.0,-686.0,-858.0,-850.0
2026-09-23,217,534.0,-10.0,-410.0,-410.0,-534.0,-522.0
2026-09-23,218,598.0,68.0,-458.0,-458.0,-598.0,-546.0
2026-09-23,219,822.0,104.0,-654.0,-654.0,-822.0,-784.0
2026-09-23,220,829.0,-103.0,-647.0,-647.0,-829.0,-787.0
2026-09-23,221,794.0,-48.0,-614.0,-614.0,-794.0,-714.0
2026-09-23,222,817.0,47.0,-673.0,-673.0,-817.0,-747.0
2026-09-23,223,663.0,47.0,-541.0,-541.0,-663.0,-613.0
2026-09-23,224,559.0,49.0,-461.0,-461.0,-559.0,-547.0
2026-09-23,225,868.0,168.0,-698.0,-698.0,-868.0,-818.0
2026-09-23,226,667.0,39.0,-545.0,-545.0,-667.0,-613.0
2026-09-23,227,825.0,81.0,-695.0,-695.0,-825.0,-793.0
2026-09-23,228,876.0,76.0,-706.0,-706.0,-876.0,-848.0
2026-09-23,229,1332.0,170.0,-1068.0,-1068.0,-1332.0,-1058.0
2026-09-23,230,952.0,-26.0,-770.0,-770.0,-952.0,-934.0
2026-09-23,231,822.0,-98.0,-638.0,-638.0,-822.0,-772.0
2026-09-23,232,646.0,98.0,-492.0,-492.0,-646.0,-620.0
2026-09-23,233,716.0,-142.0,-608.0,-608.0,-716.0,-678.0
2026-09-23,234,1090.0,-242.0,-918.0,-918.0,-1090.0,-996.0
2026-09-23,235,878.0,70.0,-714.0,-714.0,-878.0,-806.0
2026-09-23,236,574.0,40.0,-446.0,-446.0,-574.0,-544.0
2026-09-23,237,343.0,11.0,-287.0,-287.0,-343.0,-317.0
2026-09-23,238,587.0,-81.0,-489.0,-489.0,-587.0,-575.0
2026-09-23,239,535.0,11.0,-409.0,-409.0,-535.0,-511.0
2026-09-23,240,760.0,-20.0,-610.0,-610.0,-760.0,-712.0
2026-09-23,241,803.0,111.0,-607.0,-607.0,-803.0,-597.0
2026-09-23,242,624.0,52.0,-502.0,-502.0,-624.0,-576.0
2026-09-23,243,883.0,237.0,-757.0,-757.0,-883.0,-879.0
2026-09-23,244,521.0,-11.0,-411.0,-411.0,-521.0,-449.0
2026-09-23,245,546.0,-68.0,-444.0,-444.0,-546.0,-528.0
2026-09-23,246,496.0,-58.0,-396.0,-396.0,-496.0,-488.0
2026-09-23,247,547.0,83.0,-419.0,-419.0,-547.0,-427.0
2026-09-23,248,375.0,27.0,-293.0,-293.0,-375.0,-363.0
2026-09-23,249,503.0,-49.0,-405.0,-405.0,-503.0,-479.0
2026-09-23,250,1938.0,138.0,-1576.0,-1576.0,-1938.0,-1566.0
2026-09-23,251,1298.0,46.0,-994.0,-994.0,-1298.0,-1250.0
2026-09-23,252,1249.0,171.0,-1013.0,-1013.0,-1249.0,-1249.0
2026-09-23,253,1708.0,208.0,-1408.0,-1408.0,-1708.0,-1594.0
2026-09-23,254,925.0,-31.0,-727.0,-727.0,-925.0,-871.0
2026-09-23,255,1126.0,72.0,-886.0,-886.0,-1126.0,-996.0
2026-09-23,256,1105.0,95.0,-869.0,-869.0,-1105.0,-1091.0
2026-09-23,257,784.0,-80.0,-598.0,-598.0,-784.0,-756.0
2026-09-23,258,1022.0,-70.0,-842.0,-842.0,-1022.0,-998.0
2026-09-23,259,538.0,126.0,-398.0,-398.0,-538.0,-522.0
2026-09-23,260,524.0,-2.0,-414.0,-414.0,-524.0,-478.0
2026-09-23,261,418.0,-48.0,-328.0,-328.0,-418.0,-368.0
2026-09-23,262,336.0,2.0,-222.0,-222.0,-336.0,-282.0
2026-09-23,263,501.0,-33.0,-383.0,-383.0,-501.0,-391.0
2026-09-23,264,673.0,-19.0,-545.0,-545.0,-673.0,-609.0
2026-09-23,265,366.0,18.0,-306.0,-306.0,-366.0,-354.0
2026-09-23,266,383.0,11.0,-291.0,-291.0,-383.0,-379.0
2026-09-23,267,721.0,139.0,-577.0,-577.0,-721.0,-635.0
2026-09-23,268,585.0,89.0,-433.0,-433.0,-585.0,-365.0
2026-09-23,269,748.0,38.0,-602.0,-602.0,-748.0,-576.0
2026-09-23,270,850.0,-50.0,-682.0,-682.0,-850.0,-782.0
2026-09-23,271,759.0,-81.0,-647.0,-647.0,-759.0,-737.0
2026-09-23,272,856.0,-112.0,-702.0,-702.0,-856.0,-798.0
2026-09-23,273,774.0,-138.0,-644.0,-644.0,-774.0,-728.0
2026-09-23,274,725.0,-139.0,-587.0,-587.0,-725.0,-703.0
2026-09-23,275,796.0,68.0,-658.0,-658.0,-796.0,-744.0
2026-09-23,276,957.0,103.0,-773.0,-773.0,-957.0,-829.0
2026-09-23,277,390.0,24.0,-280.0,-280.0,-390.0,-390.0
2026-09-23,278,377.0,-3.0,-285.0,-285.0,-377.0,-351.0
2026-09-23,279,368.0,-6.0,-270.0,-270.0,-368.0,-338.0
2026-09-23,280,407.0,-29.0,-299.0,-299.0,-407.0,-385.0
2026-09-23,281,385.0,35.0,-291.0,-291.0,-385.0,-347.0
2026-09-23,282,288.0,28.0,-222.0,-222.0,-288.0,-256.0
2026-09-23,283,512.0,76.0,-400.0,-400.0,-512.0,-462.0
2026-09-23,284,314.0,38.0,-264.0,-264.0,-314.0,-314.0
2026-09-23,285,619.0,-1.0,-487.0,-487.0,-619.0,-593.0
2026-09-23,286,744.0,-36.0,-638.0,-638.0,-744.0,-636.0
2026-09-23,287,655.0,69.0,-545.0,-545.0,-655.0,-611.0
2026-09-23,288,708.0,68.0,-568.0,-568.0,-708.0,-654.0
2026-09-23,289,462.0,-84.0,-374.0,-374.0,-462.0,-354.0
2026-09-23,290,501.0,-29.0,-397.0,-397.0,-501.0,-443.0
2026-09-23,291,692.0,-112.0,-576.0,-576.0,-692.0,-682.0
2026-09-23,292,347.0,1.0,-247.0,-247.0,-347.0,-323.0
2026-09-23,293,469.0,35.0,-349.0,-349.0,-469.0,-425.0
2026-09-23,294,320.0,36.0,-242.0,-242.0,-320.0,-306.0
2026-09-23,295,397.0,-31.0,-313.0,-313.0,-397.0,-311.0
2026-09-23,296,332.0,24.0,-256.0,-256.0,-332.0,-308.0
2026-09-23,297,395.0,31.0,-331.0,-331.0,-395.0,-383.0
2026-09-23,298,672.0,-90.0,-506.0,-506.0,-672.0,-672.0
2026-09-23,299,304.0,-16.0,-232.0,-232.0,-304.0,-258.0
2026-09-23,300,553.0,-49.0,-441.0,-441.0,-553.0,-489.0
2026-09-23,301,591.0,-37.0,-481.0,-481.0,-591.0,-547.0
2026-09-23,302,301.0,43.0,-219.0,-219.0,-301.0,-301.0
2026-09-23,303,238.0,14.0,-198.0,-198.0,-238.0,-236.0
2026-09-23,304,442.0,2.0,-354.0,-354.0,-442.0,-422.0
2026-09-23,305,294.0,-4.0,-222.0,-222.0,-294.0,-226.0
2026-09-23,306,274.0,-16.0,-214.0,-214.0,-274.0,-270.0
2026-09-23,307,463.0,-111.0,-369.0,-369.0,-463.0,-435.0
2026-09-23,308,778.0,-46.0,-644.0,-644.0,-778.0,-710.0
2026-09-23,309,462.0,72.0,-366.0,-366.0,-462.0,-452.0
2026-09-23,310,429.0,61.0,-313.0,-313.0,-429.0,-323.0
2026-09-23,311,406.0,4.0,-314.0,-314.0,-406.0,-336.0
2026-09-23,312,373.0,99.0,-301.0,-301.0,-373.0,-335.0
2026-09-23,313,489.0,27.0,-351.0,-351.0,-489.0,-381.0
2026-09-23,314,371.0,-87.0,-291.0,-291.0,-371.0,-307.0
2026-09-23,315,282.0,-6.0,-208.0,-208.0,-282.0,-256.0
2026-09-23,316,389.0,-25.0,-305.0,-305.0,-389.0,-321.0
2026-09-23,317,283.0,35.0,-223.0,-223.0,-283.0,-223.0
2026-09-23,318,562.0,66.0,-388.0,-388.0,-562.0,-348.0
2026-09-23,319,498.0,52.0,-392.0,-392.0,-498.0,-368.0
2026-09-23,320,792.0,-32.0,-678.0,-678.0,-792.0,-734.0
2026-09-23,321,405.0,39.0,-315.0,-315.0,-405.0,-335.0
2026-09-23,322,670.0,-54.0,-530.0,-530.0,-670.0,-542.0
2026-09-23,323,354.0,24.0,-252.0,-252.0,-354.0,-140.0
2026-09-23,324,473.0,-37.0,-349.0,-349.0,-473.0,-403.0
2026-09-23,325,468.0,134.0,-326.0,-326.0,-468.0,-358.0
2026-09-23,326,434.0,44.0,-312.0,-312.0,-434.0,-298.0
2026-09-23,327,377.0,1.0,-275.0,-275.0,-377.0,-279.0
2026-09-23,328,456.0,-26.0,-362.0,-362.0,-456.0,-372.0
2026-09-23,329,383.0,-73.0,-313.0,-313.0,-383.0,-241.0
2026-09-23,330,582.0,-52.0,-468.0,-468.0,-582.0,-506.0
2026-09-23,331,445.0,37.0,-357.0,-357.0,-445.0,-439.0
2026-09-23,332,333.0,25.0,-257.0,-257.0,-333.0,-289.0
2026-09-23,333,633.0,-77.0,-543.0,-543.0,-633.0,-565.0
2026-09-23,334,438.0,-12.0,-350.0,-350.0,-438.0,-358.0
2026-09-23,335,519.0,-23.0,-419.0,-419.0,-519.0,-495.0
2026-09-23,336,843.0,165.0,-707.0,-707.0,-843.0,-755.0
2026-09-23,337,1264.0,230.0,-1086.0,-1086.0,-1264.0,-1222.0
2026-09-23,338,746.0,44.0,-642.0,-642.0,-746.0,-718.0
2026-09-23,339,806.0,-80.0,-670.0,-670.0,-806.0,-622.0
2026-09-23,340,408.0,10.0,-306.0,-306.0,-408.0,-382.0
2026-09-23,341,309.0,-9.0,-229.0,-229.0,-309.0,-263.0
2026-09-23,342,550.0,-78.0,-454.0,-454.0,-550.0,-534.0
2026-09-23,343,556.0,14.0,-448.0,-448.0,-556.0,-520.0
2026-09-23,344,338.0,-10.0,-268.0,-268.0,-338.0,-306.0
2026-09-23,345,526.0,-126.0,-402.0,-402.0,-526.0,-380.0
2026-09-23,346,750.0,-46.0,-610.0,-610.0,-750.0,-654.0
2026-09-23,347,463.0,35.0,-371.0,-371.0,-463.0,-411.0
2026-09-23,348,425.0,41.0,-327.0,-327.0,-425.0,-375.0
2026-09-23,349,399.0,13.0,-283.0,-283.0,-399.0,-313.0
2026-09-23,350,498.0,-34.0,-416.0,-416.0,-498.0,-428.0
2026-09-23,351,452.0,-8.0,-368.0,-368.0,-452.0,-368.0
2026-09-23,352,230.0,-2.0,-174.0,-174.0,-230.0,-188.0
2026-09-23,353,324.0,30.0,-256.0,-256.0,-324.0,-258.0
2026-09-23,354,328.0,10.0,-266.0,-266.0,-328.0,-272.0
2026-09-23,355,604.0,94.0,-496.0,-496.0,-604.0,-520.0
2026-09-23,356,524.0,-42.0,-428.0,-428.0,-524.0,-446.0
2026-09-23,357,427.0,79.0,-323.0,-323.0,-427.0,-303.0
2026-09-23,358,373.0,35.0,-299.0,-299.0,-373.0,-337.0
2026-09-23,359,458.0,62.0,-384.0,-384.0,-458.0,-410.0
2026-09-23,360,1112.0,4.0,-926.0,-926.0,-1112.0,-922.0
2026-09-23,361,396.0,28.0,-280.0,-280.0,-396.0,-300.0
2026-09-23,362,563.0,175.0,-473.0,-473.0,-563.0,-549.0
2026-09-23,363,618.0,56.0,-498.0,-498.0,-618.0,-584.0
2026-09-23,364,491.0,71.0,-357.0,-357.0,-491.0,-395.0
2026-09-23,365,851.0,-155.0,-697.0,-697.0,-851.0,-735.0
2026-09-23,366,504.0,54.0,-424.0,-424.0,-504.0,-464.0
2026-09-23,367,553.0,11.0,-467.0,-467.0,-553.0,-479.0
2026-09-23,368,439.0,-63.0,-371.0,-371.0,-439.0,-379.0
2026-09-23,369,475.0,73.0,-317.0,-317.0,-475.0,-387.0
2026-09-23,370,474.0,76.0,-380.0,-380.0,-474.0,-458.0
2026-09-23,371,373.0,-59.0,-291.0,-291.0,-373.0,-331.0
2026-09-23,372,1112.0,-230.0,-896.0,-896.0,-1112.0,-684.0
2026-09-23,373,1057.0,27.0,-849.0,-849.0,-1057.0,-895.0
2026-09-23,374,899.0,-81.0,-745.0,-745.0,-899.0,-683.0
2026-09-23,375,855.0,37.0,-675.0,-675.0,-855.0,-807.0
2026-09-23,376,563.0,-53.0,-451.0,-451.0,-563.0,-483.0
2026-09-23,377,798.0,36.0,-624.0,-624.0,-798.0,-702.0
2026-09-23,378,637.0,-11.0,-499.0,-499.0,-637.0,-595.0
2026-09-23,379,786.0,72.0,-622.0,-622.0,-786.0,-708.0
2026-09-23,380,2480.0,-58.0,-2076.0,-2076.0,-2480.0,-2438.0
2026-09-23,381,1391.0,-139.0,-1109.0,-1109.0,-1391.0,-1321.0
2026-09-23,382,1931.0,-107.0,-1681.0,-1681.0,-1931.0,-1897.0
2026-09-23,383,1978.0,288.0,-1696.0,-1696.0,-1978.0,-1862.0
2026-09-23,384,2636.0,-174.0,-2144.0,-2144.0,-2636.0,-1974.0
2026-09-23,385,2795.0,273.0,-2289.0,-2289.0,-2795.0,-2311.0
2026-09-23,386,1756.0,94.0,-1476.0,-1476.0,-1756.0,-1534.0
2026-09-23,387,1718.0,150.0,-1352.0,-1352.0,-1718.0,-1352.0
2026-09-23,388,1638.0,62.0,-1340.0,-1340.0,-1638.0,-1362.0
2026-09-23,389,10196.0,252.0,-8238.0,-8238.0,-10196.0,-5172.0
2026-09-24,0,6695.0,-317.0,-5865.0,-5865.0,-6695.0,-6695.0
2026-09-24,1,1666.0,-180.0,-1456.0,-1456.0,-1666.0,-1618.0
2026-09-24,4,265.0,55.0,-223.0,-223.0,-265.0,-265.0
2026-09-24,5,3757.0,143.0,-3033.0,-3033.0,-3757.0,-3693.0
2026-09-24,6,3369.0,255.0,-2707.0,-2707.0,-3369.0,-3213.0
2026-09-24,7,2255.0,-21.0,-1861.0,-1861.0,-2255.0,-2205.0
2026-09-24,8,2922.0,296.0,-2468.0,-2468.0,-2922.0,-2762.0
2026-09-24,9,1927.0,-125.0,-1567.0,-1567.0,-1927.0,-1833.0
2026-09-24,10,2391.0,-129.0,-1963.0,-1963.0,-2391.0,-2389.0
2026-09-24,11,2361.0,-349.0,-2005.0,-2005.0,-2361.0,-2291.0
2026-09-24,12,2209.0,97.0,-1821.0,-1821.0,-2209.0,-2065.0
2026-09-24,13,1648.0,118.0,-1282.0,-1282.0,-1648.0,-1534.0
2026-09-24,14,1841.0,211.0,-1433.0,-1433.0,-1841.0,-1627.0
2026-09-24,15,2837.0,287.0,-2237.0,-2237.0,-2837.0,-2603.0
2026-09-24,16,2146.0,318.0,-1776.0,-1776.0,-2146.0,-2134.0
2026-09-24,17,2682.0,258.0,-2220.0,-2220.0,-2682.0,-2164.0
2026-09-24,18,2754.0,-244.0,-2328.0,-2328.0,-2754.0,-2564.0
2026-09-24,19,2381.0,-49.0,-1957.0,-1957.0,-2381.0,-2203.0
2026-09-24,20,2009.0,-49.0,-1595.0,-1595.0,-2009.0,-1803.0
2026-09-24,21,1667.0,-137.0,-1341.0,-1341.0,-1667.0,-1657.0
2026-09-24,22,1631.0,17.0,-1303.0,-1303.0,-1631.0,-1621.0
2026-09-24,23,1699.0,-121.0,-1417.0,-1417.0,-1699.0,-1637.0
2026-09-24,24,2364.0,-280.0,-1910.0,-1910.0,-2364.0,-2170.0
2026-09-24,25,1964.0,94.0,-1602.0,-1602.0,-1964.0,-1864.0
2026-09-24,26,1521.0,-49.0,-1185.0,-1185.0,-1521.0,-1333.0
2026-09-24,27,1161.0,25.0,-909.0,-909.0,-1161.0,-1127.0
2026-09-24,28,1163.0,113.0,-981.0,-981.0,-1163.0,-1139.0
2026-09-24,29,1538.0,238.0,-1266.0,-1266.0,-1538.0,-1390.0
2026-09-24,30,2513.0,213.0,-2055.0,-2055.0,-2513.0,-2427.0
2026-09-24,31,1754.0,-114.0,-1406.0,-1406.0,-1754.0,-1646.0
2026-09-24,32,1135.0,39.0,-879.0,-879.0,-1135.0,-1043.0
2026-09-24,33,1050.0,28.0,-800.0,-800.0,-1050.0,-1016.0
2026-09-24,34,1457.0,99.0,-1101.0,-1101.0,-1457.0,-1283.0
2026-09-24,35,1001.0,39.0,-771.0,-771.0,-1001.0,-949.0
2026-09-24,36,1102.0,-78.0,-908.0,-908.0,-1102.0,-1068.0
2026-09-24,37,1212.0,144.0,-926.0,-926.0,-1212.0,-1024.0
2026-09-24,38,903.0,-119.0,-693.0,-693.0,-903.0,-799.0
2026-09-24,39,690.0,-16.0,-558.0,-558.0,-690.0,-684.0
2026-09-24,40,1761.0,-181.0,-1395.0,-1395.0,-1761.0,-1713.0
2026-09-24,41,1223.0,-271.0,-975.0,-975.0,-1223.0,-1193.0
2026-09-24,42,1033.0,-93.0,-791.0,-791.0,-1033.0,-1017.0
2026-09-24,43,1020.0,84.0,-798.0,-798.0,-1020.0,-1014.0
2026-09-24,44,896.0,46.0,-668.0,-668.0,-896.0,-836.0
2026-09-24,45,1604.0,-206.0,-1286.0,-1286.0,-1604.0,-1510.0
2026-09-24,46,952.0,24.0,-744.0,-744.0,-952.0,-936.0
2026-09-24,47,1539.0,-83.0,-1247.0,-1247.0,-1539.0,-1445.0
2026-09-24,48,1647.0,207.0,-1289.0,-1289.0,-1647.0,-1543.0
2026-09-24,49,1180.0,82.0,-984.0,-984.0,-1180.0,-1158.0
2026-09-24,50,876.0,26.0,-682.0,-682.0,-876.0,-820.0
2026-09-24,51,991.0,3.0,-743.0,-743.0,-991.0,-807.0
2026-09-24,52,739.0,-25.0,-563.0,-563.0,-739.0,-687.0
2026-09-24,53,1209.0,185.0,-931.0,-931.0,-1209.0,-1059.0
2026-09-24,54,836.0,-40.0,-640.0,-640.0,-836.0,-814.0
2026-09-24,55,1049.0,41.0,-817.0,-817.0,-1049.0,-1031.0
2026-09-24,56,1065.0,71.0,-839.0,-839.0,-1065.0,-999.0
2026-09-24,57,2317.0,329.0,-1911.0,-1911.0,-2317.0,-2237.0
2026-09-24,58,1316.0,-126.0,-1024.0,-1024.0,-1316.0,-1182.0
2026-09-24,59,1410.0,-94.0,-1106.0,-1106.0,-1410.0,-1182.0
2026-09-24,60,1619.0,-197.0,-1283.0,-1283.0,-1619.0,-1559.0
2026-09-24,61,965.0,135.0,-751.0,-751.0,-965.0,-931.0
2026-09-24,62,1199.0,27.0,-935.0,-935.0,-1199.0,-1149.0
2026-09-24,63,1097.0,85.0,-881.0,-881.0,-1097.0,-1011.0
2026-09-24,64,871.0,49.0,-667.0,-667.0,-871.0,-767.0
2026-09-24,65,1049.0,35.0,-723.0,-723.0,-1049.0,-619.0
2026-09-24,66,1304.0,-136.0,-1056.0,-1056.0,-1304.0,-1218.0
2026-09-24,67,772.0,-64.0,-614.0,-614.0,-772.0,-758.0
2026-09-24,68,715.0,-49.0,-601.0,-601.0,-715.0,-699.0
2026-09-24,69,1166.0,-150.0,-912.0,-912.0,-1166.0,-1068.0
2026-09-24,70,759.0,-13.0,-601.0,-601.0,-759.0,-729.0
2026-09-24,71,671.0,-25.0,-495.0,-495.0,-671.0,-609.0
2026-09-24,72,989.0,-29.0,-749.0,-749.0,-989.0,-927.0
2026-09-24,73,1140.0,-158.0,-946.0,-946.0,-1140.0,-1138.0
2026-09-24,74,1489.0,-121.0,-1227.0,-1227.0,-1489.0,-1357.0
2026-09-24,75,1252.0,-86.0,-996.0,-996.0,-1252.0,-1202.0
2026-09-24,76,1076.0,0.0,-792.0,-792.0,-1076.0,-924.0
2026-09-24,77,1581.0,135.0,-1313.0,-1313.0,-1581.0,-1509.0
2026-09-24,78,752.0,-6.0,-584.0,-584.0,-752.0,-732.0
2026-09-24,79,682.0,-24.0,-508.0,-508.0,-682.0,-634.0
2026-09-24,80,2020.0,58.0,-1694.0,-1694.0,-2020.0,-2010.0
2026-09-24,81,1099.0,-101.0,-837.0,-837.0,-1099.0,-1061.0
2026-09-24,82,1065.0,-141.0,-887.0,-887.0,-1065.0,-1033.0
2026-09-24,83,1690.0,-192.0,-1418.0,-1418.0,-1690.0,-1626.0
2026-09-24,84,855.0,-35.0,-673.0,-673.0,-855.0,-787.0
2026-09-24,85,1440.0,-184.0,-1214.0,-1214.0,-1440.0,-1384.0
2026-09-24,86,794.0,14.0,-584.0,-584.0,-794.0,-774.0
2026-09-24,87,997.0,-81.0,-809.0,-809.0,-997.0,-973.0
2026-09-24,88,1382.0,26.0,-1176.0,-1176.0,-1382.0,-1290.0
2026-09-24,89,1023.0,23.0,-823.0,-823.0,-1023.0,-963.0
2026-09-24,90,1724.0,280.0,-1396.0,-1396.0,-1724.0,-1280.0
2026-09-24,91,839.0,121.0,-585.0,-585.0,-839.0,-793.0
2026-09-24,92,1575.0,61.0,-1313.0,-1313.0,-1575.0,-1413.0
2026-09-24,93,1100.0,144.0,-878.0,-878.0,-1100.0,-1024.0
2026-09-24,94,1149.0,-1.0,-957.0,-957.0,-1149.0,-1109.0
2026-09-24,95,1705.0,7.0,-1473.0,-1473.0,-1705.0,-1575.0
2026-09-24,96,1396.0,-146.0,-1034.0,-1034.0,-1396.0,-1352.0
2026-09-24,97,1190.0,-54.0,-938.0,-938.0,-1190.0,-1024.0
2026-09-24,98,987.0,-15.0,-801.0,-801.0,-987.0,-941.0
2026-09-24,99,1113.0,-205.0,-937.0,-937.0,-1113.0,-1021.0
2026-09-24,100,885.0,101.0,-671.0,-671.0,-885.0,-803.0
2026-09-24,101,774.0,20.0,-612.0,-612.0,-774.0,-638.0
2026-09-24,102,1302.0,-102.0,-1086.0,-1086.0,-1302.0,-1226.0
2026-09-24,103,1524.0,-94.0,-1222.0,-1222.0,-1524.0,-1410.0
2026-09-24,104,1201.0,-59.0,-981.0,-981.0,-1201.0,-1079.0
2026-09-24,105,1478.0,180.0,-1182.0,-1182.0,-1478.0,-1372.0
2026-09-24,106,2683.0,423.0,-2381.0,-2381.0,-2683.0,-2683.0
2026-09-24,107,1193.0,-59.0,-937.0,-937.0,-1193.0,-1171.0
2026-09-24,108,1001.0,-163.0,-835.0,-835.0,-1001.0,-965.0
2026-09-24,109,759.0,-99.0,-567.0,-567.0,-759.0,-691.0
2026-09-24,110,935.0,-99.0,-765.0,-765.0,-935.0,-895.0
2026-09-24,111,1070.0,76.0,-844.0,-844.0,-1070.0,-1026.0
2026-09-24,112,935.0,65.0,-759.0,-759.0,-935.0,-889.0
2026-09-24,113,1221.0,139.0,-977.0,-977.0,-1221.0,-1137.0
2026-09-24,114,1180.0,128.0,-970.0,-970.0,-1180.0,-1110.0
2026-09-24,115,1411.0,-247.0,-1183.0,-1183.0,-1411.0,-1187.0
2026-09-24,116,989.0,-125.0,-775.0,-775.0,-989.0,-963.0
2026-09-24,117,848.0,22.0,-700.0,-700.0,-848.0,-838.0
2026-09-24,118,774.0,-74.0,-646.0,-646.0,-774.0,-770.0
2026-09-24,119,837.0,-27.0,-639.0,-639.0,-837.0,-777.0
2026-09-24,120,948.0,-14.0,-752.0,-752.0,-948.0,-884.0
2026-09-24,121,742.0,38.0,-566.0,-566.0,-742.0,-630.0
2026-09-24,122,1090.0,42.0,-884.0,-884.0,-1090.0,-962.0
2026-09-24,123,543.0,-31.0,-417.0,-417.0,-543.0,-521.0
2026-09-24,124,892.0,138.0,-698.0,-698.0,-892.0,-788.0
2026-09-24,125,1125.0,111.0,-865.0,-865.0,-1125.0,-1075.0
2026-09-24,126,1291.0,87.0,-1043.0,-1043.0,-1291.0,-1023.0
2026-09-24,127,720.0,60.0,-546.0,-546.0,-720.0,-602.0
2026-09-24,128,640.0,-64.0,-506.0,-506.0,-640.0,-560.0
2026-09-24,129,1092.0,-90.0,-874.0,-874.0,-1092.0,-870.0
2026-09-24,130,635.0,-5.0,-497.0,-497.0,-635.0,-619.0
2026-09-24,131,569.0,101.0,-451.0,-451.0,-569.0,-555.0
2026-09-24,132,710.0,-118.0,-574.0,-574.0,-710.0,-648.0
2026-09-24,133,720.0,30.0,-568.0,-568.0,-720.0,-702.0
2026-09-24,134,875.0,233.0,-723.0,-723.0,-875.0,-791.0
2026-09-24,135,951.0,23.0,-779.0,-779.0,-951.0,-865.0
2026-09-24,136,778.0,-156.0,-644.0,-644.0,-778.0,-768.0
2026-09-24,137,621.0,-11.0,-513.0,-513.0,-621.0,-577.0
2026-09-24,138,888.0,-168.0,-742.0,-742.0,-888.0,-864.0
2026-09-24,139,955.0,89.0,-777.0,-777.0,-955.0,-867.0
2026-09-24,140,1301.0,217.0,-1039.0,-1039.0,-1301.0,-1233.0
2026-09-24,141,1129.0,43.0,-879.0,-879.0,-1129.0,-961.0
2026-09-24,142,1259.0,175.0,-1073.0,-1073.0,-1259.0,-1067.0
2026-09-24,143,1011.0,-75.0,-803.0,-803.0,-1011.0,-783.0
2026-09-24,144,1092.0,-64.0,-880.0,-880.0,-1092.0,-822.0
2026-09-24,145,734.0,-56.0,-606.0,-606.0,-734.0,-648.0
2026-09-24,146,1432.0,66.0,-1188.0,-1188.0,-1432.0,-1026.0
2026-09-24,147,610.0,-28.0,-482.0,-482.0,-610.0,-562.0
2026-09-24,148,695.0,-11.0,-533.0,-533.0,-695.0,-563.0
2026-09-24,149,568.0,-116.0,-430.0,-430.0,-568.0,-532.0
2026-09-24,150,1349.0,-153.0,-1115.0,-1115.0,-1349.0,-1245.0
2026-09-24,151,846.0,24.0,-652.0,-652.0,-846.0,-810.0
2026-09-24,152,465.0,3.0,-339.0,-339.0,-465.0,-413.0
2026-09-24,153,405.0,-1.0,-313.0,-313.0,-405.0,-389.0
2026-09-24,154,457.0,67.0,-329.0,-329.0,-457.0,-383.0
2026-09-24,155,603.0,23.0,-463.0,-463.0,-603.0,-519.0
2026-09-24,156,667.0,-113.0,-509.0,-509.0,-667.0,-635.0
2026-09-24,157,717.0,-45.0,-563.0,-563.0,-717.0,-657.0
2026-09-24,158,394.0,20.0,-318.0,-318.0,-394.0,-378.0
2026-09-24,159,367.0,3.0,-265.0,-265.0,-367.0,-349.0
2026-09-24,160,487.0,27.0,-361.0,-361.0,-487.0,-441.0
2026-09-24,161,764.0,-126.0,-618.0,-618.0,-764.0,-650.0
2026-09-24,162,547.0,13.0,-423.0,-423.0,-547.0,-485.0
2026-09-24,163,603.0,103.0,-457.0,-457.0,-603.0,-585.0
2026-09-24,164,1399.0,307.0,-1031.0,-1031.0,-1399.0,-885.0
2026-09-24,165,3661.0,451.0,-3231.0,-3231.0,-3661.0,-3661.0
2026-09-24,169,3962.0,-378.0,-3376.0,-3376.0,-3962.0,-3950.0
2026-09-24,170,1778.0,144.0,-1504.0,-1504.0,-1778.0,-1744.0
2026-09-24,174,675.0,1.0,-545.0,-541.0,-675.0,-675.0
2026-09-24,175,1880.0,-280.0,-1554.0,-1554.0,-1880.0,-1838.0
2026-09-24,176,1476.0,24.0,-1148.0,-1148.0,-1476.0,-1448.0
2026-09-24,177,1685.0,217.0,-1359.0,-1359.0,-1685.0,-1679.0
2026-09-24,178,2094.0,208.0,-1670.0,-1670.0,-2094.0,-2032.0
2026-09-24,179,1070.0,22.0,-842.0,-842.0,-1070.0,-1070.0
2026-09-24,180,1099.0,-89.0,-843.0,-843.0,-1099.0,-1069.0
2026-09-24,181,1196.0,-152.0,-960.0,-960.0,-1196.0,-1156.0
2026-09-24,182,1134.0,-36.0,-940.0,-940.0,-1134.0,-1126.0
2026-09-24,183,1111.0,83.0,-841.0,-841.0,-1111.0,-1049.0
2026-09-24,184,1038.0,22.0,-804.0,-804.0,-1038.0,-988.0
2026-09-24,185,1182.0,184.0,-932.0,-932.0,-1182.0,-1162.0
2026-09-24,186,1734.0,70.0,-1392.0,-1392.0,-1734.0,-1718.0
2026-09-24,187,1743.0,63.0,-1407.0,-1407.0,-1743.0,-1667.0
2026-09-24,188,900.0,-14.0,-722.0,-722.0,-900.0,-878.0
2026-09-24,189,928.0,-10.0,-700.0,-700.0,-928.0,-862.0
2026-09-24,190,1782.0,266.0,-1388.0,-1388.0,-1782.0,-1586.0
2026-09-24,191,2136.0,-38.0,-1732.0,-1732.0,-2136.0,-1974.0
2026-09-24,192,2048.0,168.0,-1612.0,-1612.0,-2048.0,-2016.0
2026-09-24,193,1889.0,-337.0,-1579.0,-1579.0,-1889.0,-1747.0
2026-09-24,194,1836.0,-258.0,-1492.0,-1492.0,-1836.0,-1672.0
2026-09-24,195,2403.0,-189.0,-1931.0,-1931.0,-2403.0,-2329.0
2026-09-24,196,2001.0,141.0,-1687.0,-1687.0,-2001.0,-1981.0
2026-09-24,197,1607.0,-29.0,-1303.0,-1303.0,-1607.0,-1607.0
2026-09-24,198,1817.0,355.0,-1489.0,-1489.0,-1817.0,-1817.0
2026-09-24,199,1437.0,83.0,-1177.0,-1177.0,-1437.0,-1379.0
2026-09-24,200,1548.0,-136.0,-1288.0,-1288.0,-1548.0,-1530.0
2026-09-24,201,1588.0,84.0,-1288.0,-1288.0,-1588.0,-1554.0
2026-09-24,202,1361.0,-251.0,-1067.0,-1067.0,-1361.0,-1339.0
2026-09-24,203,1185.0,-127.0,-925.0,-925.0,-1185.0,-1117.0
2026-09-24,204,1075.0,35.0,-829.0,-829.0,-1075.0,-1059.0
2026-09-24,205,1057.0,61.0,-843.0,-843.0,-1057.0,-1057.0
2026-09-24,206,1205.0,143.0,-953.0,-953.0,-1205.0,-1199.0
2026-09-24,207,1508.0,-54.0,-1250.0,-1250.0,-1508.0,-1500.0
2026-09-24,208,1108.0,-46.0,-920.0,-920.0,-1108.0,-1078.0
2026-09-24,209,810.0,-66.0,-652.0,-652.0,-810.0,-776.0
2026-09-24,210,1502.0,-170.0,-1242.0,-1242.0,-1502.0,-1460.0
2026-09-24,211,1109.0,79.0,-935.0,-935.0,-1109.0,-1109.0
2026-09-24,212,1497.0,47.0,-1247.0,-1247.0,-1497.0,-1497.0
2026-09-24,213,2295.0,251.0,-1891.0,-1891.0,-2295.0,-2223.0
2026-09-24,214,2110.0,-76.0,-1752.0,-1752.0,-2110.0,-2086.0
2026-09-24,215,2037.0,231.0,-1687.0,-1687.0,-2037.0,-1859.0
2026-09-24,216,1163.0,-101.0,-923.0,-923.0,-1163.0,-1117.0
2026-09-24,217,855.0,-25.0,-681.0,-681.0,-855.0,-831.0
2026-09-24,218,1071.0,39.0,-887.0,-887.0,-1071.0,-1067.0
2026-09-24,219,693.0,-37.0,-573.0,-573.0,-693.0,-693.0
2026-09-24,220,2676.0,-228.0,-2268.0,-2268.0,-2676.0,-2676.0
2026-09-24,221,1219.0,103.0,-983.0,-983.0,-1219.0,-1193.0
2026-09-24,222,864.0,-20.0,-624.0,-624.0,-864.0,-748.0
2026-09-24,223,1099.0,117.0,-873.0,-873.0,-1099.0,-1075.0
2026-09-24,224,946.0,176.0,-760.0,-760.0,-946.0,-834.0
2026-09-24,225,988.0,-252.0,-812.0,-812.0,-988.0,-984.0
2026-09-24,226,592.0,70.0,-460.0,-460.0,-592.0,-588.0
2026-09-24,227,618.0,-48.0,-488.0,-488.0,-618.0,-618.0
2026-09-24,228,755.0,159.0,-579.0,-579.0,-755.0,-691.0
2026-09-24,229,1979.0,-519.0,-1767.0,-1767.0,-1979.0,-1933.0
2026-09-24,230,1333.0,-39.0,-1097.0,-1097.0,-1333.0,-1267.0
2026-09-24,231,874.0,58.0,-702.0,-702.0,-874.0,-860.0
2026-09-24,232,976.0,148.0,-776.0,-776.0,-976.0,-956.0
2026-09-24,233,744.0,20.0,-584.0,-584.0,-744.0,-716.0
2026-09-24,234,841.0,-55.0,-655.0,-655.0,-841.0,-837.0
2026-09-24,235,1060.0,-62.0,-832.0,-832.0,-1060.0,-1006.0
2026-09-24,236,1448.0,-256.0,-1182.0,-1182.0,-1448.0,-1444.0
2026-09-24,237,985.0,215.0,-831.0,-831.0,-985.0,-977.0
2026-09-24,238,1284.0,144.0,-1058.0,-1058.0,-1284.0,-1282.0
2026-09-24,239,835.0,-23.0,-617.0,-617.0,-835.0,-813.0
2026-09-24,240,1514.0,142.0,-1212.0,-1212.0,-1514.0,-1496.0
2026-09-24,241,867.0,1.0,-657.0,-657.0,-867.0,-789.0
2026-09-24,242,823.0,-83.0,-609.0,-609.0,-823.0,-797.0
2026-09-24,243,844.0,-166.0,-684.0,-684.0,-844.0,-830.0
2026-09-24,244,1003.0,-225.0,-805.0,-805.0,-1003.0,-1003.0
2026-09-24,245,738.0,68.0,-586.0,-586.0,-738.0,-694.0
2026-09-24,246,594.0,-8.0,-442.0,-442.0,-594.0,-552.0
2026-09-24,247,798.0,-64.0,-636.0,-636.0,-798.0,-772.0
2026-09-24,248,779.0,-103.0,-635.0,-635.0,-779.0,-767.0
2026-09-24,249,787.0,55.0,-577.0,-577.0,-787.0,-751.0
2026-09-24,250,715.0,105.0,-565.0,-565.0,-715.0,-699.0
2026-09-24,251,1142.0,-46.0,-930.0,-930.0,-1142.0,-1120.0
2026-09-24,252,660.0,-10.0,-504.0,-504.0,-660.0,-660.0
2026-09-24,253,1730.0,-324.0,-1458.0,-1458.0,-1730.0,-1694.0
2026-09-24,254,984.0,48.0,-780.0,-780.0,-984.0,-918.0
2026-09-24,255,1343.0,29.0,-1063.0,-1063.0,-1343.0,-1265.0
2026-09-24,256,1001.0,119.0,-787.0,-787.0,-1001.0,-925.0
2026-09-24,257,1095.0,75.0,-893.0,-893.0,-1095.0,-1093.0
2026-09-24,258,976.0,-48.0,-810.0,-810.0,-976.0,-972.0
2026-09-24,259,751.0,25.0,-601.0,-601.0,-751.0,-751.0
2026-09-24,260,669.0,-43.0,-517.0,-517.0,-669.0,-669.0
2026-09-24,261,521.0,-61.0,-395.0,-395.0,-521.0,-521.0
2026-09-24,262,834.0,-50.0,-690.0,-690.0,-834.0,-800.0
2026-09-24,263,813.0,-3.0,-621.0,-621.0,-813.0,-685.0
2026-09-24,264,1345.0,77.0,-1111.0,-1111.0,-1345.0,-1223.0
2026-09-24,265,652.0,-42.0,-490.0,-490.0,-652.0,-632.0
2026-09-24,266,1254.0,220.0,-1030.0,-1030.0,-1254.0,-1220.0
2026-09-24,267,894.0,-74.0,-758.0,-758.0,-894.0,-868.0
2026-09-24,268,507.0,-11.0,-399.0,-399.0,-507.0,-483.0
2026-09-24,269,807.0,157.0,-667.0,-667.0,-807.0,-719.0
2026-09-24,270,881.0,81.0,-689.0,-689.0,-881.0,-879.0
2026-09-24,271,1754.0,-230.0,-1480.0,-1480.0,-1754.0,-1752.0
2026-09-24,272,1456.0,-216.0,-1192.0,-1192.0,-1456.0,-1456.0
2026-09-24,273,2012.0,-162.0,-1632.0,-1632.0,-2012.0,-1790.0
2026-09-24,274,1259.0,-17.0,-1027.0,-1027.0,-1259.0,-1151.0
2026-09-24,275,1095.0,79.0,-825.0,-825.0,-1095.0,-1083.0
2026-09-24,276,1854.0,144.0,-1510.0,-1510.0,-1854.0,-1822.0
2026-09-24,277,1174.0,90.0,-908.0,-908.0,-1174.0,-1118.0
2026-09-24,278,1911.0,183.0,-1649.0,-1649.0,-1911.0,-1815.0
2026-09-24,279,720.0,-26.0,-554.0,-554.0,-720.0,-666.0
2026-09-24,280,833.0,23.0,-649.0,-649.0,-833.0,-815.0
2026-09-24,281,1341.0,167.0,-1109.0,-1109.0,-1341.0,-1265.0
2026-09-24,282,683.0,-59.0,-543.0,-543.0,-683.0,-677.0
2026-09-24,283,645.0,-9.0,-449.0,-449.0,-645.0,-627.0
2026-09-24,284,690.0,68.0,-512.0,-512.0,-690.0,-616.0
2026-09-24,285,698.0,40.0,-526.0,-526.0,-698.0,-676.0
2026-09-24,286,1366.0,222.0,-1136.0,-1136.0,-1366.0,-1352.0
2026-09-24,287,944.0,44.0,-724.0,-724.0,-944.0,-932.0
2026-09-24,288,1262.0,-86.0,-1010.0,-1010.0,-1262.0,-1218.0
2026-09-24,289,507.0,-25.0,-397.0,-397.0,-507.0,-487.0
2026-09-24,290,934.0,-114.0,-764.0,-764.0,-934.0,-878.0
2026-09-24,291,715.0,71.0,-517.0,-517.0,-715.0,-711.0
2026-09-24,292,492.0,26.0,-378.0,-378.0,-492.0,-488.0
2026-09-24,293,632.0,80.0,-484.0,-484.0,-632.0,-622.0
2026-09-24,294,341.0,11.0,-241.0,-241.0,-341.0,-309.0
2026-09-24,295,2406.0,188.0,-2066.0,-2066.0,-2406.0,-2386.0
2026-09-24,296,1520.0,132.0,-1204.0,-1204.0,-1520.0,-1488.0
2026-09-24,297,913.0,-55.0,-705.0,-705.0,-913.0,-885.0
2026-09-24,298,774.0,-24.0,-578.0,-578.0,-774.0,-722.0
2026-09-24,299,481.0,25.0,-371.0,-371.0,-481.0,-467.0
2026-09-24,300,601.0,-17.0,-457.0,-457.0,-601.0,-575.0
2026-09-24,301,1008.0,-138.0,-824.0,-824.0,-1008.0,-930.0
2026-09-24,302,820.0,-72.0,-686.0,-686.0,-820.0,-800.0
2026-09-24,303,424.0,6.0,-308.0,-308.0,-424.0,-424.0
2026-09-24,304,375.0,-43.0,-255.0,-255.0,-375.0,-359.0
2026-09-24,305,812.0,-158.0,-602.0,-602.0,-812.0,-692.0
2026-09-24,306,613.0,69.0,-475.0,-475.0,-613.0,-585.0
2026-09-24,307,653.0,-27.0,-521.0,-521.0,-653.0,-629.0
2026-09-24,308,3359.0,417.0,-2921.0,-2921.0,-3359.0,-3167.0
2026-09-24,309,1684.0,216.0,-1458.0,-1458.0,-1684.0,-1684.0
2026-09-24,312,27.0,-5.0,-23.0,-23.0,-27.0,-27.0
2026-09-24,313,467.0,-11.0,-367.0,-367.0,-467.0,-467.0
2026-09-24,314,546.0,18.0,-414.0,-414.0,-546.0,-546.0
2026-09-24,315,569.0,65.0,-445.0,-445.0,-569.0,-541.0
2026-09-24,316,436.0,20.0,-328.0,-328.0,-436.0,-352.0
2026-09-24,317,283.0,-15.0,-209.0,-209.0,-283.0,-277.0
2026-09-24,318,323.0,-43.0,-245.0,-245.0,-323.0,-311.0
2026-09-24,319,332.0,-12.0,-244.0,-244.0,-332.0,-316.0
2026-09-24,320,1240.0,76.0,-1006.0,-1006.0,-1240.0,-1228.0
2026-09-24,321,597.0,-41.0,-475.0,-475.0,-597.0,-577.0
2026-09-24,322,760.0,-52.0,-584.0,-584.0,-760.0,-756.0
2026-09-24,323,527.0,-13.0,-421.0,-421.0,-527.0,-507.0
2026-09-24,324,332.0,-2.0,-246.0,-246.0,-332.0,-326.0
2026-09-24,325,718.0,184.0,-522.0,-522.0,-718.0,-620.0
2026-09-24,326,672.0,44.0,-546.0,-546.0,-672.0,-652.0
2026-09-24,327,602.0,6.0,-468.0,-468.0,-602.0,-520.0
2026-09-24,328,658.0,2.0,-544.0,-544.0,-658.0,-624.0
2026-09-24,329,576.0,-74.0,-468.0,-468.0,-576.0,-564.0
2026-09-24,330,1447.0,-47.0,-1217.0,-1217.0,-1447.0,-1437.0
2026-09-24,331,2029.0,-93.0,-1705.0,-1705.0,-2029.0,-1953.0
2026-09-24,332,1039.0,-123.0,-865.0,-865.0,-1039.0,-1023.0
2026-09-24,333,805.0,-83.0,-641.0,-641.0,-805.0,-795.0
2026-09-24,334,732.0,26.0,-576.0,-576.0,-732.0,-714.0
2026-09-24,335,709.0,119.0,-527.0,-527.0,-709.0,-665.0
2026-09-24,336,603.0,-11.0,-451.0,-451.0,-603.0,-561.0
2026-09-24,337,396.0,-8.0,-302.0,-302.0,-396.0,-354.0
2026-09-24,338,344.0,14.0,-276.0,-276.0,-344.0,-340.0
2026-09-24,339,450.0,-32.0,-348.0,-348.0,-450.0,-416.0
2026-09-24,340,634.0,-154.0,-530.0,-530.0,-634.0,-634.0
2026-09-24,341,608.0,-38.0,-502.0,-502.0,-608.0,-598.0
2026-09-24,342,497.0,-25.0,-375.0,-375.0,-497.0,-441.0
2026-09-24,343,575.0,13.0,-463.0,-463.0,-575.0,-543.0
2026-09-24,344,497.0,-81.0,-373.0,-373.0,-497.0,-467.0
2026-09-24,345,1032.0,34.0,-820.0,-820.0,-1032.0,-788.0
2026-09-24,346,720.0,180.0,-586.0,-586.0,-720.0,-648.0
2026-09-24,347,772.0,24.0,-604.0,-604.0,-772.0,-710.0
2026-09-24,348,789.0,15.0,-603.0,-603.0,-789.0,-657.0
2026-09-24,349,1470.0,-198.0,-1304.0,-1304.0,-1470.0,-1392.0
2026-09-24,350,398.0,2.0,-300.0,-300.0,-398.0,-382.0
2026-09-24,351,454.0,4.0,-344.0,-344.0,-454.0,-406.0
2026-09-24,352,412.0,40.0,-312.0,-312.0,-412.0,-406.0
2026-09-24,353,242.0,-20.0,-166.0,-166.0,-242.0,-226.0
2026-09-24,354,497.0,63.0,-381.0,-381.0,-497.0,-421.0
2026-09-24,355,482.0,-18.0,-376.0,-376.0,-482.0,-472.0
2026-09-24,356,432.0,-24.0,-328.0,-328.0,-432.0,-386.0
2026-09-24,357,325.0,-35.0,-257.0,-257.0,-325.0,-307.0
2026-09-24,358,493.0,-59.0,-393.0,-393.0,-493.0,-479.0
2026-09-24,359,666.0,-134.0,-554.0,-554.0,-666.0,-520.0
2026-09-24,360,694.0,34.0,-524.0,-524.0,-694.0,-670.0
2026-09-24,361,524.0,94.0,-402.0,-402.0,-524.0,-514.0
2026-09-24,362,592.0,-60.0,-444.0,-444.0,-592.0,-470.0
2026-09-24,363,335.0,47.0,-247.0,-247.0,-335.0,-307.0
2026-09-24,364,492.0,106.0,-396.0,-396.0,-492.0,-490.0
2026-09-24,365,501.0,-53.0,-385.0,-385.0,-501.0,-457.0
2026-09-24,366,348.0,38.0,-254.0,-254.0,-348.0,-344.0
2026-09-24,367,359.0,-75.0,-301.0,-301.0,-359.0,-349.0
2026-09-24,368,270.0,20.0,-196.0,-196.0,-270.0,-250.0
2026-09-24,369,459.0,61.0,-351.0,-351.0,-459.0,-429.0
2026-09-24,370,568.0,-50.0,-454.0,-454.0,-568.0,-532.0
2026-09-24,371,382.0,22.0,-296.0,-296.0,-382.0,-350.0
2026-09-24,372,270.0,-36.0,-212.0,-212.0,-270.0,-228.0
2026-09-24,373,354.0,12.0,-272.0,-272.0,-354.0,-286.0
2026-09-24,374,371.0,-39.0,-301.0,-301.0,-371.0,-369.0
2026-09-24,375,587.0,-37.0,-453.0,-453.0,-587.0,-557.0
2026-09-24,376,529.0,33.0,-393.0,-393.0,-529.0,-483.0
2026-09-24,377,329.0,-17.0,-257.0,-257.0,-329.0,-277.0
2026-09-24,378,417.0,-17.0,-331.0,-331.0,-417.0,-415.0
2026-09-24,379,710.0,-54.0,-562.0,-562.0,-710.0,-566.0
2026-09-24,380,1886.0,56.0,-1522.0,-1522.0,-1886.0,-1494.0
2026-09-24,381,1161.0,141.0,-931.0,-931.0,-1161.0,-1111.0
2026-09-24,382,688.0,66.0,-466.0,-466.0,-688.0,-526.0
2026-09-24,383,1065.0,37.0,-877.0,-877.0,-1065.0,-925.0
2026-09-24,384,1605.0,-105.0,-1321.0,-1321.0,-1605.0,-1563.0
2026-09-24,385,1654.0,-104.0,-1368.0,-1368.0,-1654.0,-1544.0
2026-09-24,386,767.0,-53.0,-629.0,-629.0,-767.0,-663.0
2026-09-24,387,810.0,-102.0,-690.0,-690.0,-810.0,-630.0
2026-09-24,388,1690.0,12.0,-1388.0,-1388.0,-1690.0,-1068.0
2026-09-24,389,7679.0,-419.0,-6145.0,-6145.0,-7679.0,-4433.0
2026-09-25,0,7082.0,-146.0,-5976.0,-5976.0,-7082.0,-6652.0
2026-09-25,1,4904.0,-270.0,-4058.0,-4058.0,-4904.0,-4446.0
2026-09-25,2,3626.0,92.0,-2932.0,-2932.0,-3626.0,-3626.0
2026-09-25,3,2468.0,200.0,-2028.0,-2028.0,-2468.0,-2468.0
2026-09-25,4,3185.0,231.0,-2635.0,-2635.0,-3185.0,-3153.0
2026-09-25,5,2971.0,53.0,-2363.0,-2363.0,-2971.0,-2949.0
2026-09-25,6,1659.0,-53.0,-1297.0,-1297.0,-1659.0,-1649.0
2026-09-25,7,1749.0,-25.0,-1369.0,-1369.0,-1749.0,-1657.0
2026-09-25,8,1575.0,63.0,-1211.0,-1211.0,-1575.0,-1505.0
2026-09-25,9,2073.0,-81.0,-1613.0,-1613.0,-2073.0,-1951.0
2026-09-25,10,1631.0,-25.0,-1233.0,-1233.0,-1631.0,-1557.0
2026-09-25,11,1851.0,61.0,-1417.0,-1417.0,-1851.0,-1675.0
2026-09-25,12,1755.0,-79.0,-1371.0,-1371.0,-1755.0,-1643.0
2026-09-25,13,1539.0,-57.0,-1205.0,-1205.0,-1539.0,-1489.0
2026-09-25,14,1596.0,48.0,-1136.0,-1136.0,-1596.0,-1466.0
2026-09-25,15,2672.0,-56.0,-2120.0,-2120.0,-2672.0,-2362.0
2026-09-25,16,1652.0,8.0,-1252.0,-1252.0,-1652.0,-1610.0
2026-09-25,17,1507.0,53.0,-1135.0,-1135.0,-1507.0,-1501.0
2026-09-25,18,1773.0,-221.0,-1407.0,-1407.0,-1773.0,-1547.0
2026-09-25,19,1353.0,21.0,-1041.0,-1041.0,-1353.0,-1347.0
2026-09-25,20,1261.0,-71.0,-959.0,-959.0,-1261.0,-1167.0
2026-09-25,21,947.0,-33.0,-711.0,-711.0,-947.0,-873.0
2026-09-25,22,1411.0,289.0,-1069.0,-1069.0,-1411.0,-1261.0
2026-09-25,23,1614.0,154.0,-1276.0,-1276.0,-1614.0,-1518.0
2026-09-25,24,1798.0,88.0,-1424.0,-1424.0,-1798.0,-1606.0
2026-09-25,25,2151.0,95.0,-1759.0,-1759.0,-2151.0,-1927.0
2026-09-25,26,1520.0,-176.0,-1230.0,-1230.0,-1520.0,-1484.0
2026-09-25,27,1473.0,-211.0,-1169.0,-1169.0,-1473.0,-1383.0
2026-09-25,28,1358.0,8.0,-1074.0,-1074.0,-1358.0,-1292.0
2026-09-25,29,1106.0,64.0,-920.0,-920.0,-1106.0,-1088.0
2026-09-25,30,1997.0,-191.0,-1675.0,-1675.0,-1997.0,-1975.0
2026-09-25,31,2349.0,-327.0,-1969.0,-1969.0,-2349.0,-2349.0
2026-09-25,32,2992.0,-58.0,-2396.0,-2396.0,-2992.0,-2824.0
2026-09-25,33,2333.0,109.0,-1847.0,-1847.0,-2333.0,-2289.0
2026-09-25,34,2509.0,-203.0,-2083.0,-2083.0,-2509.0,-2423.0
2026-09-25,35,4232.0,-226.0,-3550.0,-3550.0,-4232.0,-4208.0
2026-09-25,36,3133.0,283.0,-2455.0,-2455.0,-3133.0,-3085.0
2026-09-25,37,2917.0,165.0,-2295.0,-2295.0,-2917.0,-2891.0
2026-09-25,38,1662.0,168.0,-1224.0,-1224.0,-1662.0,-1652.0
2026-09-25,39,1650.0,94.0,-1300.0,-1300.0,-1650.0,-1608.0
2026-09-25,40,1914.0,-16.0,-1462.0,-1462.0,-1914.0,-1914.0
2026-09-25,41,2074.0,42.0,-1654.0,-1654.0,-2074.0,-1998.0
2026-09-25,42,1249.0,-53.0,-939.0,-939.0,-1249.0,-1207.0
2026-09-25,43,1851.0,-201.0,-1455.0,-1455.0,-1851.0,-1803.0
2026-09-25,44,2605.0,-129.0,-2175.0,-2175.0,-2605.0,-2591.0
2026-09-25,45,4674.0,-30.0,-3910.0,-3910.0,-4674.0,-4650.0
2026-09-25,46,2672.0,-214.0,-2094.0,-2094.0,-2672.0,-2536.0
2026-09-25,47,3160.0,44.0,-2578.0,-2578.0,-3160.0,-3132.0
2026-09-25,48,2513.0,35.0,-1905.0,-1905.0,-2513.0,-2497.0
2026-09-25,49,2746.0,-74.0,-2144.0,-2144.0,-2746.0,-2716.0
2026-09-25,50,2444.0,18.0,-1868.0,-1868.0,-2444.0,-2410.0
2026-09-25,51,2287.0,-43.0,-1857.0,-1857.0,-2287.0,-2275.0
2026-09-25,52,1644.0,28.0,-1218.0,-1218.0,-1644.0,-1610.0
2026-09-25,53,1817.0,-65.0,-1449.0,-1449.0,-1817.0,-1799.0
2026-09-25,54,1470.0,72.0,-1102.0,-1102.0,-1470.0,-1440.0
2026-09-25,55,1509.0,131.0,-1119.0,-1119.0,-1509.0,-1457.0
2026-09-25,56,1890.0,36.0,-1516.0,-1516.0,-1890.0,-1868.0
2026-09-25,57,1216.0,-56.0,-914.0,-914.0,-1216.0,-1210.0
2026-09-25,58,2147.0,-135.0,-1683.0,-1683.0,-2147.0,-1943.0
2026-09-25,59,1499.0,-91.0,-1189.0,-1189.0,-1499.0,-1499.0
2026-09-25,60,1664.0,-26.0,-1268.0,-1268.0,-1664.0,-1610.0
2026-09-25,61,1182.0,54.0,-804.0,-804.0,-1182.0,-1158.0
2026-09-25,62,1709.0,173.0,-1323.0,-1323.0,-1709.0,-1703.0
2026-09-25,63,1487.0,31.0,-1145.0,-1145.0,-1487.0,-1467.0
2026-09-25,64,1350.0,58.0,-1002.0,-1002.0,-1350.0,-1262.0
2026-09-25,65,1446.0,104.0,-1084.0,-1084.0,-1446.0,-1374.0
2026-09-25,66,1049.0,9.0,-765.0,-765.0,-1049.0,-1047.0
2026-09-25,67,901.0,59.0,-671.0,-671.0,-901.0,-863.0
2026-09-25,68,1820.0,194.0,-1486.0,-1486.0,-1820.0,-1596.0
2026-09-25,69,707.0,47.0,-501.0,-501.0,-707.0,-707.0
2026-09-25,70,1273.0,-163.0,-993.0,-993.0,-1273.0,-1243.0
2026-09-25,71,1622.0,-140.0,-1302.0,-1302.0,-1622.0,-1596.0
2026-09-25,72,1251.0,55.0,-907.0,-907.0,-1251.0,-1181.0
2026-09-25,73,1023.0,-63.0,-733.0,-733.0,-1023.0,-929.0
2026-09-25,74,1271.0,151.0,-959.0,-959.0,-1271.0,-1251.0
2026-09-25,75,1051.0,-23.0,-787.0,-787.0,-1051.0,-1031.0
2026-09-25,76,3034.0,112.0,-2582.0,-2582.0,-3034.0,-3020.0
2026-09-25,77,967.0,-69.0,-761.0,-761.0,-967.0,-967.0
2026-09-25,78,924.0,-72.0,-686.0,-686.0,-924.0,-910.0
2026-09-25,79,1426.0,196.0,-1104.0,-1104.0,-1426.0,-1390.0
2026-09-25,80,969.0,-29.0,-697.0,-697.0,-969.0,-937.0
2026-09-25,81,1079.0,-155.0,-813.0,-813.0,-1079.0,-1061.0
2026-09-25,82,1015.0,-69.0,-741.0,-741.0,-1015.0,-945.0
2026-09-25,83,952.0,64.0,-682.0,-682.0,-952.0,-946.0
2026-09-25,84,761.0,117.0,-559.0,-559.0,-761.0,-723.0
2026-09-25,85,1144.0,260.0,-916.0,-916.0,-1144.0,-1104.0
2026-09-25,86,1338.0,-18.0,-1038.0,-1038.0,-1338.0,-1268.0
2026-09-25,87,702.0,20.0,-514.0,-514.0,-702.0,-692.0
2026-09-25,88,952.0,138.0,-738.0,-738.0,-952.0,-938.0
2026-09-25,89,930.0,2.0,-694.0,-694.0,-930.0,-820.0
2026-09-25,90,1153.0,-51.0,-889.0,-889.0,-1153.0,-1149.0
2026-09-25,91,2377.0,517.0,-2097.0,-2097.0,-2377.0,-2341.0
2026-09-25,92,1269.0,149.0,-981.0,-981.0,-1269.0,-1179.0
2026-09-25,93,1836.0,-14.0,-1532.0,-1532.0,-1836.0,-1670.0
2026-09-25,94,1182.0,2.0,-928.0,-928.0,-1182.0,-1086.0
2026-09-25,95,1157.0,-67.0,-885.0,-885.0,-1157.0,-1073.0
2026-09-25,96,731.0,-25.0,-569.0,-569.0,-731.0,-729.0
2026-09-25,97,916.0,-112.0,-700.0,-700.0,-916.0,-788.0
2026-09-25,98,1052.0,-134.0,-870.0,-870.0,-1052.0,-1050.0
2026-09-25,99,961.0,-33.0,-797.0,-797.0,-961.0,-937.0
2026-09-25,100,1452.0,-146.0,-1182.0,-1182.0,-1452.0,-1408.0
2026-09-25,101,1549.0,-281.0,-1253.0,-1253.0,-1549.0,-1549.0
2026-09-25,102,1038.0,-38.0,-838.0,-838.0,-1038.0,-1004.0
2026-09-25,103,1110.0,76.0,-882.0,-882.0,-1110.0,-1072.0
2026-09-25,104,724.0,32.0,-514.0,-514.0,-724.0,-662.0
2026-09-25,105,754.0,-26.0,-522.0,-522.0,-754.0,-688.0
2026-09-25,106,1040.0,86.0,-764.0,-764.0,-1040.0,-950.0
2026-09-25,107,628.0,14.0,-474.0,-474.0,-628.0,-616.0
2026-09-25,108,560.0,10.0,-372.0,-372.0,-560.0,-534.0
2026-09-25,109,1209.0,-179.0,-997.0,-997.0,-1209.0,-1095.0
2026-09-25,110,1189.0,-19.0,-933.0,-933.0,-1189.0,-1121.0
2026-09-25,111,2074.0,124.0,-1758.0,-1758.0,-2074.0,-1928.0
2026-09-25,112,483.0,9.0,-343.0,-343.0,-483.0,-467.0
2026-09-25,113,908.0,-62.0,-722.0,-722.0,-908.0,-878.0
2026-09-25,114,870.0,-86.0,-722.0,-722.0,-870.0,-862.0
2026-09-25,115,631.0,27.0,-449.0,-449.0,-631.0,-591.0
2026-09-25,116,452.0,4.0,-366.0,-366.0,-452.0,-450.0
2026-09-25,117,657.0,-25.0,-467.0,-467.0,-657.0,-653.0
2026-09-25,118,383.0,-27.0,-259.0,-259.0,-383.0,-327.0
2026-09-25,119,478.0,6.0,-354.0,-354.0,-478.0,-478.0
2026-09-25,120,2541.0,181.0,-2339.0,-2339.0,-2541.0,-2541.0
2026-09-25,121,1369.0,189.0,-1127.0,-1127.0,-1369.0,-1369.0
2026-09-25,122,1391.0,-45.0,-1165.0,-1165.0,-1391.0,-1343.0
2026-09-25,123,783.0,63.0,-565.0,-565.0,-783.0,-523.0
2026-09-25,124,2064.0,-530.0,-1760.0,-1760.0,-2064.0,-1942.0
2026-09-25,125,1584.0,-110.0,-1314.0,-1314.0,-1584.0,-1350.0
2026-09-25,126,1163.0,-197.0,-917.0,-917.0,-1163.0,-1151.0
2026-09-25,127,1170.0,20.0,-898.0,-898.0,-1170.0,-1144.0
2026-09-25,128,1054.0,-144.0,-888.0,-888.0,-1054.0,-1054.0
2026-09-25,129,960.0,36.0,-726.0,-726.0,-960.0,-876.0
2026-09-25,130,1001.0,113.0,-749.0,-749.0,-1001.0,-939.0
2026-09-25,131,856.0,-4.0,-704.0,-704.0,-856.0,-856.0
2026-09-25,132,724.0,-54.0,-548.0,-548.0,-724.0,-654.0
2026-09-25,133,523.0,-69.0,-413.0,-413.0,-523.0,-523.0
2026-09-25,134,1240.0,-212.0,-1056.0,-1056.0,-1240.0,-1140.0
2026-09-25,135,937.0,-1.0,-779.0,-779.0,-937.0,-937.0
2026-09-25,136,1485.0,157.0,-1249.0,-1249.0,-1485.0,-1415.0
2026-09-25,137,670.0,10.0,-528.0,-528.0,-670.0,-620.0
2026-09-25,138,768.0,12.0,-600.0,-600.0,-768.0,-762.0
2026-09-25,139,663.0,31.0,-529.0,-529.0,-663.0,-649.0
2026-09-25,140,499.0,-7.0,-373.0,-373.0,-499.0,-455.0
2026-09-25,141,1173.0,-391.0,-1015.0,-1015.0,-1173.0,-1151.0
2026-09-25,142,988.0,-4.0,-828.0,-828.0,-988.0,-982.0
2026-09-25,143,628.0,48.0,-466.0,-466.0,-628.0,-586.0
2026-09-25,144,3441.0,301.0,-2973.0,-2973.0,-3441.0,-3425.0
2026-09-25,145,1338.0,6.0,-1064.0,-1064.0,-1338.0,-1318.0
2026-09-25,146,1293.0,181.0,-1027.0,-1027.0,-1293.0,-1293.0
2026-09-25,147,955.0,51.0,-765.0,-765.0,-955.0,-909.0
2026-09-25,148,2034.0,124.0,-1650.0,-1650.0,-2034.0,-2024.0
2026-09-25,149,1715.0,125.0,-1353.0,-1353.0,-1715.0,-1555.0
2026-09-25,150,2856.0,250.0,-2358.0,-2358.0,-2856.0,-2830.0
2026-09-25,151,2058.0,58.0,-1654.0,-1654.0,-2058.0,-1986.0
2026-09-25,152,2345.0,257.0,-1865.0,-1865.0,-2345.0,-2309.0
2026-09-25,153,2168.0,300.0,-1788.0,-1788.0,-2168.0,-2144.0
2026-09-25,154,2051.0,-55.0,-1687.0,-1687.0,-2051.0,-1991.0
2026-09-25,155,2258.0,264.0,-1890.0,-1890.0,-2258.0,-2154.0
2026-09-25,156,2226.0,-106.0,-1842.0,-1842.0,-2226.0,-2184.0
2026-09-25,157,1641.0,-67.0,-1331.0,-1331.0,-1641.0,-1617.0
2026-09-25,158,1760.0,-16.0,-1386.0,-1386.0,-1760.0,-1676.0
2026-09-25,159,1529.0,-21.0,-1197.0,-1197.0,-1529.0,-1477.0
2026-09-25,160,2018.0,224.0,-1664.0,-1664.0,-2018.0,-1950.0
2026-09-25,161,1395.0,-129.0,-1097.0,-1097.0,-1395.0,-1351.0
2026-09-25,162,1085.0,-49.0,-859.0,-859.0,-1085.0,-1029.0
2026-09-25,163,708.0,58.0,-538.0,-538.0,-708.0,-708.0
2026-09-25,164,1387.0,-77.0,-1133.0,-1133.0,-1387.0,-1301.0
2026-09-25,165,1365.0,135.0,-1087.0,-1087.0,-1365.0,-1247.0
2026-09-25,166,1081.0,69.0,-837.0,-837.0,-1081.0,-1023.0
2026-09-25,167,1165.0,-221.0,-975.0,-975.0,-1165.0,-1141.0
2026-09-25,168,1504.0,-290.0,-1270.0,-1270.0,-1504.0,-1452.0
2026-09-25,169,1032.0,42.0,-836.0,-836.0,-1032.0,-974.0
2026-09-25,170,1882.0,-324.0,-1594.0,-1594.0,-1882.0,-1702.0
2026-09-25,171,1925.0,-73.0,-1639.0,-1639.0,-1925.0,-1855.0
2026-09-25,172,1331.0,-79.0,-1063.0,-1063.0,-1331.0,-1273.0
2026-09-25,173,2230.0,-406.0,-1810.0,-1810.0,-2230.0,-1740.0
2026-09-25,174,1283.0,157.0,-1039.0,-1039.0,-1283.0,-1283.0
2026-09-25,175,1412.0,230.0,-1144.0,-1144.0,-1412.0,-1320.0
2026-09-25,176,1600.0,332.0,-1248.0,-1248.0,-1600.0,-1382.0
2026-09-25,177,1067.0,-55.0,-817.0,-817.0,-1067.0,-921.0
2026-09-25,178,1115.0,-141.0,-903.0,-903.0,-1115.0,-1059.0
2026-09-25,179,935.0,75.0,-727.0,-727.0,-935.0,-851.0
2026-09-25,180,984.0,-54.0,-702.0,-702.0,-984.0,-834.0
2026-09-25,181,567.0,49.0,-421.0,-421.0,-567.0,-565.0
2026-09-25,182,684.0,42.0,-528.0,-528.0,-684.0,-684.0
2026-09-25,183,570.0,70.0,-418.0,-418.0,-570.0,-476.0
2026-09-25,184,5285.0,-663.0,-4703.0,-4703.0,-5285.0,-5285.0
2026-09-25,185,1270.0,134.0,-1032.0,-1032.0,-1270.0,-1234.0
2026-09-25,186,999.0,-69.0,-805.0,-805.0,-999.0,-989.0
2026-09-25,187,1191.0,185.0,-977.0,-977.0,-1191.0,-1157.0
2026-09-25,188,858.0,-34.0,-694.0,-694.0,-858.0,-826.0
2026-09-25,189,476.0,-30.0,-384.0,-384.0,-476.0,-476.0
2026-09-25,190,590.0,-56.0,-472.0,-472.0,-590.0,-586.0
2026-09-25,191,477.0,19.0,-367.0,-367.0,-477.0,-477.0
2026-09-25,192,1346.0,58.0,-1130.0,-1130.0,-1346.0,-1346.0
2026-09-25,193,723.0,177.0,-555.0,-555.0,-723.0,-699.0
2026-09-25,194,697.0,-39.0,-555.0,-555.0,-697.0,-637.0
2026-09-25,195,516.0,6.0,-402.0,-402.0,-516.0,-498.0
2026-09-25,196,659.0,-85.0,-511.0,-511.0,-659.0,-651.0
2026-09-25,197,492.0,-66.0,-384.0,-384.0,-492.0,-462.0
2026-09-25,198,1124.0,-250.0,-920.0,-920.0,-1124.0,-1002.0
2026-09-25,199,811.0,105.0,-637.0,-637.0,-811.0,-701.0
2026-09-25,200,611.0,-19.0,-453.0,-453.0,-611.0,-565.0
2026-09-25,201,411.0,-31.0,-269.0,-269.0,-411.0,-363.0
2026-09-25,202,599.0,55.0,-451.0,-451.0,-599.0,-559.0
2026-09-25,203,409.0,-7.0,-307.0,-307.0,-409.0,-379.0
2026-09-25,204,373.0,-21.0,-277.0,-277.0,-373.0,-359.0
2026-09-25,205,383.0,-1.0,-303.0,-303.0,-383.0,-383.0
2026-09-25,206,578.0,98.0,-462.0,-462.0,-578.0,-576.0
2026-09-25,207,461.0,-59.0,-347.0,-347.0,-461.0,-421.0
2026-09-25,208,368.0,-42.0,-260.0,-260.0,-368.0,-318.0
2026-09-25,209,2261.0,-101.0,-1903.0,-1903.0,-2261.0,-1939.0
2026-09-25,210,660.0,42.0,-526.0,-526.0,-660.0,-660.0
2026-09-25,211,1657.0,283.0,-1379.0,-1379.0,-1657.0,-1655.0
2026-09-25,212,763.0,95.0,-637.0,-637.0,-763.0,-733.0
2026-09-25,213,691.0,7.0,-559.0,-559.0,-691.0,-589.0
2026-09-25,214,593.0,-11.0,-475.0,-475.0,-593.0,-573.0
2026-09-25,215,433.0,-11.0,-329.0,-329.0,-433.0,-393.0
2026-09-25,216,450.0,-10.0,-312.0,-312.0,-450.0,-388.0
2026-09-25,217,518.0,-52.0,-406.0,-406.0,-518.0,-512.0
2026-09-25,218,695.0,-125.0,-569.0,-569.0,-695.0,-693.0
2026-09-25,219,604.0,94.0,-466.0,-466.0,-604.0,-560.0
2026-09-25,220,331.0,-25.0,-231.0,-231.0,-331.0,-325.0
2026-09-25,221,445.0,-77.0,-359.0,-359.0,-445.0,-441.0
2026-09-25,222,382.0,36.0,-288.0,-288.0,-382.0,-382.0
2026-09-25,223,539.0,77.0,-421.0,-421.0,-539.0,-483.0
2026-09-25,224,420.0,82.0,-320.0,-320.0,-420.0,-400.0
2026-09-25,225,645.0,5.0,-499.0,-499.0,-645.0,-595.0
2026-09-25,226,373.0,-27.0,-285.0,-285.0,-373.0,-355.0
2026-09-25,227,573.0,17.0,-473.0,-473.0,-573.0,-537.0
2026-09-25,228,506.0,-22.0,-380.0,-380.0,-506.0,-352.0
2026-09-25,229,356.0,-46.0,-274.0,-274.0,-356.0,-306.0
2026-09-25,230,453.0,5.0,-345.0,-345.0,-453.0,-397.0
2026-09-25,231,355.0,-85.0,-289.0,-289.0,-355.0,-355.0
2026-09-25,232,338.0,40.0,-278.0,-278.0,-338.0,-300.0
2026-09-25,233,347.0,29.0,-255.0,-255.0,-347.0,-317.0
2026-09-25,234,286.0,26.0,-220.0,-220.0,-286.0,-248.0
2026-09-25,235,248.0,-48.0,-190.0,-190.0,-248.0,-234.0
2026-09-25,236,311.0,-53.0,-253.0,-253.0,-311.0,-291.0
2026-09-25,237,296.0,6.0,-236.0,-236.0,-296.0,-296.0
2026-09-25,238,265.0,3.0,-201.0,-201.0,-265.0,-229.0
2026-09-25,239,253.0,1.0,-187.0,-187.0,-253.0,-239.0
2026-09-25,240,654.0,-20.0,-482.0,-482.0,-654.0,-578.0
2026-09-25,241,706.0,-128.0,-588.0,-588.0,-706.0,-664.0
2026-09-25,242,349.0,85.0,-195.0,-195.0,-349.0,-249.0
2026-09-25,243,627.0,-107.0,-507.0,-507.0,-627.0,-551.0
2026-09-25,244,882.0,-94.0,-708.0,-708.0,-882.0,-710.0
2026-09-25,245,473.0,51.0,-339.0,-339.0,-473.0,-437.0
2026-09-25,246,563.0,-3.0,-435.0,-435.0,-563.0,-487.0
2026-09-25,247,634.0,-60.0,-520.0,-520.0,-634.0,-572.0
2026-09-25,248,481.0,143.0,-393.0,-393.0,-481.0,-473.0
2026-09-25,249,1271.0,269.0,-1103.0,-1103.0,-1271.0,-1201.0
2026-09-25,250,825.0,3.0,-679.0,-679.0,-825.0,-813.0
2026-09-25,251,567.0,87.0,-411.0,-411.0,-567.0,-547.0
2026-09-25,252,425.0,41.0,-333.0,-333.0,-425.0,-413.0
2026-09-25,253,429.0,-65.0,-343.0,-343.0,-429.0,-369.0
2026-09-25,254,394.0,-38.0,-304.0,-304.0,-394.0,-372.0
2026-09-25,255,398.0,-2.0,-312.0,-312.0,-398.0,-382.0
2026-09-25,256,241.0,-13.0,-169.0,-169.0,-241.0,-175.0
2026-09-25,257,308.0,-44.0,-250.0,-250.0,-308.0,-288.0
2026-09-25,258,253.0,39.0,-199.0,-199.0,-253.0,-245.0
2026-09-25,259,401.0,87.0,-289.0,-289.0,-401.0,-359.0
2026-09-25,260,350.0,-72.0,-276.0,-276.0,-350.0,-302.0
2026-09-25,261,248.0,-8.0,-202.0,-202.0,-248.0,-232.0
2026-09-25,262,390.0,-64.0,-322.0,-322.0,-390.0,-368.0
2026-09-25,263,492.0,-16.0,-380.0,-380.0,-492.0,-428.0
2026-09-25,264,710.0,10.0,-610.0,-610.0,-710.0,-630.0
2026-09-25,265,225.0,5.0,-163.0,-163.0,-225.0,-185.0
2026-09-25,266,393.0,45.0,-299.0,-299.0,-393.0,-323.0
2026-09-25,267,265.0,-59.0,-219.0,-219.0,-265.0,-247.0
2026-09-25,268,389.0,83.0,-291.0,-291.0,-389.0,-181.0
2026-09-25,269,284.0,68.0,-208.0,-208.0,-284.0,-262.0
2026-09-25,270,507.0,29.0,-417.0,-417.0,-507.0,-443.0
2026-09-25,271,374.0,40.0,-268.0,-268.0,-374.0,-296.0
2026-09-25,272,218.0,-36.0,-154.0,-154.0,-218.0,-180.0
2026-09-25,273,165.0,7.0,-105.0,-105.0,-165.0,-145.0
2026-09-25,274,223.0,-45.0,-169.0,-169.0,-223.0,-189.0
2026-09-25,275,245.0,-43.0,-179.0,-179.0,-245.0,-239.0
2026-09-25,276,201.0,-7.0,-151.0,-151.0,-201.0,-149.0
2026-09-25,277,319.0,-43.0,-245.0,-245.0,-319.0,-295.0
2026-09-25,278,440.0,86.0,-306.0,-306.0,-440.0,-338.0
2026-09-25,279,297.0,3.0,-221.0,-221.0,-297.0,-219.0
2026-09-25,280,223.0,-11.0,-169.0,-169.0,-223.0,-133.0
2026-09-25,281,200.0,-16.0,-146.0,-146.0,-200.0,-190.0
2026-09-25,282,381.0,63.0,-275.0,-275.0,-381.0,-183.0
2026-09-25,283,477.0,77.0,-359.0,-359.0,-477.0,-217.0
2026-09-25,284,562.0,28.0,-412.0,-412.0,-562.0,-308.0
2026-09-25,285,571.0,77.0,-479.0,-479.0,-571.0,-449.0
2026-09-25,286,374.0,-20.0,-284.0,-284.0,-374.0,-302.0
2026-09-25,287,182.0,2.0,-126.0,-126.0,-182.0,-136.0
2026-09-25,288,404.0,-34.0,-328.0,-328.0,-404.0,-316.0
2026-09-25,289,334.0,-10.0,-250.0,-250.0,-334.0,-256.0
2026-09-25,290,265.0,5.0,-191.0,-191.0,-265.0,-193.0
2026-09-25,291,230.0,-52.0,-182.0,-182.0,-230.0,-158.0
2026-09-25,292,309.0,-11.0,-245.0,-245.0,-309.0,-281.0
2026-09-25,293,241.0,21.0,-163.0,-163.0,-241.0,-175.0
2026-09-25,294,220.0,16.0,-176.0,-176.0,-220.0,-200.0
2026-09-25,295,288.0,-56.0,-222.0,-222.0,-288.0,-226.0
2026-09-25,296,2428.0,-512.0,-2084.0,-2084.0,-2428.0,-2130.0
2026-09-25,297,1272.0,-106.0,-998.0,-998.0,-1272.0,-1252.0
2026-09-25,298,1365.0,189.0,-1125.0,-1125.0,-1365.0,-1323.0
2026-09-25,299,932.0,130.0,-792.0,-792.0,-932.0,-884.0
2026-09-25,300,844.0,70.0,-658.0,-658.0,-844.0,-746.0
2026-09-25,301,694.0,22.0,-538.0,-538.0,-694.0,-630.0
2026-09-25,302,386.0,22.0,-300.0,-300.0,-386.0,-368.0
2026-09-25,303,334.0,58.0,-242.0,-242.0,-334.0,-286.0
2026-09-25,304,312.0,-22.0,-250.0,-250.0,-312.0,-288.0
2026-09-25,305,451.0,-77.0,-319.0,-319.0,-451.0,-393.0
2026-09-25,306,242.0,12.0,-190.0,-190.0,-242.0,-234.0
2026-09-25,307,814.0,-140.0,-656.0,-656.0,-814.0,-708.0
2026-09-25,308,517.0,7.0,-403.0,-403.0,-517.0,-461.0
2026-09-25,309,468.0,-26.0,-382.0,-382.0,-468.0,-428.0
2026-09-25,310,626.0,-14.0,-466.0,-466.0,-626.0,-450.0
2026-09-25,311,541.0,27.0,-431.0,-431.0,-541.0,-497.0
2026-09-25,312,662.0,104.0,-544.0,-544.0,-662.0,-640.0
2026-09-25,313,419.0,33.0,-317.0,-317.0,-419.0,-353.0
2026-09-25,314,423.0,97.0,-289.0,-289.0,-423.0,-247.0
2026-09-25,315,396.0,-38.0,-288.0,-288.0,-396.0,-306.0
2026-09-25,316,385.0,-73.0,-295.0,-295.0,-385.0,-279.0
2026-09-25,317,513.0,-85.0,-387.0,-387.0,-513.0,-303.0
2026-09-25,318,487.0,87.0,-381.0,-381.0,-487.0,-305.0
2026-09-25,319,258.0,-32.0,-182.0,-182.0,-258.0,-204.0
2026-09-25,320,458.0,68.0,-362.0,-362.0,-458.0,-398.0
2026-09-25,321,330.0,16.0,-252.0,-252.0,-330.0,-262.0
2026-09-25,322,324.0,92.0,-268.0,-268.0,-324.0,-274.0
2026-09-25,323,236.0,-26.0,-160.0,-160.0,-236.0,-134.0
2026-09-25,324,482.0,-42.0,-382.0,-382.0,-482.0,-416.0
2026-09-25,325,361.0,-39.0,-273.0,-273.0,-361.0,-273.0
2026-09-25,326,335.0,35.0,-269.0,-269.0,-335.0,-229.0
2026-09-25,327,474.0,-6.0,-374.0,-374.0,-474.0,-342.0
2026-09-25,328,350.0,12.0,-266.0,-266.0,-350.0,-312.0
2026-09-25,329,346.0,-34.0,-268.0,-268.0,-346.0,-226.0
2026-09-25,330,581.0,89.0,-409.0,-409.0,-581.0,-463.0
2026-09-25,331,1104.0,32.0,-980.0,-980.0,-1104.0,-1090.0
2026-09-25,332,434.0,-68.0,-360.0,-360.0,-434.0,-418.0
2026-09-25,333,557.0,57.0,-423.0,-423.0,-557.0,-495.0
2026-09-25,334,478.0,6.0,-380.0,-380.0,-478.0,-470.0
2026-09-25,335,443.0,21.0,-359.0,-359.0,-443.0,-419.0
2026-09-25,336,415.0,-13.0,-319.0,-319.0,-415.0,-323.0
2026-09-25,337,464.0,108.0,-336.0,-336.0,-464.0,-336.0
2026-09-25,338,310.0,-22.0,-228.0,-228.0,-310.0,-292.0
2026-09-25,339,297.0,21.0,-229.0,-229.0,-297.0,-269.0
2026-09-25,340,333.0,3.0,-237.0,-237.0,-333.0,-311.0
2026-09-25,341,321.0,-29.0,-251.0,-251.0,-321.0,-257.0
2026-09-25,342,389.0,19.0,-319.0,-319.0,-389.0,-349.0
2026-09-25,343,375.0,11.0,-305.0,-305.0,-375.0,-333.0
2026-09-25,344,368.0,58.0,-286.0,-286.0,-368.0,-336.0
2026-09-25,345,619.0,-49.0,-471.0,-471.0,-619.0,-439.0
2026-09-25,346,270.0,-20.0,-210.0,-210.0,-270.0,-254.0
2026-09-25,347,284.0,-26.0,-210.0,-210.0,-284.0,-224.0
2026-09-25,348,206.0,0.0,-158.0,-158.0,-206.0,-200.0
2026-09-25,349,310.0,-64.0,-254.0,-254.0,-310.0,-286.0
2026-09-25,350,399.0,-31.0,-317.0,-317.0,-399.0,-319.0
2026-09-25,351,394.0,64.0,-298.0,-298.0,-394.0,-294.0
2026-09-25,352,380.0,-70.0,-310.0,-310.0,-380.0,-292.0
2026-09-25,353,406.0,-14.0,-302.0,-302.0,-406.0,-330.0
2026-09-25,354,421.0,37.0,-327.0,-327.0,-421.0,-335.0
2026-09-25,355,416.0,6.0,-334.0,-334.0,-416.0,-350.0
2026-09-25,356,729.0,-47.0,-609.0,-609.0,-729.0,-591.0
2026-09-25,357,395.0,17.0,-285.0,-285.0,-395.0,-265.0
2026-09-25,358,398.0,-16.0,-310.0,-310.0,-398.0,-324.0
2026-09-25,359,389.0,-13.0,-315.0,-315.0,-389.0,-305.0
2026-09-25,360,712.0,12.0,-542.0,-542.0,-712.0,-550.0
2026-09-25,361,804.0,80.0,-644.0,-644.0,-804.0,-762.0
2026-09-25,362,371.0,25.0,-283.0,-283.0,-371.0,-293.0
2026-09-25,363,316.0,-24.0,-250.0,-250.0,-316.0,-300.0
2026-09-25,364,590.0,-84.0,-498.0,-498.0,-590.0,-560.0
2026-09-25,365,549.0,-59.0,-431.0,-431.0,-549.0,-477.0
2026-09-25,366,576.0,-34.0,-456.0,-456.0,-576.0,-504.0
2026-09-25,367,1693.0,257.0,-1455.0,-1455.0,-1693.0,-1623.0
2026-09-25,368,900.0,128.0,-760.0,-760.0,-900.0,-874.0
2026-09-25,369,345.0,3.0,-275.0,-275.0,-345.0,-321.0
2026-09-25,370,444.0,-20.0,-356.0,-356.0,-444.0,-418.0
2026-09-25,371,336.0,42.0,-252.0,-252.0,-336.0,-272.0
2026-09-25,372,511.0,51.0,-399.0,-399.0,-511.0,-433.0
2026-09-25,373,636.0,164.0,-462.0,-462.0,-636.0,-326.0
2026-09-25,374,501.0,-19.0,-395.0,-395.0,-501.0,-337.0
2026-09-25,375,1953.0,313.0,-1539.0,-1539.0,-1953.0,-1379.0
2026-09-25,376,849.0,95.0,-675.0,-675.0,-849.0,-745.0
2026-09-25,377,814.0,-46.0,-650.0,-650.0,-814.0,-722.0
2026-09-25,378,759.0,-29.0,-597.0,-597.0,-759.0,-609.0
2026-09-25,379,720.0,-44.0,-544.0,-544.0,-720.0,-616.0
2026-09-25,380,1632.0,176.0,-1366.0,-1366.0,-1632.0,-1560.0
2026-09-25,381,912.0,-48.0,-720.0,-720.0,-912.0,-830.0
2026-09-25,382,817.0,15.0,-685.0,-685.0,-817.0,-699.0
2026-09-25,383,763.0,-21.0,-603.0,-603.0,-763.0,-631.0
2026-09-25,384,1474.0,-54.0,-1290.0,-1290.0,-1474.0,-1462.0
2026-09-25,385,1603.0,33.0,-1307.0,-1307.0,-1603.0,-1515.0
2026-09-25,386,1204.0,-74.0,-980.0,-980.0,-1204.0,-1064.0
2026-09-25,387,1179.0,101.0,-915.0,-915.0,-1179.0,-793.0
2026-09-25,388,1233.0,-83.0,-963.0,-963.0,-1233.0,-699.0
2026-09-25,389,7277.0,-9.0,-5887.0,-5887.0,-7277.0,-3801.0
