jour,minute,o,h,l,c,v,achats,ventes,sans_cote,contrat
2026-09-18,0,29814.75,29832.5,29803.5,29814,6455,3283,3172,0,NQ.Z26
2026-09-18,1,29814,29842,29812,29841,3493,1882,1611,0,NQ.Z26
2026-09-18,2,29840.5,29840.5,29808.75,29811.75,3148,1466,1682,0,NQ.Z26
2026-09-18,3,29812,29821.75,29801.5,29815,2302,1115,1187,0,NQ.Z26
2026-09-18,4,29815,29823.75,29804.25,29810.75,1738,915,823,0,NQ.Z26
2026-09-18,5,29811.25,29818.25,29798,29815.5,3329,1812,1517,0,NQ.Z26
2026-09-18,6,29816.5,29837.25,29811,29832.75,2139,1177,962,0,NQ.Z26
2026-09-18,7,29832.75,29838.25,29822.5,29837.75,1464,818,646,0,NQ.Z26
2026-09-18,8,29837.25,29837.25,29823.75,29829,1385,663,722,0,NQ.Z26
2026-09-18,9,29830,29839.75,29829.25,29836.25,1234,672,562,0,NQ.Z26
2026-09-18,10,29835.75,29844.75,29826.25,29829,1881,930,951,0,NQ.Z26
2026-09-18,11,29829,29844.25,29823.75,29840.75,1699,916,783,0,NQ.Z26
2026-09-18,12,29840.5,29840.5,29829,29830,1181,491,690,0,NQ.Z26
2026-09-18,13,29830.75,29832.75,29802.75,29805.5,1847,732,1115,0,NQ.Z26
2026-09-18,14,29805.25,29817.25,29802.25,29816.75,1561,885,676,0,NQ.Z26
2026-09-18,15,29817.5,29836.75,29811,29833.75,2043,1107,936,0,NQ.Z26
2026-09-18,16,29834.25,29838.25,29825.5,29825.75,1280,663,617,0,NQ.Z26
2026-09-18,17,29826.25,29826.75,29808,29808.75,1410,592,818,0,NQ.Z26
2026-09-18,18,29809.5,29812.75,29796.5,29798.75,1716,761,955,0,NQ.Z26
2026-09-18,19,29798.25,29806.25,29791.25,29795.25,1372,639,733,0,NQ.Z26
2026-09-18,20,29795.25,29795.5,29785,29792,1585,719,866,0,NQ.Z26
2026-09-18,21,29791.75,29795.75,29781.75,29794.75,1434,750,684,0,NQ.Z26
2026-09-18,22,29795.25,29805,29788.75,29804.75,1437,823,614,0,NQ.Z26
2026-09-18,23,29804.5,29805.75,29788,29793.75,1232,591,641,0,NQ.Z26
2026-09-18,24,29793.75,29799,29778.75,29782.75,1601,654,947,0,NQ.Z26
2026-09-18,25,29782.75,29789.5,29770,29784.75,1698,828,870,0,NQ.Z26
2026-09-18,26,29785.75,29788.75,29776,29778.75,921,430,491,0,NQ.Z26
2026-09-18,27,29778.5,29783.75,29768.75,29777.25,1203,647,556,0,NQ.Z26
2026-09-18,28,29778.25,29787.75,29773.25,29773.75,979,435,544,0,NQ.Z26
2026-09-18,29,29773.5,29779.25,29765.75,29776.75,1208,576,632,0,NQ.Z26
2026-09-18,30,29776,29783.75,29764,29775,1969,943,1026,0,NQ.Z26
2026-09-18,31,29775.5,29783.25,29751,29751,2054,848,1206,0,NQ.Z26
2026-09-18,32,29752.25,29753.25,29729.75,29732.75,2642,1133,1509,0,NQ.Z26
2026-09-18,33,29733,29738.25,29727.5,29730.25,1886,973,913,0,NQ.Z26
2026-09-18,34,29728.75,29737.25,29723.25,29728.25,1669,801,868,0,NQ.Z26
2026-09-18,35,29728.25,29739,29714.5,29738,2507,1329,1178,0,NQ.Z26
2026-09-18,36,29738.25,29747.5,29734.5,29741.5,1901,1002,899,0,NQ.Z26
2026-09-18,37,29741.75,29741.75,29715.5,29720.25,1954,836,1118,0,NQ.Z26
2026-09-18,38,29719.5,29726,29711.75,29722.5,1501,788,713,0,NQ.Z26
2026-09-18,39,29723.5,29740.75,29717.5,29740.25,1388,827,561,0,NQ.Z26
2026-09-18,40,29739.75,29754.5,29738.75,29754.25,1846,1121,725,0,NQ.Z26
2026-09-18,41,29754.5,29756.25,29745.5,29754.5,1572,748,824,0,NQ.Z26
2026-09-18,42,29755.25,29755.75,29739,29744.25,1546,667,879,0,NQ.Z26
2026-09-18,43,29744.75,29747.25,29724.5,29731.75,2202,973,1229,0,NQ.Z26
2026-09-18,44,29732.5,29734.25,29717,29719.25,1333,567,766,0,NQ.Z26
2026-09-18,45,29719.25,29726.75,29714.25,29717.25,1607,706,901,0,NQ.Z26
2026-09-18,46,29717.25,29719,29692.75,29698.5,2733,1035,1698,0,NQ.Z26
2026-09-18,47,29698.25,29716.25,29695,29713.5,1876,1140,736,0,NQ.Z26
2026-09-18,48,29713.25,29724,29712.25,29723,1460,793,667,0,NQ.Z26
2026-09-18,49,29723.5,29726.25,29716.75,29725.25,1098,609,489,0,NQ.Z26
2026-09-18,50,29724.75,29729.5,29717.25,29722,1422,752,670,0,NQ.Z26
2026-09-18,51,29721.75,29732.25,29717.25,29728.25,1065,546,519,0,NQ.Z26
2026-09-18,52,29728,29747.75,29726.75,29745.5,2050,1152,898,0,NQ.Z26
2026-09-18,53,29745,29746.75,29733.75,29745.25,1090,491,599,0,NQ.Z26
2026-09-18,54,29745.75,29745.75,29730.5,29732.5,1307,636,671,0,NQ.Z26
2026-09-18,55,29732.75,29738.75,29724.75,29731.5,1144,531,613,0,NQ.Z26
2026-09-18,56,29731,29736.5,29725.75,29726,766,326,440,0,NQ.Z26
2026-09-18,57,29726.75,29740,29724.25,29737,916,481,435,0,NQ.Z26
2026-09-18,58,29737.25,29745.5,29733.75,29734.25,1008,497,511,0,NQ.Z26
2026-09-18,59,29735,29736.25,29727.75,29728.75,725,297,428,0,NQ.Z26
2026-09-18,60,29728,29738.25,29724.25,29728.25,1371,661,710,0,NQ.Z26
2026-09-18,61,29728,29731.5,29717.5,29720.25,1129,518,611,0,NQ.Z26
2026-09-18,62,29720.75,29726,29716.25,29720.25,975,433,542,0,NQ.Z26
2026-09-18,63,29720.75,29725.75,29712.25,29723.25,932,444,488,0,NQ.Z26
2026-09-18,64,29723.5,29728,29717.5,29725.75,801,386,415,0,NQ.Z26
2026-09-18,65,29726.75,29731.25,29720.75,29724,798,374,424,0,NQ.Z26
2026-09-18,66,29724.25,29725,29710.5,29714.75,1040,438,602,0,NQ.Z26
2026-09-18,67,29715.25,29729.75,29713,29725.25,860,400,460,0,NQ.Z26
2026-09-18,68,29725.5,29733,29724.25,29732.25,695,391,304,0,NQ.Z26
2026-09-18,69,29732.25,29752.25,29729.5,29734.5,2570,1450,1120,0,NQ.Z26
2026-09-18,70,29734.25,29736.5,29730,29734,736,338,398,0,NQ.Z26
2026-09-18,71,29733.75,29736.75,29723.75,29727.5,951,387,564,0,NQ.Z26
2026-09-18,72,29728.75,29730.25,29702.75,29711.5,1402,523,879,0,NQ.Z26
2026-09-18,73,29712.25,29713.25,29704.25,29711.25,849,399,450,0,NQ.Z26
2026-09-18,74,29711.25,29716.25,29707.25,29714.25,668,305,363,0,NQ.Z26
2026-09-18,75,29715,29715.25,29707,29712.25,730,296,434,0,NQ.Z26
2026-09-18,76,29711.5,29729.5,29711.5,29725.75,1270,746,524,0,NQ.Z26
2026-09-18,77,29724.25,29735.75,29722.5,29728,916,486,430,0,NQ.Z26
2026-09-18,78,29728,29732.5,29724.5,29732,560,261,299,0,NQ.Z26
2026-09-18,79,29731.75,29744,29731,29742.5,1042,582,460,0,NQ.Z26
2026-09-18,80,29742.25,29750.25,29735,29749.25,1248,649,599,0,NQ.Z26
2026-09-18,81,29749.5,29759,29746.25,29755.75,1742,864,878,0,NQ.Z26
2026-09-18,82,29756.25,29766.75,29754.5,29761.25,1541,837,704,0,NQ.Z26
2026-09-18,83,29761.5,29765.5,29758.25,29763.75,935,426,509,0,NQ.Z26
2026-09-18,84,29764,29766,29757,29763.5,943,403,540,0,NQ.Z26
2026-09-18,85,29764,29767.25,29754.5,29755.25,1104,468,636,0,NQ.Z26
2026-09-18,86,29756,29760,29752.25,29756.25,774,315,459,0,NQ.Z26
2026-09-18,87,29756,29756.75,29751.25,29753.5,860,382,478,0,NQ.Z26
2026-09-18,88,29753,29756.75,29747.5,29751.25,846,354,492,0,NQ.Z26
2026-09-18,89,29751.5,29759.75,29750.75,29758.5,819,425,394,0,NQ.Z26
2026-09-18,90,29758,29765,29753,29756.5,1061,538,523,0,NQ.Z26
2026-09-18,91,29756,29758.25,29745.5,29746,844,328,516,0,NQ.Z26
2026-09-18,92,29746.75,29746.75,29736.25,29744.75,1043,448,595,0,NQ.Z26
2026-09-18,93,29745.5,29756.5,29741.25,29755,997,595,402,0,NQ.Z26
2026-09-18,94,29755.25,29757.25,29748.25,29751.25,587,250,337,0,NQ.Z26
2026-09-18,95,29751.25,29764.25,29746.25,29763.75,826,407,419,0,NQ.Z26
2026-09-18,96,29763.5,29772.5,29755.5,29764.5,1067,581,486,0,NQ.Z26
2026-09-18,97,29765.25,29768.75,29761.75,29766,621,293,328,0,NQ.Z26
2026-09-18,98,29765.75,29766.75,29757.5,29763.75,559,208,351,0,NQ.Z26
2026-09-18,99,29764,29764.75,29749.25,29749.75,660,240,420,0,NQ.Z26
2026-09-18,100,29750.25,29754,29746,29752.5,706,287,419,0,NQ.Z26
2026-09-18,101,29753.5,29754.25,29735.75,29736.75,1048,398,650,0,NQ.Z26
2026-09-18,102,29737.25,29739.5,29732.5,29734,1034,438,596,0,NQ.Z26
2026-09-18,103,29734,29740,29725,29737.75,1263,612,651,0,NQ.Z26
2026-09-18,104,29737.25,29738.75,29727.5,29729.75,493,215,278,0,NQ.Z26
2026-09-18,105,29730.25,29735.75,29725.75,29732,676,300,376,0,NQ.Z26
2026-09-18,106,29731.5,29735.75,29722.25,29725.5,648,276,372,0,NQ.Z26
2026-09-18,107,29726,29734.5,29723,29725.25,577,309,268,0,NQ.Z26
2026-09-18,108,29726,29730,29720.25,29724.25,708,310,398,0,NQ.Z26
2026-09-18,109,29724.25,29735.25,29723.5,29731.25,608,322,286,0,NQ.Z26
2026-09-18,110,29731.75,29737.5,29727.75,29737.25,648,326,322,0,NQ.Z26
2026-09-18,111,29738,29738.25,29731.25,29731.25,550,258,292,0,NQ.Z26
2026-09-18,112,29731.75,29735.5,29725.5,29730.25,580,265,315,0,NQ.Z26
2026-09-18,113,29730.75,29742.25,29730.75,29739.5,911,524,387,0,NQ.Z26
2026-09-18,114,29739.5,29743.25,29736.5,29738.75,572,285,287,0,NQ.Z26
2026-09-18,115,29738.5,29747.25,29738,29746,643,350,293,0,NQ.Z26
2026-09-18,116,29746,29754.5,29745.75,29750.25,898,478,420,0,NQ.Z26
2026-09-18,117,29750.5,29751.25,29744.75,29747.75,545,213,332,0,NQ.Z26
2026-09-18,118,29748,29752.5,29745.75,29750.25,445,234,211,0,NQ.Z26
2026-09-18,119,29749.5,29751.5,29743,29749.25,620,286,334,0,NQ.Z26
2026-09-18,120,29749.5,29755.5,29731.5,29737,2008,712,1296,0,NQ.Z26
2026-09-18,121,29737.25,29739.25,29730.25,29733.25,1227,545,682,0,NQ.Z26
2026-09-18,122,29732.75,29738,29727.75,29738,784,409,375,0,NQ.Z26
2026-09-18,123,29739.25,29741.5,29730.5,29735,667,305,362,0,NQ.Z26
2026-09-18,124,29734.75,29737,29728.75,29735.5,652,310,342,0,NQ.Z26
2026-09-18,125,29735.75,29739.75,29733,29738.5,531,269,262,0,NQ.Z26
2026-09-18,126,29738.5,29744,29733.75,29740,709,365,344,0,NQ.Z26
2026-09-18,127,29740.5,29741.5,29736,29736.75,526,250,276,0,NQ.Z26
2026-09-18,128,29736.25,29737.75,29728.25,29730.25,705,304,401,0,NQ.Z26
2026-09-18,129,29730.25,29731.25,29721,29725.75,803,350,453,0,NQ.Z26
2026-09-18,130,29725.5,29725.75,29714.75,29714.75,1022,415,607,0,NQ.Z26
2026-09-18,131,29711,29723.5,29710.25,29720.75,1026,519,507,0,NQ.Z26
2026-09-18,132,29720.5,29723.75,29716.25,29723,620,344,276,0,NQ.Z26
2026-09-18,133,29723.25,29727.75,29722.25,29724,544,306,238,0,NQ.Z26
2026-09-18,134,29725,29726,29718.25,29723.5,459,190,269,0,NQ.Z26
2026-09-18,135,29723.75,29727,29712.25,29712.5,598,224,374,0,NQ.Z26
2026-09-18,136,29712.75,29721,29712.25,29718.75,618,314,304,0,NQ.Z26
2026-09-18,137,29718.5,29721,29715.75,29721,378,194,184,0,NQ.Z26
2026-09-18,138,29720.75,29726,29719.25,29723.75,398,221,177,0,NQ.Z26
2026-09-18,139,29723.75,29723.75,29718.25,29719.5,333,166,167,0,NQ.Z26
2026-09-18,140,29720,29729.75,29717,29729.75,616,323,293,0,NQ.Z26
2026-09-18,141,29729.75,29730.5,29722,29722.5,574,262,312,0,NQ.Z26
2026-09-18,142,29722,29723,29715,29722.75,558,269,289,0,NQ.Z26
2026-09-18,143,29723,29723.75,29710,29710.5,673,205,468,0,NQ.Z26
2026-09-18,144,29710.5,29714.25,29708,29710.25,645,296,349,0,NQ.Z26
2026-09-18,145,29710.75,29713.75,29708.5,29710.75,510,257,253,0,NQ.Z26
2026-09-18,146,29710.75,29719.5,29710.5,29717.25,708,365,343,0,NQ.Z26
2026-09-18,147,29717.25,29720.5,29710.75,29710.75,558,255,303,0,NQ.Z26
2026-09-18,148,29711,29713,29705,29705.5,692,227,465,0,NQ.Z26
2026-09-18,149,29705.25,29710,29702.75,29708.25,664,315,349,0,NQ.Z26
2026-09-18,150,29708.5,29709.75,29699.25,29703.25,925,377,548,0,NQ.Z26
2026-09-18,151,29703.25,29707,29701,29703.5,526,270,256,0,NQ.Z26
2026-09-18,152,29703.75,29709.75,29700.75,29707.5,569,303,266,0,NQ.Z26
2026-09-18,153,29707.75,29711,29702.75,29706.25,570,283,287,0,NQ.Z26
2026-09-18,154,29706.25,29707.25,29702.25,29705.75,399,183,216,0,NQ.Z26
2026-09-18,155,29706.5,29712,29705.75,29711.5,503,247,256,0,NQ.Z26
2026-09-18,156,29711,29716,29711,29715,616,341,275,0,NQ.Z26
2026-09-18,157,29715.25,29723,29714.5,29722.5,580,313,267,0,NQ.Z26
2026-09-18,158,29722.75,29724.25,29710,29710.5,645,307,338,0,NQ.Z26
2026-09-18,159,29711.25,29715.5,29711.25,29714.25,529,288,241,0,NQ.Z26
2026-09-18,160,29714.25,29716.75,29712,29714,404,198,206,0,NQ.Z26
2026-09-18,161,29714,29715.75,29710.25,29712,329,129,200,0,NQ.Z26
2026-09-18,162,29712.5,29719,29712.5,29718.25,387,211,176,0,NQ.Z26
2026-09-18,163,29718,29718.75,29709.25,29709.75,388,161,227,0,NQ.Z26
2026-09-18,164,29709.75,29714.5,29709,29709.25,384,155,229,0,NQ.Z26
2026-09-18,165,29709.25,29711.25,29706.25,29706.5,550,234,316,0,NQ.Z26
2026-09-18,166,29707,29712.75,29704.25,29707.25,626,261,365,0,NQ.Z26
2026-09-18,167,29707.25,29713.75,29707.25,29710.25,360,201,159,0,NQ.Z26
2026-09-18,168,29710,29722.75,29710,29717.75,794,463,331,0,NQ.Z26
2026-09-18,169,29718.25,29721.25,29716.75,29721,330,177,153,0,NQ.Z26
2026-09-18,170,29721,29722,29713.75,29716.5,472,209,263,0,NQ.Z26
2026-09-18,171,29716.5,29719.25,29711.25,29716,373,152,221,0,NQ.Z26
2026-09-18,172,29716,29716.5,29709.5,29710.25,330,138,192,0,NQ.Z26
2026-09-18,173,29710.75,29711.25,29675.25,29677.5,2647,1026,1621,0,NQ.Z26
2026-09-18,174,29678,29678.5,29669,29672.75,1336,694,642,0,NQ.Z26
2026-09-18,175,29673,29673,29659.25,29671.75,1464,757,707,0,NQ.Z26
2026-09-18,176,29671.5,29676,29668.5,29669.75,1037,555,482,0,NQ.Z26
2026-09-18,177,29669.5,29685,29669.5,29684,847,480,367,0,NQ.Z26
2026-09-18,178,29684.25,29702.25,29680.75,29691,2654,1477,1177,0,NQ.Z26
2026-09-18,179,29690.75,29705.25,29688.25,29700,1078,629,449,0,NQ.Z26
2026-09-18,180,29699.75,29711.25,29692.5,29709,1239,692,547,0,NQ.Z26
2026-09-18,181,29709.5,29710,29696.25,29698,675,287,388,0,NQ.Z26
2026-09-18,182,29698.25,29704,29695.25,29702,488,247,241,0,NQ.Z26
2026-09-18,183,29702.25,29718.25,29699.5,29714.5,1257,768,489,0,NQ.Z26
2026-09-18,184,29714.5,29721,29711,29713.75,1065,547,518,0,NQ.Z26
2026-09-18,185,29714.75,29719.5,29711.5,29715.5,544,296,248,0,NQ.Z26
2026-09-18,186,29715.25,29719,29708.5,29708.75,474,179,295,0,NQ.Z26
2026-09-18,187,29709.25,29712,29704.25,29705,696,311,385,0,NQ.Z26
2026-09-18,188,29705,29708.5,29697.25,29702,945,439,506,0,NQ.Z26
2026-09-18,189,29701.75,29712,29701,29708.75,466,263,203,0,NQ.Z26
2026-09-18,190,29708.25,29710.75,29705.5,29706.75,313,164,149,0,NQ.Z26
2026-09-18,191,29707.25,29712.25,29702.25,29703,452,237,215,0,NQ.Z26
2026-09-18,192,29703.75,29716.5,29702,29715.5,569,342,227,0,NQ.Z26
2026-09-18,193,29715.25,29716.75,29710,29714,347,182,165,0,NQ.Z26
2026-09-18,194,29713.5,29722.5,29712.75,29716,635,362,273,0,NQ.Z26
2026-09-18,195,29716.5,29718.75,29713.25,29717.5,435,216,219,0,NQ.Z26
2026-09-18,196,29717.75,29720,29709,29709.5,344,141,203,0,NQ.Z26
2026-09-18,197,29709.25,29715.75,29701,29712.25,798,381,417,0,NQ.Z26
2026-09-18,198,29712.25,29712.5,29705.75,29706,324,131,193,0,NQ.Z26
2026-09-18,199,29706,29715.25,29705,29714,495,316,179,0,NQ.Z26
2026-09-18,200,29713.75,29719.25,29713.75,29715.25,412,243,169,0,NQ.Z26
2026-09-18,201,29716,29723.25,29714.75,29721.5,417,245,172,0,NQ.Z26
2026-09-18,202,29721.5,29728,29720.75,29724,808,525,283,0,NQ.Z26
2026-09-18,203,29724.5,29730.25,29724.5,29728.25,427,244,183,0,NQ.Z26
2026-09-18,204,29728.5,29730.5,29725.75,29727.75,505,269,236,0,NQ.Z26
2026-09-18,205,29728.75,29731.25,29725.5,29729.5,464,242,222,0,NQ.Z26
2026-09-18,206,29730.25,29731,29724,29727.25,412,201,211,0,NQ.Z26
2026-09-18,207,29727,29730,29726.25,29728.25,263,128,135,0,NQ.Z26
2026-09-18,208,29728.25,29735,29724,29725.75,924,449,475,0,NQ.Z26
2026-09-18,209,29725.75,29728,29722,29727.5,625,276,349,0,NQ.Z26
2026-09-18,210,29728,29729,29719.75,29724.5,562,299,263,0,NQ.Z26
2026-09-18,211,29724.5,29729.5,29724,29726.5,368,210,158,0,NQ.Z26
2026-09-18,212,29726.5,29731,29725.75,29728,339,179,160,0,NQ.Z26
2026-09-18,213,29728.5,29735.75,29727.5,29734.5,551,326,225,0,NQ.Z26
2026-09-18,214,29734.5,29734.5,29729.25,29731.75,384,195,189,0,NQ.Z26
2026-09-18,215,29731.25,29742,29730.75,29738,793,505,288,0,NQ.Z26
2026-09-18,216,29737.25,29741.75,29735,29736.5,537,267,270,0,NQ.Z26
2026-09-18,217,29736.25,29740,29735,29738.75,351,205,146,0,NQ.Z26
2026-09-18,218,29739,29743.25,29736.5,29737,534,262,272,0,NQ.Z26
2026-09-18,219,29736.75,29739.25,29732.75,29736.75,472,194,278,0,NQ.Z26
2026-09-18,220,29736.75,29738.5,29728.75,29729,685,309,376,0,NQ.Z26
2026-09-18,221,29729.75,29731.5,29727,29731.5,517,248,269,0,NQ.Z26
2026-09-18,222,29731.75,29731.75,29725.5,29729.75,470,212,258,0,NQ.Z26
2026-09-18,223,29730.25,29739.5,29729.75,29738.75,514,314,200,0,NQ.Z26
2026-09-18,224,29738.75,29741.75,29738.5,29741.25,506,340,166,0,NQ.Z26
2026-09-18,225,29741.5,29749,29739.25,29748.5,611,399,212,0,NQ.Z26
2026-09-18,226,29748,29748.25,29740,29743.25,552,238,314,0,NQ.Z26
2026-09-18,227,29743,29749.25,29742,29748.25,424,246,178,0,NQ.Z26
2026-09-18,228,29748.25,29748.75,29741.25,29742.75,299,117,182,0,NQ.Z26
2026-09-18,229,29742.75,29746.25,29741,29746,333,192,141,0,NQ.Z26
2026-09-18,230,29746.25,29747.25,29740.5,29741.25,275,114,161,0,NQ.Z26
2026-09-18,231,29741,29743.75,29741,29741.5,270,127,143,0,NQ.Z26
2026-09-18,232,29741.75,29743,29741.5,29742,50,23,27,0,NQ.Z26
2026-09-18,233,29745.25,29746.75,29744.75,29746.5,302,186,116,0,NQ.Z26
2026-09-18,234,29746.5,29748.25,29744.75,29747.75,306,161,145,0,NQ.Z26
2026-09-18,235,29747.5,29750.75,29746.25,29749.75,467,267,200,0,NQ.Z26
2026-09-18,236,29749.75,29751.25,29746.75,29749.5,441,231,210,0,NQ.Z26
2026-09-18,237,29749.25,29751.5,29747.25,29749.75,462,235,227,0,NQ.Z26
2026-09-18,238,29749.75,29751.25,29743.75,29744,464,202,262,0,NQ.Z26
2026-09-18,239,29744.25,29745.25,29740.25,29741.75,372,148,224,0,NQ.Z26
2026-09-18,240,29741.5,29741.75,29732.5,29735,615,242,373,0,NQ.Z26
2026-09-18,241,29734.5,29738,29733,29737.25,411,204,207,0,NQ.Z26
2026-09-18,242,29736.5,29739,29735.25,29738.25,244,110,134,0,NQ.Z26
2026-09-18,243,29738,29738.25,29731.75,29734.75,367,136,231,0,NQ.Z26
2026-09-18,244,29734.5,29742,29734,29741,476,250,226,0,NQ.Z26
2026-09-18,245,29741.25,29749.25,29741.25,29748,592,331,261,0,NQ.Z26
2026-09-18,246,29748.25,29754.75,29748.25,29752.5,712,387,325,0,NQ.Z26
2026-09-18,247,29751.75,29756,29750,29751,441,234,207,0,NQ.Z26
2026-09-18,248,29751.25,29753,29748.5,29752.5,341,163,178,0,NQ.Z26
2026-09-18,249,29753,29755.75,29752,29755.25,264,140,124,0,NQ.Z26
2026-09-18,250,29754.75,29756.75,29753,29756,332,165,167,0,NQ.Z26
2026-09-18,251,29756,29757.75,29752.75,29755.5,334,169,165,0,NQ.Z26
2026-09-18,252,29755.75,29757,29752.5,29754.5,327,143,184,0,NQ.Z26
2026-09-18,253,29754.75,29757,29753.5,29755,293,125,168,0,NQ.Z26
2026-09-18,254,29755.75,29762.5,29755.75,29762,735,475,260,0,NQ.Z26
2026-09-18,255,29761.75,29763,29759.5,29760,433,200,233,0,NQ.Z26
2026-09-18,256,29760.5,29763,29759,29762,365,160,205,0,NQ.Z26
2026-09-18,257,29762,29764.75,29761.75,29762.25,329,168,161,0,NQ.Z26
2026-09-18,258,29762.5,29764.25,29757.25,29758.5,408,141,267,0,NQ.Z26
2026-09-18,259,29758,29759.75,29757,29758.25,327,113,214,0,NQ.Z26
2026-09-18,260,29758.25,29760.75,29756.5,29760.25,424,205,219,0,NQ.Z26
2026-09-18,261,29760,29765.5,29760,29763.75,378,219,159,0,NQ.Z26
2026-09-18,262,29763.5,29766.75,29762,29766,322,169,153,0,NQ.Z26
2026-09-18,263,29765.75,29765.75,29761.5,29762,455,155,300,0,NQ.Z26
2026-09-18,264,29762.25,29764.25,29760.75,29762,187,91,96,0,NQ.Z26
2026-09-18,265,29762,29764.5,29759.75,29763.75,386,187,199,0,NQ.Z26
2026-09-18,266,29763.75,29766,29763.25,29765.5,296,154,142,0,NQ.Z26
2026-09-18,267,29765.5,29768,29764,29764.5,367,176,191,0,NQ.Z26
2026-09-18,268,29764.25,29764.75,29761,29764.25,329,126,203,0,NQ.Z26
2026-09-18,269,29764.25,29766.75,29763,29763.25,304,141,163,0,NQ.Z26
2026-09-18,270,29763.5,29765.5,29756.75,29757,706,271,435,0,NQ.Z26
2026-09-18,271,29757.5,29768.75,29756,29763.5,669,379,290,0,NQ.Z26
2026-09-18,272,29763.5,29764.25,29760.5,29761.5,286,123,163,0,NQ.Z26
2026-09-18,273,29761.5,29762.75,29759.75,29762.75,192,94,98,0,NQ.Z26
2026-09-18,274,29762.5,29764,29760.25,29761.5,256,119,137,0,NQ.Z26
2026-09-18,275,29761.75,29763.5,29760.25,29763,297,144,153,0,NQ.Z26
2026-09-18,276,29763,29763.25,29757.75,29758,282,104,178,0,NQ.Z26
2026-09-18,277,29757.5,29760.25,29756,29760,348,152,196,0,NQ.Z26
2026-09-18,278,29760,29763,29758.25,29758.25,291,124,167,0,NQ.Z26
2026-09-18,279,29758.75,29759,29755.25,29758.25,264,112,152,0,NQ.Z26
2026-09-18,280,29757.75,29760,29755.75,29758.5,303,146,157,0,NQ.Z26
2026-09-18,281,29758,29758.25,29750.75,29755,563,233,330,0,NQ.Z26
2026-09-18,282,29755,29755,29748,29753.5,545,260,285,0,NQ.Z26
2026-09-18,283,29754,29756.5,29751.25,29754.75,477,253,224,0,NQ.Z26
2026-09-18,284,29755,29755,29752,29754,271,111,160,0,NQ.Z26
2026-09-18,285,29753.25,29756.5,29753,29755.75,364,191,173,0,NQ.Z26
2026-09-18,286,29756,29763,29756,29761,462,270,192,0,NQ.Z26
2026-09-18,287,29761,29761.5,29755.75,29757.25,308,130,178,0,NQ.Z26
2026-09-18,288,29757.5,29761.75,29757,29760.5,298,154,144,0,NQ.Z26
2026-09-18,289,29760.5,29764.75,29759.75,29764.5,388,194,194,0,NQ.Z26
2026-09-18,290,29764.25,29770.5,29764,29769.25,587,385,202,0,NQ.Z26
2026-09-18,291,29769,29777,29768.75,29774.75,1092,629,463,0,NQ.Z26
2026-09-18,292,29774.75,29787.25,29772.75,29784,1264,754,510,0,NQ.Z26
2026-09-18,293,29783.75,29788,29777.5,29780,927,402,525,0,NQ.Z26
2026-09-18,294,29779.25,29779.5,29774.5,29776.25,600,251,349,0,NQ.Z26
2026-09-18,295,29776.25,29778.75,29773,29774.75,452,212,240,0,NQ.Z26
2026-09-18,296,29774.75,29777.5,29772.75,29773,233,115,118,0,NQ.Z26
2026-09-18,297,29773,29781.5,29771.75,29777.75,480,252,228,0,NQ.Z26
2026-09-18,298,29777.75,29778.25,29771.25,29774.25,348,160,188,0,NQ.Z26
2026-09-18,299,29774.75,29781.25,29774,29780.75,263,149,114,0,NQ.Z26
2026-09-18,300,29780.5,29782,29776,29776.75,600,313,287,0,NQ.Z26
2026-09-18,301,29776.75,29778.75,29775.5,29777.75,242,118,124,0,NQ.Z26
2026-09-18,302,29777.5,29778.75,29776.75,29778,202,85,117,0,NQ.Z26
2026-09-18,303,29777.5,29780,29774.5,29779.25,319,162,157,0,NQ.Z26
2026-09-18,304,29780,29785.5,29777.25,29784.75,345,212,133,0,NQ.Z26
2026-09-18,305,29784.75,29785.75,29780.75,29785.25,435,186,249,0,NQ.Z26
2026-09-18,306,29785,29785.5,29779.5,29781.5,422,205,217,0,NQ.Z26
2026-09-18,307,29781.25,29781.25,29776.25,29779.75,383,171,212,0,NQ.Z26
2026-09-18,308,29780,29780,29773.25,29776,356,132,224,0,NQ.Z26
2026-09-18,309,29775.75,29781.5,29775.75,29780,230,134,96,0,NQ.Z26
2026-09-18,310,29780,29780.75,29777.25,29780,206,105,101,0,NQ.Z26
2026-09-18,311,29779.75,29782.75,29778.75,29781.5,233,127,106,0,NQ.Z26
2026-09-18,312,29781,29784.5,29781,29783.75,389,209,180,0,NQ.Z26
2026-09-18,313,29783.75,29789,29783,29787.75,480,290,190,0,NQ.Z26
2026-09-18,314,29787.25,29792.5,29786.25,29790.75,679,449,230,0,NQ.Z26
2026-09-18,315,29791.25,29802,29790.5,29801,909,549,360,0,NQ.Z26
2026-09-18,316,29801.25,29818,29798.75,29815.25,1703,933,770,0,NQ.Z26
2026-09-18,317,29815.25,29823,29814.25,29819.5,1030,505,525,0,NQ.Z26
2026-09-18,318,29819.25,29824.5,29817,29821.5,702,338,364,0,NQ.Z26
2026-09-18,319,29821.25,29823,29817.5,29819.5,617,267,350,0,NQ.Z26
2026-09-18,320,29819.25,29826,29818.75,29821.25,771,392,379,0,NQ.Z26
2026-09-18,321,29821,29826.25,29821,29823.25,603,353,250,0,NQ.Z26
2026-09-18,322,29823.25,29830.75,29822.75,29828.75,678,401,277,0,NQ.Z26
2026-09-18,323,29828.25,29847.75,29827.75,29843.25,1660,897,763,0,NQ.Z26
2026-09-18,324,29843,29849.5,29836.25,29837.25,1291,516,775,0,NQ.Z26
2026-09-18,325,29837.5,29838,29828.75,29835.25,983,433,550,0,NQ.Z26
2026-09-18,326,29835,29837.5,29830.25,29831,479,236,243,0,NQ.Z26
2026-09-18,327,29831,29837.5,29830.25,29835.75,478,234,244,0,NQ.Z26
2026-09-18,328,29835.5,29837.75,29832,29833.25,882,366,516,0,NQ.Z26
2026-09-18,329,29833.25,29834.25,29826.5,29832,853,376,477,0,NQ.Z26
2026-09-18,330,29832.25,29839.5,29830,29836.25,906,492,414,0,NQ.Z26
2026-09-18,331,29836.5,29838.25,29829.75,29832,534,204,330,0,NQ.Z26
2026-09-18,332,29832.5,29834.25,29830.75,29832.75,351,154,197,0,NQ.Z26
2026-09-18,333,29833,29839,29830.75,29838.5,432,234,198,0,NQ.Z26
2026-09-18,334,29838.25,29848.25,29838,29844.5,1012,613,399,0,NQ.Z26
2026-09-18,335,29845.25,29847,29842,29847,659,258,401,0,NQ.Z26
2026-09-18,336,29846.5,29852.25,29840.25,29841,935,424,511,0,NQ.Z26
2026-09-18,337,29840.75,29841.25,29832.25,29833.25,673,256,417,0,NQ.Z26
2026-09-18,338,29833.5,29839.5,29831.25,29831.25,423,154,269,0,NQ.Z26
2026-09-18,339,29831.5,29837.5,29831,29837.5,297,143,154,0,NQ.Z26
2026-09-18,340,29837.5,29839.75,29834.75,29834.75,325,123,202,0,NQ.Z26
2026-09-18,341,29835.5,29840.5,29834,29840,326,187,139,0,NQ.Z26
2026-09-18,342,29840.25,29844.75,29836.5,29844,467,231,236,0,NQ.Z26
2026-09-18,343,29844,29844,29833.5,29834.75,616,228,388,0,NQ.Z26
2026-09-18,344,29834,29837.25,29830,29835,662,302,360,0,NQ.Z26
2026-09-18,345,29834.75,29836.5,29832,29835.5,312,135,177,0,NQ.Z26
2026-09-18,346,29835.5,29838,29832.75,29835.5,341,183,158,0,NQ.Z26
2026-09-18,347,29836.25,29839,29832.75,29837.25,319,183,136,0,NQ.Z26
2026-09-18,348,29837,29840.5,29836.25,29837.75,328,178,150,0,NQ.Z26
2026-09-18,349,29837.75,29840,29834,29837.75,420,184,236,0,NQ.Z26
2026-09-18,350,29837.75,29838.5,29832.25,29838,431,169,262,0,NQ.Z26
2026-09-18,351,29837.75,29846,29837.5,29840.5,623,359,264,0,NQ.Z26
2026-09-18,352,29841,29841.75,29838,29838.75,285,104,181,0,NQ.Z26
2026-09-18,353,29839.75,29843,29839,29841.5,793,372,421,0,NQ.Z26
2026-09-18,354,29841.25,29844,29836.75,29840.25,547,236,311,0,NQ.Z26
2026-09-18,355,29840.75,29842.25,29835.25,29836.25,361,148,213,0,NQ.Z26
2026-09-18,356,29836,29837.25,29833.25,29836.5,351,151,200,0,NQ.Z26
2026-09-18,357,29836.5,29840,29835.5,29838.75,267,133,134,0,NQ.Z26
2026-09-18,358,29838.75,29839.75,29835.75,29838.75,327,139,188,0,NQ.Z26
2026-09-18,359,29838.75,29839.5,29829.25,29831.25,650,253,397,0,NQ.Z26
2026-09-18,360,29831.5,29834,29822.75,29827.75,1004,441,563,0,NQ.Z26
2026-09-18,361,29827.5,29830.75,29824.25,29824.75,552,284,268,0,NQ.Z26
2026-09-18,362,29824.5,29828.75,29824.5,29825.5,366,180,186,0,NQ.Z26
2026-09-18,363,29825.5,29827.75,29823.5,29826,380,185,195,0,NQ.Z26
2026-09-18,364,29826,29827.25,29823.75,29826,437,216,221,0,NQ.Z26
2026-09-18,365,29825.25,29829.75,29824.25,29825.75,415,219,196,0,NQ.Z26
2026-09-18,366,29825.5,29832,29825.5,29831,420,243,177,0,NQ.Z26
2026-09-18,367,29830.75,29840.5,29830,29839.25,885,541,344,0,NQ.Z26
2026-09-18,368,29838.75,29842.25,29838.25,29841.25,515,268,247,0,NQ.Z26
2026-09-18,369,29841.25,29843.75,29838,29840.25,573,266,307,0,NQ.Z26
2026-09-18,370,29840.5,29842.75,29836.75,29840,668,326,342,0,NQ.Z26
2026-09-18,371,29840,29845.25,29839.25,29843.5,632,392,240,0,NQ.Z26
2026-09-18,372,29843.75,29847.5,29841,29843.25,542,232,310,0,NQ.Z26
2026-09-18,373,29843.25,29849.5,29842.5,29848.25,567,330,237,0,NQ.Z26
2026-09-18,374,29848,29853.25,29847.25,29852.25,542,311,231,0,NQ.Z26
2026-09-18,375,29852.75,29857.25,29850,29854.75,1234,660,574,0,NQ.Z26
2026-09-18,376,29854.5,29858.25,29852.25,29857.25,765,401,364,0,NQ.Z26
2026-09-18,377,29857,29868,29856.5,29862.25,1190,640,550,0,NQ.Z26
2026-09-18,378,29861.75,29865.75,29861.5,29865,587,316,271,0,NQ.Z26
2026-09-18,379,29865.5,29873,29865.5,29872.75,1128,649,479,0,NQ.Z26
2026-09-18,380,29872,29888.75,29866.75,29876,3458,1724,1734,0,NQ.Z26
2026-09-18,381,29875.75,29878.75,29864,29864.75,1428,656,772,0,NQ.Z26
2026-09-18,382,29865.5,29871.75,29862.25,29867.5,1371,647,724,0,NQ.Z26
2026-09-18,383,29867.5,29872.75,29866,29871,921,397,524,0,NQ.Z26
2026-09-18,384,29870.5,29878,29864.75,29877.5,2023,1083,940,0,NQ.Z26
2026-09-18,385,29877.75,29928,29877.5,29907.5,4603,2381,2222,0,NQ.Z26
2026-09-18,386,29907.25,29913.25,29905.75,29910.25,1587,842,745,0,NQ.Z26
2026-09-18,387,29909.75,29937.75,29908.5,29937.25,2478,1400,1078,0,NQ.Z26
2026-09-18,388,29937,29937,29916.25,29918.5,3782,1643,2139,0,NQ.Z26
2026-09-18,389,29918,29923.75,29910.25,29916.5,12575,5990,6585,0,NQ.Z26
2026-09-21,0,30222,30260,30222,30253.25,5302,2919,2383,0,NQ.Z26
2026-09-21,1,30253.75,30255,30230,30253.75,3642,1822,1820,0,NQ.Z26
2026-09-21,2,30253.75,30260,30236.75,30238.25,2864,1433,1431,0,NQ.Z26
2026-09-21,3,30238,30240,30216.5,30224,2544,1093,1451,0,NQ.Z26
2026-09-21,4,30225.25,30252,30223.25,30252,2117,1138,979,0,NQ.Z26
2026-09-21,5,30252.5,30260,30235.5,30256.75,3134,1717,1417,0,NQ.Z26
2026-09-21,6,30256.25,30264.25,30244.25,30264.25,2112,1099,1013,0,NQ.Z26
2026-09-21,7,30263.5,30296,30259.75,30291.75,4051,2393,1658,0,NQ.Z26
2026-09-21,8,30291.25,30293.5,30282.5,30292.5,1528,707,821,0,NQ.Z26
2026-09-21,9,30292.75,30303.25,30287,30296.5,2109,1103,1006,0,NQ.Z26
2026-09-21,10,30296.75,30310,30296.75,30307,2337,1134,1203,0,NQ.Z26
2026-09-21,11,30307.75,30312.5,30302.5,30308.25,1472,668,804,0,NQ.Z26
2026-09-21,12,30308.5,30316,30305.5,30315,1450,698,752,0,NQ.Z26
2026-09-21,13,30314.5,30329,30312,30323.25,2011,1121,890,0,NQ.Z26
2026-09-21,14,30323.25,30340.5,30320.5,30339.75,1849,992,857,0,NQ.Z26
2026-09-21,15,30340.5,30366.75,30340,30366.75,3603,1990,1613,0,NQ.Z26
2026-09-21,16,30366.5,30370,30358.75,30365.25,1944,940,1004,0,NQ.Z26
2026-09-21,17,30365.25,30366.25,30356.25,30358.25,1388,632,756,0,NQ.Z26
2026-09-21,18,30358,30371,30357.5,30364.5,1644,898,746,0,NQ.Z26
2026-09-21,19,30364.75,30366,30356.5,30359.25,1745,743,1002,0,NQ.Z26
2026-09-21,20,30359,30361,30351.75,30357.25,1656,771,885,0,NQ.Z26
2026-09-21,21,30357.25,30375,30357.25,30371.75,2198,1203,995,0,NQ.Z26
2026-09-21,22,30371.25,30396,30371.25,30392,3193,1814,1379,0,NQ.Z26
2026-09-21,23,30391.75,30399.5,30390.75,30399,1606,788,818,0,NQ.Z26
2026-09-21,24,30399,30408.5,30393.75,30407.75,2193,1252,941,0,NQ.Z26
2026-09-21,25,30407.75,30408,30395.75,30402.75,1961,815,1146,0,NQ.Z26
2026-09-21,26,30402.25,30409,30396,30397.75,1399,692,707,0,NQ.Z26
2026-09-21,27,30398.25,30418,30395.5,30417.5,1619,1016,603,0,NQ.Z26
2026-09-21,28,30417.25,30423,30405.25,30409.75,1917,812,1105,0,NQ.Z26
2026-09-21,29,30410,30419.5,30404.75,30416.5,1683,860,823,0,NQ.Z26
2026-09-21,30,30416.5,30430,30412,30418.5,2238,1066,1172,0,NQ.Z26
2026-09-21,31,30419,30437.75,30416.75,30430,2606,1508,1098,0,NQ.Z26
2026-09-21,32,30429.75,30430.25,30414.25,30423.25,1482,600,882,0,NQ.Z26
2026-09-21,33,30423,30424.75,30411,30413.75,1341,613,728,0,NQ.Z26
2026-09-21,34,30413.5,30421.75,30413.5,30417.5,1285,668,617,0,NQ.Z26
2026-09-21,35,30418,30419,30399.25,30410.25,2073,818,1255,0,NQ.Z26
2026-09-21,36,30410.25,30410.25,30401.5,30403.25,1087,491,596,0,NQ.Z26
2026-09-21,37,30403.25,30409,30397,30403.5,1254,620,634,0,NQ.Z26
2026-09-21,38,30403.25,30416.5,30402.75,30415.5,1025,591,434,0,NQ.Z26
2026-09-21,39,30415.5,30420.25,30406.5,30408.75,1471,710,761,0,NQ.Z26
2026-09-21,40,30408.5,30429,30408.25,30421.25,1457,860,597,0,NQ.Z26
2026-09-21,41,30421,30428,30417.25,30425.75,1160,575,585,0,NQ.Z26
2026-09-21,42,30425.5,30434.75,30423.5,30432.5,1743,1092,651,0,NQ.Z26
2026-09-21,43,30433,30444.75,30431.25,30442.5,1968,1109,859,0,NQ.Z26
2026-09-21,44,30442.5,30444.25,30433.5,30436.75,1200,493,707,0,NQ.Z26
2026-09-21,45,30437.5,30454.25,30437.5,30453.75,2118,1306,812,0,NQ.Z26
2026-09-21,46,30453.5,30470.5,30451.5,30467.75,2254,1307,947,0,NQ.Z26
2026-09-21,47,30468,30469,30460.5,30463.75,1436,657,779,0,NQ.Z26
2026-09-21,48,30463.25,30471.75,30463,30468.5,1140,526,614,0,NQ.Z26
2026-09-21,49,30468.75,30469.75,30462.25,30468.75,919,444,475,0,NQ.Z26
2026-09-21,50,30469.25,30469.5,30457,30458.5,1080,467,613,0,NQ.Z26
2026-09-21,51,30458,30489.25,30455.75,30486.75,2212,1330,882,0,NQ.Z26
2026-09-21,52,30487,30498.5,30485,30497.25,2188,1167,1021,0,NQ.Z26
2026-09-21,53,30497.25,30503,30491.75,30502.75,1576,732,844,0,NQ.Z26
2026-09-21,54,30502.25,30505,30498.25,30502.5,1634,597,1037,0,NQ.Z26
2026-09-21,55,30502,30503,30493.5,30499.75,1321,608,713,0,NQ.Z26
2026-09-21,56,30500,30509.75,30497.75,30506.25,1315,685,630,0,NQ.Z26
2026-09-21,57,30506.75,30514,30504.5,30512.25,1405,734,671,0,NQ.Z26
2026-09-21,58,30512,30519.25,30511,30516.25,1431,714,717,0,NQ.Z26
2026-09-21,59,30516.5,30519.75,30512,30518,1594,719,875,0,NQ.Z26
2026-09-21,60,30518.25,30525,30510.25,30524.25,1481,764,717,0,NQ.Z26
2026-09-21,61,30524.25,30528.5,30514.5,30521.75,1754,823,931,0,NQ.Z26
2026-09-21,62,30521.5,30531.25,30519.75,30527,1548,873,675,0,NQ.Z26
2026-09-21,63,30527.25,30530.75,30523.25,30527.5,920,450,470,0,NQ.Z26
2026-09-21,64,30527.5,30529.5,30520.75,30524.25,853,388,465,0,NQ.Z26
2026-09-21,65,30524.25,30533,30524.25,30531,1124,584,540,0,NQ.Z26
2026-09-21,66,30531,30549,30529.25,30547.25,1765,946,819,0,NQ.Z26
2026-09-21,67,30547.5,30557.25,30545.5,30546.75,1822,861,961,0,NQ.Z26
2026-09-21,68,30546.75,30548,30531.75,30533,1533,552,981,0,NQ.Z26
2026-09-21,69,30533.25,30537.5,30525.25,30530.75,1531,740,791,0,NQ.Z26
2026-09-21,70,30531.5,30532.25,30522.75,30526.25,1484,678,806,0,NQ.Z26
2026-09-21,71,30526.25,30539,30517.75,30521.75,1913,888,1025,0,NQ.Z26
2026-09-21,72,30521.75,30522.5,30510.75,30511.5,1241,484,757,0,NQ.Z26
2026-09-21,73,30511.5,30513.25,30500.5,30509.25,1722,779,943,0,NQ.Z26
2026-09-21,74,30508.75,30519,30504.5,30516.75,1334,751,583,0,NQ.Z26
2026-09-21,75,30517,30517.75,30504,30507.5,1472,688,784,0,NQ.Z26
2026-09-21,76,30508,30524.75,30507.5,30519.5,1693,904,789,0,NQ.Z26
2026-09-21,77,30520.25,30531.5,30517,30527,1952,1099,853,0,NQ.Z26
2026-09-21,78,30526,30531.75,30522,30529.5,885,444,441,0,NQ.Z26
2026-09-21,79,30529.5,30530.75,30519,30519,663,273,390,0,NQ.Z26
2026-09-21,80,30519,30522.75,30506.75,30509.75,1286,566,720,0,NQ.Z26
2026-09-21,81,30509.75,30521.75,30508.5,30518.5,874,506,368,0,NQ.Z26
2026-09-21,82,30518.75,30524.5,30513,30518.25,755,359,396,0,NQ.Z26
2026-09-21,83,30517.5,30521,30506.5,30506.75,927,434,493,0,NQ.Z26
2026-09-21,84,30506.75,30529.25,30506.75,30527.75,1032,606,426,0,NQ.Z26
2026-09-21,85,30527.75,30528.25,30522,30524,570,286,284,0,NQ.Z26
2026-09-21,86,30524.25,30543.25,30519.5,30542.75,1559,1004,555,0,NQ.Z26
2026-09-21,87,30542.5,30546.5,30538.5,30541.5,1403,683,720,0,NQ.Z26
2026-09-21,88,30541,30559.5,30539.5,30551,1726,1015,711,0,NQ.Z26
2026-09-21,89,30551,30551.25,30544,30550.5,950,420,530,0,NQ.Z26
2026-09-21,90,30551,30561.25,30549,30556.5,1542,859,683,0,NQ.Z26
2026-09-21,91,30556.25,30560.75,30552,30556.75,1225,555,670,0,NQ.Z26
2026-09-21,92,30557,30559.75,30552,30558.25,779,376,403,0,NQ.Z26
2026-09-21,93,30557.5,30569.25,30556.75,30568.5,1706,941,765,0,NQ.Z26
2026-09-21,94,30569.25,30577.5,30567.5,30576,1733,900,833,0,NQ.Z26
2026-09-21,95,30576,30577.75,30568.5,30570.25,969,429,540,0,NQ.Z26
2026-09-21,96,30570.5,30571,30563.75,30565,1132,501,631,0,NQ.Z26
2026-09-21,97,30565.75,30573.25,30565.25,30571.25,864,453,411,0,NQ.Z26
2026-09-21,98,30571,30574,30567,30572.5,632,307,325,0,NQ.Z26
2026-09-21,99,30572.25,30579,30570.25,30575.25,818,437,381,0,NQ.Z26
2026-09-21,100,30576.25,30577,30569.25,30569.5,947,424,523,0,NQ.Z26
2026-09-21,101,30569.75,30572,30567,30571,634,286,348,0,NQ.Z26
2026-09-21,102,30571.5,30581,30568.75,30580,1039,586,453,0,NQ.Z26
2026-09-21,103,30580.25,30581,30571.5,30574.25,934,353,581,0,NQ.Z26
2026-09-21,104,30574.5,30576,30569.5,30575.5,906,477,429,0,NQ.Z26
2026-09-21,105,30575.75,30582,30575.75,30579.75,1036,556,480,0,NQ.Z26
2026-09-21,106,30580,30582.25,30572.5,30576.5,797,381,416,0,NQ.Z26
2026-09-21,107,30576.25,30578.75,30570.5,30578,1013,542,471,0,NQ.Z26
2026-09-21,108,30578.75,30582.25,30577.25,30579.25,682,347,335,0,NQ.Z26
2026-09-21,109,30578.75,30587.25,30577.5,30584.75,1003,626,377,0,NQ.Z26
2026-09-21,110,30584.75,30586.25,30575.25,30577.75,798,312,486,0,NQ.Z26
2026-09-21,111,30577.5,30582.5,30576.5,30580.5,646,317,329,0,NQ.Z26
2026-09-21,112,30580.25,30580.5,30571,30576,604,224,380,0,NQ.Z26
2026-09-21,113,30576,30576.75,30570.75,30574.25,576,228,348,0,NQ.Z26
2026-09-21,114,30574.25,30576.75,30571.75,30573.5,403,180,223,0,NQ.Z26
2026-09-21,115,30573.5,30581,30571,30576.25,596,296,300,0,NQ.Z26
2026-09-21,116,30576.25,30581.75,30575.5,30578.25,412,202,210,0,NQ.Z26
2026-09-21,117,30577.25,30587.5,30577.25,30581.75,681,395,286,0,NQ.Z26
2026-09-21,118,30581.5,30586.25,30578,30578.5,654,276,378,0,NQ.Z26
2026-09-21,119,30578,30586.75,30578,30584.5,626,344,282,0,NQ.Z26
2026-09-21,120,30584.5,30595,30584.5,30594.5,1195,677,518,0,NQ.Z26
2026-09-21,121,30594,30594.5,30588.75,30592.25,610,261,349,0,NQ.Z26
2026-09-21,122,30592.5,30594,30588.25,30590,521,192,329,0,NQ.Z26
2026-09-21,123,30590.25,30592,30587.25,30588,649,249,400,0,NQ.Z26
2026-09-21,124,30588.25,30591.25,30579.5,30582.5,816,368,448,0,NQ.Z26
2026-09-21,125,30582.25,30586.5,30580,30582,568,286,282,0,NQ.Z26
2026-09-21,126,30582.5,30597,30581.5,30592.25,1419,842,577,0,NQ.Z26
2026-09-21,127,30592.5,30598.25,30591,30596.5,621,344,277,0,NQ.Z26
2026-09-21,128,30596.5,30599.5,30593,30597.5,750,363,387,0,NQ.Z26
2026-09-21,129,30597.5,30610.5,30597.5,30608.25,1862,1200,662,0,NQ.Z26
2026-09-21,130,30608.25,30610,30601,30603,942,392,550,0,NQ.Z26
2026-09-21,131,30603,30607.25,30598.5,30606.75,1206,600,606,0,NQ.Z26
2026-09-21,132,30606.5,30607.5,30600,30605.75,527,216,311,0,NQ.Z26
2026-09-21,133,30606,30611.25,30605.75,30608.5,563,303,260,0,NQ.Z26
2026-09-21,134,30608.75,30614.25,30608.25,30613.5,593,348,245,0,NQ.Z26
2026-09-21,135,30613.5,30623.75,30613.25,30620.5,1654,948,706,0,NQ.Z26
2026-09-21,136,30620.25,30625.75,30620,30624,1028,503,525,0,NQ.Z26
2026-09-21,137,30624.25,30632.25,30622.25,30631,1352,726,626,0,NQ.Z26
2026-09-21,138,30630.5,30630.75,30625.75,30627.5,677,286,391,0,NQ.Z26
2026-09-21,139,30627.5,30628.75,30623.5,30624.25,715,312,403,0,NQ.Z26
2026-09-21,140,30624.25,30639.25,30615.25,30621.5,2502,1270,1232,0,NQ.Z26
2026-09-21,141,30621.25,30623.75,30615.5,30616.5,776,341,435,0,NQ.Z26
2026-09-21,142,30616.75,30624.25,30616,30620.25,644,302,342,0,NQ.Z26
2026-09-21,143,30620.75,30624.25,30618.75,30621.25,433,215,218,0,NQ.Z26
2026-09-21,144,30621.5,30623,30612,30612.75,654,248,406,0,NQ.Z26
2026-09-21,145,30613.25,30616.75,30609.75,30615.75,906,412,494,0,NQ.Z26
2026-09-21,146,30615.5,30618,30611.75,30613,628,269,359,0,NQ.Z26
2026-09-21,147,30613,30613.75,30601.75,30606,860,338,522,0,NQ.Z26
2026-09-21,148,30605.5,30609.5,30601.5,30608.5,568,260,308,0,NQ.Z26
2026-09-21,149,30608.75,30611.75,30602.5,30609.75,563,261,302,0,NQ.Z26
2026-09-21,150,30610.25,30610.5,30601.5,30605.75,592,270,322,0,NQ.Z26
2026-09-21,151,30606.5,30608.75,30604.75,30608.25,398,184,214,0,NQ.Z26
2026-09-21,152,30608,30622.75,30608,30621,1004,573,431,0,NQ.Z26
2026-09-21,153,30621,30626.75,30620.5,30626.25,722,392,330,0,NQ.Z26
2026-09-21,154,30626,30632.75,30624.5,30630,971,480,491,0,NQ.Z26
2026-09-21,155,30630.5,30634.5,30627.25,30628.25,945,463,482,0,NQ.Z26
2026-09-21,156,30628.25,30631.25,30623.75,30624,661,263,398,0,NQ.Z26
2026-09-21,157,30624,30649.5,30619,30639,3295,1827,1468,0,NQ.Z26
2026-09-21,158,30639,30643.5,30636,30641.25,840,410,430,0,NQ.Z26
2026-09-21,159,30641.5,30655,30640.5,30652,1577,890,687,0,NQ.Z26
2026-09-21,160,30652,30659.25,30648.75,30658.75,1290,679,611,0,NQ.Z26
2026-09-21,161,30658.75,30661.25,30656,30657,867,387,480,0,NQ.Z26
2026-09-21,162,30657.25,30657.25,30646.75,30651.75,1025,468,557,0,NQ.Z26
2026-09-21,163,30651.75,30659.75,30649.75,30650,609,331,278,0,NQ.Z26
2026-09-21,164,30650,30653.5,30646.25,30652.5,539,262,277,0,NQ.Z26
2026-09-21,165,30653.5,30660.25,30653.5,30658.5,906,478,428,0,NQ.Z26
2026-09-21,166,30658,30662.75,30655.75,30659.5,641,331,310,0,NQ.Z26
2026-09-21,167,30659.25,30662.75,30651.75,30652.5,942,435,507,0,NQ.Z26
2026-09-21,168,30652.25,30656.25,30648,30652,735,319,416,0,NQ.Z26
2026-09-21,169,30652,30659.25,30651.5,30657.25,497,272,225,0,NQ.Z26
2026-09-21,170,30657.25,30667.25,30655.5,30657.75,1172,601,571,0,NQ.Z26
2026-09-21,171,30658,30663,30652.25,30663,681,375,306,0,NQ.Z26
2026-09-21,172,30662.75,30669,30661.5,30666.75,632,327,305,0,NQ.Z26
2026-09-21,173,30666.25,30669.75,30664,30669.75,435,254,181,0,NQ.Z26
2026-09-21,174,30669.5,30671,30665.25,30670.25,1072,690,382,0,NQ.Z26
2026-09-21,175,30670.25,30672.5,30668.25,30671.75,586,291,295,0,NQ.Z26
2026-09-21,176,30671.5,30677.5,30667.25,30675.25,761,442,319,0,NQ.Z26
2026-09-21,177,30674.75,30685.75,30674.75,30685.5,1061,608,453,0,NQ.Z26
2026-09-21,178,30685,30687.5,30682.25,30685.25,743,359,384,0,NQ.Z26
2026-09-21,179,30684.5,30685.25,30676.5,30678.25,667,299,368,0,NQ.Z26
2026-09-21,180,30677.75,30685.75,30676.5,30685.5,808,406,402,0,NQ.Z26
2026-09-21,181,30685.25,30693.5,30684.5,30692.5,867,432,435,0,NQ.Z26
2026-09-21,182,30692,30699.75,30690.25,30696.75,1266,651,615,0,NQ.Z26
2026-09-21,183,30696.5,30704.25,30695.75,30698.75,1278,702,576,0,NQ.Z26
2026-09-21,184,30698.75,30699.75,30691.5,30696,711,324,387,0,NQ.Z26
2026-09-21,185,30696,30699.5,30693.5,30695.5,501,242,259,0,NQ.Z26
2026-09-21,186,30695.25,30698.5,30690.5,30693.75,569,222,347,0,NQ.Z26
2026-09-21,187,30693.25,30694.75,30682.25,30683,760,321,439,0,NQ.Z26
2026-09-21,188,30682.75,30682.75,30674,30676.5,1108,520,588,0,NQ.Z26
2026-09-21,189,30676.5,30677,30665.75,30667,961,459,502,0,NQ.Z26
2026-09-21,190,30667.5,30678,30666.25,30676.75,891,493,398,0,NQ.Z26
2026-09-21,191,30677,30680.75,30669.25,30677,801,346,455,0,NQ.Z26
2026-09-21,192,30677,30683,30676,30679.5,574,314,260,0,NQ.Z26
2026-09-21,193,30679.25,30683.25,30678,30678.75,627,369,258,0,NQ.Z26
2026-09-21,194,30679,30680.5,30668.75,30670.25,867,345,522,0,NQ.Z26
2026-09-21,195,30670.25,30679.75,30669.75,30674.25,749,422,327,0,NQ.Z26
2026-09-21,196,30674.5,30680.5,30672,30677,566,273,293,0,NQ.Z26
2026-09-21,197,30677,30679,30673,30678.5,500,225,275,0,NQ.Z26
2026-09-21,198,30678.25,30681.25,30670.75,30677.5,532,239,293,0,NQ.Z26
2026-09-21,199,30677.5,30678.5,30674.25,30678.5,248,135,113,0,NQ.Z26
2026-09-21,200,30678.25,30682.5,30676.75,30679.25,447,242,205,0,NQ.Z26
2026-09-21,201,30678.75,30678.75,30671,30673.75,415,197,218,0,NQ.Z26
2026-09-21,202,30673.75,30674.75,30665,30671,681,333,348,0,NQ.Z26
2026-09-21,203,30671.25,30672.5,30666.75,30669,474,243,231,0,NQ.Z26
2026-09-21,204,30669.25,30675,30668.5,30674.25,380,226,154,0,NQ.Z26
2026-09-21,205,30674.5,30680,30673.5,30678.75,414,207,207,0,NQ.Z26
2026-09-21,206,30678.25,30679.75,30670,30671,597,248,349,0,NQ.Z26
2026-09-21,207,30670.75,30678,30670.75,30677,413,219,194,0,NQ.Z26
2026-09-21,208,30677.25,30678.5,30674.25,30676.25,322,134,188,0,NQ.Z26
2026-09-21,209,30675.5,30681.25,30675.25,30680.5,413,222,191,0,NQ.Z26
2026-09-21,210,30680.5,30684.25,30678.5,30683.25,666,341,325,0,NQ.Z26
2026-09-21,211,30683.5,30688.5,30682,30684,571,297,274,0,NQ.Z26
2026-09-21,212,30684.5,30685.5,30680,30681.75,410,149,261,0,NQ.Z26
2026-09-21,213,30681.75,30686,30680.5,30684,328,187,141,0,NQ.Z26
2026-09-21,214,30683.5,30687.5,30679.5,30685.25,396,177,219,0,NQ.Z26
2026-09-21,215,30685.75,30693.75,30685.75,30691.75,583,323,260,0,NQ.Z26
2026-09-21,216,30691.5,30693.5,30688.75,30689.25,434,194,240,0,NQ.Z26
2026-09-21,217,30689.5,30690.25,30681,30682.25,378,136,242,0,NQ.Z26
2026-09-21,218,30682,30682.75,30675.75,30679.75,738,291,447,0,NQ.Z26
2026-09-21,219,30679.75,30682,30676.5,30681,448,235,213,0,NQ.Z26
2026-09-21,220,30680.75,30682.25,30676.5,30678.5,381,155,226,0,NQ.Z26
2026-09-21,221,30678.75,30681.5,30676.25,30681.25,306,140,166,0,NQ.Z26
2026-09-21,222,30681.25,30689,30680.5,30688.5,603,342,261,0,NQ.Z26
2026-09-21,223,30688,30690.5,30687.5,30688.5,429,233,196,0,NQ.Z26
2026-09-21,224,30688,30694.25,30686,30689,619,292,327,0,NQ.Z26
2026-09-21,225,30689,30692.25,30686.75,30688,607,301,306,0,NQ.Z26
2026-09-21,226,30688.25,30689,30684,30684.5,443,186,257,0,NQ.Z26
2026-09-21,227,30684.25,30686,30680.25,30683.5,630,253,377,0,NQ.Z26
2026-09-21,228,30683.5,30689.75,30681.25,30688.25,532,259,273,0,NQ.Z26
2026-09-21,229,30688.5,30691,30686.25,30689,354,163,191,0,NQ.Z26
2026-09-21,230,30688.75,30693,30688.25,30691.25,422,235,187,0,NQ.Z26
2026-09-21,231,30691,30692.5,30687.75,30689,499,255,244,0,NQ.Z26
2026-09-21,232,30688.75,30689.5,30678.25,30680.75,619,251,368,0,NQ.Z26
2026-09-21,233,30680.25,30682.75,30671.5,30673.5,769,345,424,0,NQ.Z26
2026-09-21,234,30673.25,30673.75,30667.75,30670.5,698,323,375,0,NQ.Z26
2026-09-21,235,30670,30673.75,30669,30671.75,526,266,260,0,NQ.Z26
2026-09-21,236,30671.25,30675,30668,30668.5,503,223,280,0,NQ.Z26
2026-09-21,237,30668.5,30676.25,30664.25,30675.75,838,431,407,0,NQ.Z26
2026-09-21,238,30675.25,30681.75,30672,30681.75,544,310,234,0,NQ.Z26
2026-09-21,239,30681.25,30689.5,30681,30687.75,1234,613,621,0,NQ.Z26
2026-09-21,240,30688,30692,30685.25,30692,533,261,272,0,NQ.Z26
2026-09-21,241,30692.5,30695.75,30677.5,30684.5,1531,617,914,0,NQ.Z26
2026-09-21,242,30684.5,30684.5,30677.75,30681.5,472,205,267,0,NQ.Z26
2026-09-21,243,30682.5,30683.25,30676.75,30678.75,394,156,238,0,NQ.Z26
2026-09-21,244,30679,30679.25,30673.5,30675.25,428,215,213,0,NQ.Z26
2026-09-21,245,30675.25,30680,30670.75,30677,587,280,307,0,NQ.Z26
2026-09-21,246,30677,30681.25,30676.75,30679.25,487,225,262,0,NQ.Z26
2026-09-21,247,30679.5,30684.5,30674.25,30675.5,503,211,292,0,NQ.Z26
2026-09-21,248,30675.25,30681.5,30674.75,30680.75,289,157,132,0,NQ.Z26
2026-09-21,249,30680.75,30683.75,30677.5,30681,251,121,130,0,NQ.Z26
2026-09-21,250,30680.5,30684.25,30678,30682.25,359,150,209,0,NQ.Z26
2026-09-21,251,30682.5,30689,30682.5,30686.5,486,310,176,0,NQ.Z26
2026-09-21,252,30686.5,30700.25,30686.5,30697.75,801,527,274,0,NQ.Z26
2026-09-21,253,30697.75,30702.5,30694.5,30701.5,854,450,404,0,NQ.Z26
2026-09-21,254,30701.5,30716.5,30701.5,30714,1291,816,475,0,NQ.Z26
2026-09-21,255,30714.25,30723,30714,30721.25,1124,564,560,0,NQ.Z26
2026-09-21,256,30721,30724.5,30719.75,30720.25,900,443,457,0,NQ.Z26
2026-09-21,257,30720,30722,30710.25,30711.75,841,327,514,0,NQ.Z26
2026-09-21,258,30711.75,30714.25,30709.75,30710,418,194,224,0,NQ.Z26
2026-09-21,259,30710.25,30717.25,30708.25,30712.75,524,290,234,0,NQ.Z26
2026-09-21,260,30712.75,30716.5,30711,30711.25,274,114,160,0,NQ.Z26
2026-09-21,261,30711.75,30716,30711.75,30715.75,271,154,117,0,NQ.Z26
2026-09-21,262,30715.25,30719.25,30714.75,30719,301,174,127,0,NQ.Z26
2026-09-21,263,30718.25,30720.5,30717.25,30720.25,433,232,201,0,NQ.Z26
2026-09-21,264,30719.5,30723,30718.25,30718.5,469,253,216,0,NQ.Z26
2026-09-21,265,30718.75,30719.25,30712,30715.75,383,172,211,0,NQ.Z26
2026-09-21,266,30715.75,30719,30710.75,30711.75,582,277,305,0,NQ.Z26
2026-09-21,267,30711,30713.75,30709.25,30712,529,198,331,0,NQ.Z26
2026-09-21,268,30712.5,30717.75,30711.75,30714.25,373,210,163,0,NQ.Z26
2026-09-21,269,30714,30714.25,30710.5,30712.5,285,138,147,0,NQ.Z26
2026-09-21,270,30712.5,30716.25,30712.5,30715,631,332,299,0,NQ.Z26
2026-09-21,271,30714,30718,30713.25,30717.25,389,193,196,0,NQ.Z26
2026-09-21,272,30717.75,30722.5,30717.25,30721.25,551,332,219,0,NQ.Z26
2026-09-21,273,30721.25,30723.75,30716.75,30719,524,233,291,0,NQ.Z26
2026-09-21,274,30718.5,30724.25,30718.25,30724.25,429,249,180,0,NQ.Z26
2026-09-21,275,30724.25,30729,30724,30727.5,949,505,444,0,NQ.Z26
2026-09-21,276,30727.5,30729,30724.75,30729,346,167,179,0,NQ.Z26
2026-09-21,277,30728.25,30731.75,30726.75,30729.75,473,258,215,0,NQ.Z26
2026-09-21,278,30729,30731.75,30724.25,30727.5,505,189,316,0,NQ.Z26
2026-09-21,279,30727.5,30728.25,30721,30724.25,637,273,364,0,NQ.Z26
2026-09-21,280,30724.5,30728.5,30723.25,30723.75,521,266,255,0,NQ.Z26
2026-09-21,281,30723.75,30728,30719.75,30727.75,396,172,224,0,NQ.Z26
2026-09-21,282,30727.75,30728,30724.25,30725.5,260,127,133,0,NQ.Z26
2026-09-21,283,30726.25,30730.25,30725.25,30728.75,326,161,165,0,NQ.Z26
2026-09-21,284,30729,30736.75,30729,30730.25,1053,627,426,0,NQ.Z26
2026-09-21,285,30730.75,30738.5,30729.5,30737.5,669,368,301,0,NQ.Z26
2026-09-21,286,30738,30740,30732.75,30734,814,324,490,0,NQ.Z26
2026-09-21,287,30733,30738.25,30732.5,30736,428,217,211,0,NQ.Z26
2026-09-21,288,30735.5,30745,30735.5,30741.75,704,393,311,0,NQ.Z26
2026-09-21,289,30741.25,30742.25,30735.25,30739.5,609,219,390,0,NQ.Z26
2026-09-21,290,30739.5,30743,30738.75,30742,663,296,367,0,NQ.Z26
2026-09-21,291,30741.5,30748,30738.75,30744.5,623,297,326,0,NQ.Z26
2026-09-21,292,30744.25,30756.5,30744,30755.25,1139,642,497,0,NQ.Z26
2026-09-21,293,30755,30757,30752.25,30755.75,621,321,300,0,NQ.Z26
2026-09-21,294,30755.25,30756.75,30753.25,30754.75,484,252,232,0,NQ.Z26
2026-09-21,295,30754.75,30757.5,30750.25,30755,741,309,432,0,NQ.Z26
2026-09-21,296,30755.25,30755.75,30747.75,30750.5,660,294,366,0,NQ.Z26
2026-09-21,297,30750.25,30754.75,30750.25,30753.25,343,179,164,0,NQ.Z26
2026-09-21,298,30753,30759,30753,30756,567,337,230,0,NQ.Z26
2026-09-21,299,30755.25,30757.25,30751.75,30753.5,386,169,217,0,NQ.Z26
2026-09-21,300,30753.75,30755.5,30750.5,30753,736,325,411,0,NQ.Z26
2026-09-21,301,30752.75,30755,30744.5,30745.25,905,353,552,0,NQ.Z26
2026-09-21,302,30745,30747.5,30737,30740.25,757,288,469,0,NQ.Z26
2026-09-21,303,30741,30746.5,30737.5,30743,638,326,312,0,NQ.Z26
2026-09-21,304,30743.5,30743.75,30739.25,30743.25,485,224,261,0,NQ.Z26
2026-09-21,305,30743.25,30748.5,30739,30743.25,586,287,299,0,NQ.Z26
2026-09-21,306,30743,30751,30741.25,30749.5,592,356,236,0,NQ.Z26
2026-09-21,307,30749.5,30753.75,30748.25,30753.5,777,495,282,0,NQ.Z26
2026-09-21,308,30753.25,30759.75,30753.25,30757,796,487,309,0,NQ.Z26
2026-09-21,309,30757.75,30763,30757.5,30763,756,471,285,0,NQ.Z26
2026-09-21,310,30762.5,30765.5,30756.5,30760,843,420,423,0,NQ.Z26
2026-09-21,311,30760.25,30764,30757.25,30762.5,430,215,215,0,NQ.Z26
2026-09-21,312,30762.75,30767.5,30762.75,30763.75,668,366,302,0,NQ.Z26
2026-09-21,313,30764.25,30766.25,30760.5,30765,515,244,271,0,NQ.Z26
2026-09-21,314,30765,30766.25,30763.25,30765.25,439,238,201,0,NQ.Z26
2026-09-21,315,30765,30773.25,30765,30765.25,922,459,463,0,NQ.Z26
2026-09-21,316,30765.25,30766.25,30762,30764.25,481,233,248,0,NQ.Z26
2026-09-21,317,30764.75,30772,30763.75,30771.25,469,264,205,0,NQ.Z26
2026-09-21,318,30771.5,30774.75,30769.25,30773.75,603,331,272,0,NQ.Z26
2026-09-21,319,30774,30775,30769.5,30772.5,572,281,291,0,NQ.Z26
2026-09-21,320,30772.5,30785.5,30772.5,30781.25,1751,931,820,0,NQ.Z26
2026-09-21,321,30781.25,30785.75,30781,30785.75,687,345,342,0,NQ.Z26
2026-09-21,322,30785.5,30786,30780.25,30781.75,714,296,418,0,NQ.Z26
2026-09-21,323,30781,30795,30781,30795,1051,628,423,0,NQ.Z26
2026-09-21,324,30795,30797.25,30791.25,30792,972,465,507,0,NQ.Z26
2026-09-21,325,30792.25,30794.75,30788,30790,557,282,275,0,NQ.Z26
2026-09-21,326,30790,30792,30786.5,30790.25,592,253,339,0,NQ.Z26
2026-09-21,327,30790,30792.5,30786.75,30787.75,471,247,224,0,NQ.Z26
2026-09-21,328,30788,30790.25,30781.25,30782.5,886,351,535,0,NQ.Z26
2026-09-21,329,30782.5,30789,30780,30786.5,691,402,289,0,NQ.Z26
2026-09-21,330,30786.75,30797.5,30785,30786.25,1217,638,579,0,NQ.Z26
2026-09-21,331,30786,30790,30784.5,30788.75,707,322,385,0,NQ.Z26
2026-09-21,332,30788.75,30793.75,30786,30788.5,777,382,395,0,NQ.Z26
2026-09-21,333,30788.25,30788.5,30783.75,30784.5,570,270,300,0,NQ.Z26
2026-09-21,334,30784.75,30787.75,30777,30777.25,640,240,400,0,NQ.Z26
2026-09-21,335,30777.5,30781.25,30773.5,30773.5,751,338,413,0,NQ.Z26
2026-09-21,336,30773.5,30785,30773,30784.5,798,457,341,0,NQ.Z26
2026-09-21,337,30784.75,30786.75,30781.75,30785.75,525,284,241,0,NQ.Z26
2026-09-21,338,30785.75,30789.75,30785.25,30785.75,576,294,282,0,NQ.Z26
2026-09-21,339,30787.25,30791,30786.5,30788.75,405,184,221,0,NQ.Z26
2026-09-21,340,30789,30789,30778.75,30782.5,614,267,347,0,NQ.Z26
2026-09-21,341,30782.5,30790,30781.5,30788.75,531,309,222,0,NQ.Z26
2026-09-21,342,30789.5,30795.5,30788.5,30794,580,341,239,0,NQ.Z26
2026-09-21,343,30794.25,30798.5,30792.75,30796.75,681,409,272,0,NQ.Z26
2026-09-21,344,30796.75,30802.5,30795,30801.75,901,604,297,0,NQ.Z26
2026-09-21,345,30801.5,30802,30794.75,30800.25,904,394,510,0,NQ.Z26
2026-09-21,346,30800,30804.5,30797.75,30803.75,681,383,298,0,NQ.Z26
2026-09-21,347,30803.25,30806,30802.25,30804.25,572,301,271,0,NQ.Z26
2026-09-21,348,30804,30807,30801.75,30802.25,533,243,290,0,NQ.Z26
2026-09-21,349,30802.25,30807,30801.25,30805.25,554,324,230,0,NQ.Z26
2026-09-21,350,30805,30806.5,30801.25,30803,575,260,315,0,NQ.Z26
2026-09-21,351,30802.75,30806,30795.25,30805.25,910,424,486,0,NQ.Z26
2026-09-21,352,30805,30809.5,30803,30808.75,658,394,264,0,NQ.Z26
2026-09-21,353,30808.75,30813.5,30804.75,30805.5,943,408,535,0,NQ.Z26
2026-09-21,354,30805,30806.5,30802,30803,552,261,291,0,NQ.Z26
2026-09-21,355,30803.25,30805.75,30797.75,30799,581,250,331,0,NQ.Z26
2026-09-21,356,30798.75,30805.5,30797.75,30805.25,573,335,238,0,NQ.Z26
2026-09-21,357,30805.5,30808.75,30805.25,30806.25,467,269,198,0,NQ.Z26
2026-09-21,358,30806.5,30812.25,30804.75,30807,711,415,296,0,NQ.Z26
2026-09-21,359,30806.75,30808.75,30802.75,30803.75,564,269,295,0,NQ.Z26
2026-09-21,360,30802.75,30810,30800.25,30809,978,485,493,0,NQ.Z26
2026-09-21,361,30809,30813,30804.25,30812,803,389,414,0,NQ.Z26
2026-09-21,362,30812,30823,30811.5,30819.25,1252,776,476,0,NQ.Z26
2026-09-21,363,30819.25,30831.25,30818.75,30829.5,1169,649,520,0,NQ.Z26
2026-09-21,364,30829.25,30838,30828.5,30835.5,1160,609,551,0,NQ.Z26
2026-09-21,365,30835.5,30838,30832.5,30835.25,967,510,457,0,NQ.Z26
2026-09-21,366,30835.25,30839.5,30833,30839.5,775,436,339,0,NQ.Z26
2026-09-21,367,30839,30849.25,30837.25,30848.5,1247,708,539,0,NQ.Z26
2026-09-21,368,30849,30862.75,30849,30861.5,1589,895,694,0,NQ.Z26
2026-09-21,369,30862,30862,30854,30854.5,1237,520,717,0,NQ.Z26
2026-09-21,370,30854.5,30858.25,30840.25,30841.75,1381,597,784,0,NQ.Z26
2026-09-21,371,30841.75,30846.25,30834.25,30836,1433,684,749,0,NQ.Z26
2026-09-21,372,30835.75,30838,30827.75,30829,1083,422,661,0,NQ.Z26
2026-09-21,373,30829,30838.25,30826.5,30835.5,933,548,385,0,NQ.Z26
2026-09-21,374,30835.5,30838.25,30832.5,30835.5,727,341,386,0,NQ.Z26
2026-09-21,375,30835,30837.75,30824.25,30835.75,1469,737,732,0,NQ.Z26
2026-09-21,376,30835.5,30837.75,30826.5,30829,930,411,519,0,NQ.Z26
2026-09-21,377,30828.75,30835.75,30828,30830,802,400,402,0,NQ.Z26
2026-09-21,378,30829.25,30833.75,30824.75,30828.5,741,364,377,0,NQ.Z26
2026-09-21,379,30828.5,30829.25,30822,30825.5,1054,542,512,0,NQ.Z26
2026-09-21,380,30825.5,30825.5,30786.75,30802,3260,1398,1862,0,NQ.Z26
2026-09-21,381,30802,30808.75,30796.25,30803.25,1424,741,683,0,NQ.Z26
2026-09-21,382,30805,30820,30804,30813.25,2010,1116,894,0,NQ.Z26
2026-09-21,383,30812.75,30814,30802.75,30804.25,996,483,513,0,NQ.Z26
2026-09-21,384,30803.75,30809.25,30794.75,30794.75,1977,864,1113,0,NQ.Z26
2026-09-21,385,30794.25,30807.75,30788.5,30802,2329,1179,1150,0,NQ.Z26
2026-09-21,386,30802.25,30803.5,30794.5,30796.5,1555,778,777,0,NQ.Z26
2026-09-21,387,30796.5,30804.5,30794,30798.25,1797,1026,771,0,NQ.Z26
2026-09-21,388,30798.75,30801,30792.5,30795,2125,1125,1000,0,NQ.Z26
2026-09-21,389,30794.75,30798.75,30778,30784.25,10398,5616,4782,0,NQ.Z26
2026-09-22,0,30764.75,30816,30763.5,30813.5,5307,2981,2326,0,NQ.Z26
2026-09-22,1,30813.5,30847,30809.75,30842.5,3207,1791,1416,0,NQ.Z26
2026-09-22,2,30843,30864.5,30836.75,30859.5,2881,1637,1244,0,NQ.Z26
2026-09-22,3,30858.75,30868.5,30848.25,30853.5,3218,1841,1377,0,NQ.Z26
2026-09-22,4,30854,30865.75,30842.5,30865,1997,1047,950,0,NQ.Z26
2026-09-22,5,30865.5,30886.5,30864.25,30882,3021,1746,1275,0,NQ.Z26
2026-09-22,6,30882.25,30894.25,30876,30891.75,1937,1177,760,0,NQ.Z26
2026-09-22,7,30891.5,30894,30881.25,30885.25,1629,743,886,0,NQ.Z26
2026-09-22,8,30885.25,30895,30879,30884.5,1618,791,827,0,NQ.Z26
2026-09-22,9,30884.75,30897.5,30878.5,30892.5,1707,881,826,0,NQ.Z26
2026-09-22,10,30893,30900,30886.75,30893.5,2004,1116,888,0,NQ.Z26
2026-09-22,11,30893.25,30913,30891.25,30896.25,2317,1236,1081,0,NQ.Z26
2026-09-22,12,30896.25,30923.25,30893,30917.5,2198,1241,957,0,NQ.Z26
2026-09-22,13,30917.75,30927.5,30914.75,30925,1500,783,717,0,NQ.Z26
2026-09-22,14,30925,30926,30902.25,30902.75,1860,804,1056,0,NQ.Z26
2026-09-22,15,30903.5,30913.5,30884.25,30907,2863,1284,1579,0,NQ.Z26
2026-09-22,16,30907,30919.25,30892.25,30894.25,1917,906,1011,0,NQ.Z26
2026-09-22,17,30894.75,30904.5,30890,30899.25,1412,677,735,0,NQ.Z26
2026-09-22,18,30899.25,30925,30892,30921.75,2864,1699,1165,0,NQ.Z26
2026-09-22,19,30922.5,30922.5,30898.75,30907.75,1588,756,832,0,NQ.Z26
2026-09-22,20,30907.75,30940,30905,30939,2225,1311,914,0,NQ.Z26
2026-09-22,21,30939.5,30942,30923.5,30934.25,1715,823,892,0,NQ.Z26
2026-09-22,22,30933.25,30939.25,30924,30932.75,1367,615,752,0,NQ.Z26
2026-09-22,23,30932.5,30942.5,30929,30937.5,1174,612,562,0,NQ.Z26
2026-09-22,24,30938.5,30945,30931.25,30941.5,1254,638,616,0,NQ.Z26
2026-09-22,25,30941,30943.5,30917.75,30922.75,2268,955,1313,0,NQ.Z26
2026-09-22,26,30922.5,30924.25,30899,30906.5,2137,906,1231,0,NQ.Z26
2026-09-22,27,30906,30927.75,30903.75,30922.5,2071,1093,978,0,NQ.Z26
2026-09-22,28,30922.75,30934.5,30922,30929.75,1509,753,756,0,NQ.Z26
2026-09-22,29,30929.75,30930.75,30915.75,30929.5,1213,535,678,0,NQ.Z26
2026-09-22,30,30929.75,30937.5,30920.5,30921.25,1846,910,936,0,NQ.Z26
2026-09-22,31,30920.75,30931.5,30915,30926,1235,597,638,0,NQ.Z26
2026-09-22,32,30926.5,30931,30911.25,30923.25,992,475,517,0,NQ.Z26
2026-09-22,33,30923,30925.75,30914.25,30917.75,788,392,396,0,NQ.Z26
2026-09-22,34,30917.25,30933.25,30909.25,30927.75,1147,584,563,0,NQ.Z26
2026-09-22,35,30928.25,30934.25,30923,30925.25,838,362,476,0,NQ.Z26
2026-09-22,36,30925.75,30927.75,30908.5,30915.5,1102,515,587,0,NQ.Z26
2026-09-22,37,30915.5,30930,30915,30924.25,1115,606,509,0,NQ.Z26
2026-09-22,38,30924,30926.75,30915,30919.5,730,360,370,0,NQ.Z26
2026-09-22,39,30919.25,30919.5,30912.75,30915.25,766,350,416,0,NQ.Z26
2026-09-22,40,30914.5,30938.75,30912.5,30936.75,1485,904,581,0,NQ.Z26
2026-09-22,41,30936.25,30957.25,30934.25,30955.5,2364,1388,976,0,NQ.Z26
2026-09-22,42,30955,30967,30954.75,30966.5,2026,1050,976,0,NQ.Z26
2026-09-22,43,30966,30983.75,30956.75,30959,3128,1711,1417,0,NQ.Z26
2026-09-22,44,30959.75,30965.75,30947,30960.5,1617,725,892,0,NQ.Z26
2026-09-22,45,30961.25,30974.75,30951.75,30974.75,1746,1009,737,0,NQ.Z26
2026-09-22,46,30975,30978,30961,30965.25,1628,886,742,0,NQ.Z26
2026-09-22,47,30964.5,30965.25,30954.75,30962.5,1208,537,671,0,NQ.Z26
2026-09-22,48,30962,30962,30938.25,30946.5,1989,816,1173,0,NQ.Z26
2026-09-22,49,30946,30954,30942.25,30950.25,955,498,457,0,NQ.Z26
2026-09-22,50,30950,30960.75,30944,30955,961,466,495,0,NQ.Z26
2026-09-22,51,30955,30955.5,30934.25,30948,1308,580,728,0,NQ.Z26
2026-09-22,52,30948.25,30958.75,30945.75,30956,1030,569,461,0,NQ.Z26
2026-09-22,53,30957.75,30959,30947.75,30949.5,694,326,368,0,NQ.Z26
2026-09-22,54,30949.75,30953,30938.5,30951.25,1061,493,568,0,NQ.Z26
2026-09-22,55,30950.5,30951.75,30939.5,30947.5,613,261,352,0,NQ.Z26
2026-09-22,56,30947.5,30961,30944.75,30958.25,906,542,364,0,NQ.Z26
2026-09-22,57,30958,30964.5,30955.75,30958.25,823,456,367,0,NQ.Z26
2026-09-22,58,30957.5,30963.5,30955.25,30962,596,287,309,0,NQ.Z26
2026-09-22,59,30961.75,30965.5,30955.75,30961.5,888,446,442,0,NQ.Z26
2026-09-22,60,30961,30965.5,30954.5,30956.25,879,399,480,0,NQ.Z26
2026-09-22,61,30956.25,30978.25,30955.5,30974.25,1846,1000,846,0,NQ.Z26
2026-09-22,62,30974,30989.75,30973.75,30983,1646,988,658,0,NQ.Z26
2026-09-22,63,30982.5,30997.5,30980,30991.75,1592,835,757,0,NQ.Z26
2026-09-22,64,30991.5,30996,30985,30987.75,974,420,554,0,NQ.Z26
2026-09-22,65,30987.75,30988.5,30948,30953.75,2809,1170,1639,0,NQ.Z26
2026-09-22,66,30953.5,30959.75,30949.75,30958.5,1020,467,553,0,NQ.Z26
2026-09-22,67,30958.25,30972.25,30951.75,30969,1272,741,531,0,NQ.Z26
2026-09-22,68,30969,30970.5,30941.25,30947.5,1994,861,1133,0,NQ.Z26
2026-09-22,69,30947.25,30988.5,30936.5,30943.5,3386,1710,1676,0,NQ.Z26
2026-09-22,70,30943.75,30949.5,30932.25,30942.25,1528,696,832,0,NQ.Z26
2026-09-22,71,30942,30943,30902.25,30908.75,2661,1089,1572,0,NQ.Z26
2026-09-22,72,30909.5,30913,30896.25,30903.25,2134,1072,1062,0,NQ.Z26
2026-09-22,73,30903,30918.25,30897.5,30916.5,1326,755,571,0,NQ.Z26
2026-09-22,74,30917,30926.75,30912.25,30914.5,1700,799,901,0,NQ.Z26
2026-09-22,75,30914,30920.75,30906.75,30906.75,1370,600,770,0,NQ.Z26
2026-09-22,76,30906.25,30911.25,30894,30896.5,1524,699,825,0,NQ.Z26
2026-09-22,77,30896.75,30919,30890.5,30914.5,1934,1027,907,0,NQ.Z26
2026-09-22,78,30915,30933.25,30906.5,30932.75,1635,969,666,0,NQ.Z26
2026-09-22,79,30932.25,30943.75,30928.25,30942,1363,723,640,0,NQ.Z26
2026-09-22,80,30941.25,30955.75,30939.75,30945.25,1525,820,705,0,NQ.Z26
2026-09-22,81,30945.75,30946,30925.5,30929.75,1290,551,739,0,NQ.Z26
2026-09-22,82,30930,30936.5,30923.25,30934.5,970,507,463,0,NQ.Z26
2026-09-22,83,30934.75,30943,30931,30932.5,856,438,418,0,NQ.Z26
2026-09-22,84,30933,30946,30928.5,30943.5,989,485,504,0,NQ.Z26
2026-09-22,85,30944.25,30948.25,30931.25,30941.25,860,411,449,0,NQ.Z26
2026-09-22,86,30941,30944.5,30933.25,30937.25,682,348,334,0,NQ.Z26
2026-09-22,87,30937.25,30942.75,30927.5,30929.75,610,272,338,0,NQ.Z26
2026-09-22,88,30930,30933,30918.5,30921.25,965,368,597,0,NQ.Z26
2026-09-22,89,30921.75,30927.75,30919.75,30925.25,635,318,317,0,NQ.Z26
2026-09-22,90,30925.75,30930,30916.25,30921.5,1118,503,615,0,NQ.Z26
2026-09-22,91,30922,30929.25,30914.25,30929,996,491,505,0,NQ.Z26
2026-09-22,92,30928.75,30930.25,30917.75,30925.75,825,430,395,0,NQ.Z26
2026-09-22,93,30926.25,30927,30915.5,30919.75,715,347,368,0,NQ.Z26
2026-09-22,94,30920,30924.25,30905.25,30915.5,1486,698,788,0,NQ.Z26
2026-09-22,95,30915.75,30922.75,30911.5,30921.75,696,366,330,0,NQ.Z26
2026-09-22,96,30922.75,30930,30914.25,30915.75,1427,687,740,0,NQ.Z26
2026-09-22,97,30915.5,30936.5,30911.75,30921.75,1446,803,643,0,NQ.Z26
2026-09-22,98,30921.25,30924.75,30918,30921.75,387,170,217,0,NQ.Z26
2026-09-22,99,30922,30928,30912,30915,646,277,369,0,NQ.Z26
2026-09-22,100,30914.75,30926.75,30914.75,30921.75,733,355,378,0,NQ.Z26
2026-09-22,101,30921.5,30929.5,30917.75,30920.5,579,298,281,0,NQ.Z26
2026-09-22,102,30920.25,30923,30912.5,30918.25,562,269,293,0,NQ.Z26
2026-09-22,103,30918.5,30918.5,30907,30913.75,738,373,365,0,NQ.Z26
2026-09-22,104,30914.25,30942.5,30914,30937.75,1923,1060,863,0,NQ.Z26
2026-09-22,105,30937.75,30939.5,30927.5,30928.25,871,375,496,0,NQ.Z26
2026-09-22,106,30927.75,30941.75,30924.25,30941.75,743,402,341,0,NQ.Z26
2026-09-22,107,30942,30942.75,30933.25,30935.25,654,310,344,0,NQ.Z26
2026-09-22,108,30935.5,30936.75,30926,30926,623,281,342,0,NQ.Z26
2026-09-22,109,30926.25,30949,30926,30947,733,409,324,0,NQ.Z26
2026-09-22,110,30947,30947.25,30931.25,30931.5,713,379,334,0,NQ.Z26
2026-09-22,111,30932,30945.75,30931.5,30942.25,537,282,255,0,NQ.Z26
2026-09-22,112,30941.75,30944,30934.75,30937.75,415,175,240,0,NQ.Z26
2026-09-22,113,30937,30937.5,30928.75,30935.25,550,263,287,0,NQ.Z26
2026-09-22,114,30936,30938,30930.5,30933.25,314,143,171,0,NQ.Z26
2026-09-22,115,30933.5,30945,30931,30939.75,606,293,313,0,NQ.Z26
2026-09-22,116,30939.5,30941,30935.25,30936.75,393,196,197,0,NQ.Z26
2026-09-22,117,30937.25,30939.5,30932.75,30937.25,410,202,208,0,NQ.Z26
2026-09-22,118,30937.25,30938,30920.25,30922.25,754,289,465,0,NQ.Z26
2026-09-22,119,30922.75,30932.75,30921.75,30928.25,724,376,348,0,NQ.Z26
2026-09-22,120,30928.5,30928.5,30916,30919.5,1138,514,624,0,NQ.Z26
2026-09-22,121,30918.75,30929.25,30918.5,30922.75,628,340,288,0,NQ.Z26
2026-09-22,122,30923.25,30928.75,30920.75,30923.25,448,210,238,0,NQ.Z26
2026-09-22,123,30922.75,30930.75,30917.75,30923,567,270,297,0,NQ.Z26
2026-09-22,124,30922.5,30934,30921.75,30923.75,829,467,362,0,NQ.Z26
2026-09-22,125,30923.5,30925.75,30918.25,30918.5,744,357,387,0,NQ.Z26
2026-09-22,126,30918.25,30922.25,30912.75,30916,1070,556,514,0,NQ.Z26
2026-09-22,127,30914.75,30915,30904,30909.75,1102,476,626,0,NQ.Z26
2026-09-22,128,30910.5,30910.5,30895.75,30898,1183,553,630,0,NQ.Z26
2026-09-22,129,30897.5,30902,30894.25,30897.25,1471,615,856,0,NQ.Z26
2026-09-22,130,30897.5,30901.75,30890.25,30901.5,1032,466,566,0,NQ.Z26
2026-09-22,131,30901.5,30903.75,30885.75,30894.5,946,399,547,0,NQ.Z26
2026-09-22,132,30894.5,30903,30892,30901.25,686,410,276,0,NQ.Z26
2026-09-22,133,30901.25,30906.25,30895.75,30896.25,762,357,405,0,NQ.Z26
2026-09-22,134,30896.25,30904,30896.25,30900,627,324,303,0,NQ.Z26
2026-09-22,135,30899.75,30905.75,30898.75,30903,613,328,285,0,NQ.Z26
2026-09-22,136,30901.25,30907.75,30898.25,30902.75,688,413,275,0,NQ.Z26
2026-09-22,137,30903.5,30913.75,30903.5,30913.5,851,375,476,0,NQ.Z26
2026-09-22,138,30913.5,30914,30908.25,30914,630,351,279,0,NQ.Z26
2026-09-22,139,30914,30918.25,30908,30908.5,608,266,342,0,NQ.Z26
2026-09-22,140,30908.75,30914.75,30900.5,30908.5,872,397,475,0,NQ.Z26
2026-09-22,141,30908.75,30911.5,30904.25,30907.25,392,209,183,0,NQ.Z26
2026-09-22,142,30907.75,30911.75,30902.25,30903.75,430,182,248,0,NQ.Z26
2026-09-22,143,30904,30909.5,30900.5,30904.25,539,248,291,0,NQ.Z26
2026-09-22,144,30903.75,30906.75,30894.5,30896,633,249,384,0,NQ.Z26
2026-09-22,145,30896.25,30897.75,30887.25,30896,1004,459,545,0,NQ.Z26
2026-09-22,146,30896.25,30897.5,30890,30890,551,249,302,0,NQ.Z26
2026-09-22,147,30890.5,30896.75,30887.5,30896.75,532,218,314,0,NQ.Z26
2026-09-22,148,30896.5,30904.5,30896,30903.75,597,353,244,0,NQ.Z26
2026-09-22,149,30904,30911.75,30903.75,30910.5,509,304,205,0,NQ.Z26
2026-09-22,150,30911.5,30919.75,30909.5,30910.5,1001,548,453,0,NQ.Z26
2026-09-22,151,30910.5,30911.5,30894.5,30899.5,858,314,544,0,NQ.Z26
2026-09-22,152,30899.5,30900.5,30896.5,30899.25,252,108,144,0,NQ.Z26
2026-09-22,153,30899,30906,30896.5,30906,312,168,144,0,NQ.Z26
2026-09-22,154,30905.25,30910.5,30904,30908.75,310,162,148,0,NQ.Z26
2026-09-22,155,30908,30913,30906.25,30911.75,375,207,168,0,NQ.Z26
2026-09-22,156,30911.75,30917.25,30908,30915.25,437,239,198,0,NQ.Z26
2026-09-22,157,30914.5,30927,30914.5,30925.5,897,564,333,0,NQ.Z26
2026-09-22,158,30925.25,30935.75,30924.5,30929.75,1025,631,394,0,NQ.Z26
2026-09-22,159,30929.75,30935,30923,30927.5,1159,451,708,0,NQ.Z26
2026-09-22,160,30926.75,30934.5,30926.5,30930.25,680,341,339,0,NQ.Z26
2026-09-22,161,30929.5,30930.25,30923.5,30928,383,195,188,0,NQ.Z26
2026-09-22,162,30928.5,30931.75,30923.5,30923.5,335,150,185,0,NQ.Z26
2026-09-22,163,30923.5,30925.75,30919.25,30923.5,596,235,361,0,NQ.Z26
2026-09-22,164,30923.25,30925.5,30920.25,30925,314,148,166,0,NQ.Z26
2026-09-22,165,30924.75,30924.75,30914.75,30915.75,516,199,317,0,NQ.Z26
2026-09-22,166,30917.5,30921.5,30915.75,30919.75,402,210,192,0,NQ.Z26
2026-09-22,167,30920.25,30927,30918.25,30925.25,383,205,178,0,NQ.Z26
2026-09-22,168,30924.5,30926,30912.75,30915.25,577,235,342,0,NQ.Z26
2026-09-22,169,30915.25,30915.75,30908.75,30910.5,527,204,323,0,NQ.Z26
2026-09-22,170,30910.5,30917,30903,30915.75,981,475,506,0,NQ.Z26
2026-09-22,171,30916.5,30921.75,30914,30918.5,429,248,181,0,NQ.Z26
2026-09-22,172,30918.5,30923,30917.25,30918.25,407,183,224,0,NQ.Z26
2026-09-22,173,30918.25,30925.5,30906,30906.75,890,390,500,0,NQ.Z26
2026-09-22,174,30907,30908.25,30897.75,30900,808,358,450,0,NQ.Z26
2026-09-22,175,30899.5,30908,30895.25,30905.25,646,316,330,0,NQ.Z26
2026-09-22,176,30905,30907.5,30893.5,30895,495,229,266,0,NQ.Z26
2026-09-22,177,30894.75,30902,30892.75,30898.75,503,263,240,0,NQ.Z26
2026-09-22,178,30899,30901,30893.75,30895,291,145,146,0,NQ.Z26
2026-09-22,179,30895.5,30896.25,30889.25,30891.75,575,209,366,0,NQ.Z26
2026-09-22,180,30891.75,30900.75,30891.25,30899.5,625,324,301,0,NQ.Z26
2026-09-22,181,30900,30907,30898.25,30903,673,358,315,0,NQ.Z26
2026-09-22,182,30903.25,30910,30896.5,30906.25,781,423,358,0,NQ.Z26
2026-09-22,183,30906,30914.5,30905,30910.5,579,318,261,0,NQ.Z26
2026-09-22,184,30910,30919.75,30908,30919.5,918,553,365,0,NQ.Z26
2026-09-22,185,30920,30920.75,30903.25,30907.75,720,287,433,0,NQ.Z26
2026-09-22,186,30908,30913.5,30903.75,30910.5,408,203,205,0,NQ.Z26
2026-09-22,187,30911,30911.75,30905,30906,442,142,300,0,NQ.Z26
2026-09-22,188,30906,30906.75,30900,30905.25,437,220,217,0,NQ.Z26
2026-09-22,189,30905.5,30908.5,30902.75,30904.5,328,150,178,0,NQ.Z26
2026-09-22,190,30904,30905.5,30899,30903.25,427,174,253,0,NQ.Z26
2026-09-22,191,30903,30905,30897.25,30900,345,148,197,0,NQ.Z26
2026-09-22,192,30900.75,30901.75,30896,30897.75,262,132,130,0,NQ.Z26
2026-09-22,193,30897.75,30909.75,30897.5,30909,496,299,197,0,NQ.Z26
2026-09-22,194,30908.75,30916.5,30907.5,30915.75,452,245,207,0,NQ.Z26
2026-09-22,195,30915.25,30917.75,30911.25,30912.5,574,271,303,0,NQ.Z26
2026-09-22,196,30912,30920.75,30911.5,30920,458,285,173,0,NQ.Z26
2026-09-22,197,30919.5,30921.5,30914.5,30915,393,195,198,0,NQ.Z26
2026-09-22,198,30915.5,30947,30914.25,30930.5,2356,1398,958,0,NQ.Z26
2026-09-22,199,30930.25,30945,30928.75,30943.25,1291,649,642,0,NQ.Z26
2026-09-22,200,30942.75,30946,30938.25,30945,949,439,510,0,NQ.Z26
2026-09-22,201,30945.25,30945.75,30940.75,30942.75,557,269,288,0,NQ.Z26
2026-09-22,202,30942.75,30944.25,30938.75,30940.75,411,182,229,0,NQ.Z26
2026-09-22,203,30941,30945.75,30939.25,30943.75,491,251,240,0,NQ.Z26
2026-09-22,204,30943.25,30944.25,30934,30938.25,532,224,308,0,NQ.Z26
2026-09-22,205,30938,30943.25,30935.5,30938.25,464,202,262,0,NQ.Z26
2026-09-22,206,30938.25,30942.75,30936.25,30939.25,369,188,181,0,NQ.Z26
2026-09-22,207,30939.25,30942.5,30934.5,30942.25,422,173,249,0,NQ.Z26
2026-09-22,208,30942.25,30944.25,30937.5,30942.75,424,210,214,0,NQ.Z26
2026-09-22,209,30942.75,30943.75,30940.5,30941,312,152,160,0,NQ.Z26
2026-09-22,210,30941.25,30942,30936.5,30939.75,468,242,226,0,NQ.Z26
2026-09-22,211,30940.25,30943.75,30939.75,30942,284,151,133,0,NQ.Z26
2026-09-22,212,30941.75,30943.5,30937,30938.5,487,246,241,0,NQ.Z26
2026-09-22,213,30939.5,30943.25,30938.75,30939.75,261,151,110,0,NQ.Z26
2026-09-22,214,30939.75,30942.75,30939.25,30939.25,216,104,112,0,NQ.Z26
2026-09-22,215,30938,30946.25,30937.75,30944.75,338,174,164,0,NQ.Z26
2026-09-22,216,30945,30954.5,30945,30952.5,872,558,314,0,NQ.Z26
2026-09-22,217,30951.75,30953.5,30945.75,30948.25,357,164,193,0,NQ.Z26
2026-09-22,218,30947.5,30948.5,30941.5,30943,395,126,269,0,NQ.Z26
2026-09-22,219,30942,30943,30936,30942,440,176,264,0,NQ.Z26
2026-09-22,220,30942.25,30947.25,30940.25,30941.25,366,188,178,0,NQ.Z26
2026-09-22,221,30941,30943.25,30938,30940.75,311,128,183,0,NQ.Z26
2026-09-22,222,30941,30941.25,30937.25,30940,319,156,163,0,NQ.Z26
2026-09-22,223,30939.75,30941.5,30938.75,30939.5,169,67,102,0,NQ.Z26
2026-09-22,224,30940,30944,30937.25,30941.25,273,127,146,0,NQ.Z26
2026-09-22,225,30941.5,30942.75,30935.25,30942.5,338,134,204,0,NQ.Z26
2026-09-22,226,30942.25,30944,30938,30938,299,134,165,0,NQ.Z26
2026-09-22,227,30937.5,30942.5,30935.25,30939.5,272,126,146,0,NQ.Z26
2026-09-22,228,30940.25,30940.25,30936,30939,305,163,142,0,NQ.Z26
2026-09-22,229,30939,30941.5,30937,30940,247,133,114,0,NQ.Z26
2026-09-22,230,30939.5,30939.5,30931.25,30934.75,518,198,320,0,NQ.Z26
2026-09-22,231,30934.75,30935.75,30931.75,30933.25,328,145,183,0,NQ.Z26
2026-09-22,232,30933,30934.5,30929,30932.75,447,195,252,0,NQ.Z26
2026-09-22,233,30933.25,30934,30930.25,30932.5,232,120,112,0,NQ.Z26
2026-09-22,234,30933.75,30936.75,30931.75,30935,367,209,158,0,NQ.Z26
2026-09-22,235,30935,30939.25,30932.75,30937.25,333,211,122,0,NQ.Z26
2026-09-22,236,30938,30942.25,30936.5,30941,312,167,145,0,NQ.Z26
2026-09-22,237,30942.25,30949,30942,30949,409,246,163,0,NQ.Z26
2026-09-22,238,30949.5,30953.5,30947,30952,542,290,252,0,NQ.Z26
2026-09-22,239,30951.75,30956.75,30951.25,30953.5,532,288,244,0,NQ.Z26
2026-09-22,240,30953.5,30953.75,30942.75,30946.5,687,287,400,0,NQ.Z26
2026-09-22,241,30946,30947.25,30935.25,30937.5,488,216,272,0,NQ.Z26
2026-09-22,242,30937.25,30940,30934.5,30935,396,176,220,0,NQ.Z26
2026-09-22,243,30935.25,30937,30931.5,30933.75,411,184,227,0,NQ.Z26
2026-09-22,244,30933.75,30936,30930.5,30935.5,365,208,157,0,NQ.Z26
2026-09-22,245,30935.75,30938.75,30933.25,30938,329,186,143,0,NQ.Z26
2026-09-22,246,30938,30938.75,30927.75,30931,575,227,348,0,NQ.Z26
2026-09-22,247,30930.5,30932.5,30929.5,30931.75,330,142,188,0,NQ.Z26
2026-09-22,248,30931.25,30938.5,30929.5,30934.5,391,226,165,0,NQ.Z26
2026-09-22,249,30934.25,30934.25,30929.25,30930,338,183,155,0,NQ.Z26
2026-09-22,250,30930,30930,30921.75,30929.25,675,285,390,0,NQ.Z26
2026-09-22,251,30929,30932.75,30928,30928.75,421,224,197,0,NQ.Z26
2026-09-22,252,30930.25,30939.75,30930.25,30937.75,487,287,200,0,NQ.Z26
2026-09-22,253,30937,30942.75,30934.75,30942,341,193,148,0,NQ.Z26
2026-09-22,254,30941.75,30945.75,30941.75,30944.5,308,164,144,0,NQ.Z26
2026-09-22,255,30944.75,30950.5,30943.75,30949.5,473,272,201,0,NQ.Z26
2026-09-22,256,30950.25,30950.25,30943.25,30945.5,406,158,248,0,NQ.Z26
2026-09-22,257,30945.25,30945.5,30937,30942,446,203,243,0,NQ.Z26
2026-09-22,258,30941.75,30944.75,30941.25,30941.5,187,90,97,0,NQ.Z26
2026-09-22,259,30942,30943.25,30939.25,30941.5,246,81,165,0,NQ.Z26
2026-09-22,260,30942,30943.75,30936.5,30941.5,449,208,241,0,NQ.Z26
2026-09-22,261,30941.75,30945.75,30940.75,30944.5,324,168,156,0,NQ.Z26
2026-09-22,262,30944,30986,30943,30976.75,3765,2319,1446,0,NQ.Z26
2026-09-22,263,30977,30985,30971.25,30973.25,1389,654,735,0,NQ.Z26
2026-09-22,264,30973.25,30988.25,30971.5,30976.5,1941,986,955,0,NQ.Z26
2026-09-22,265,30976.5,30979.25,30971.5,30977,809,439,370,0,NQ.Z26
2026-09-22,266,30976.5,30980.5,30970.75,30972.5,633,281,352,0,NQ.Z26
2026-09-22,267,30972.75,30973.5,30966,30966.5,813,254,559,0,NQ.Z26
2026-09-22,268,30967,30974,30966,30971.5,432,232,200,0,NQ.Z26
2026-09-22,269,30970.75,30977.75,30970.75,30977.25,404,260,144,0,NQ.Z26
2026-09-22,270,30977.25,30979.5,30956,30957.5,1137,419,718,0,NQ.Z26
2026-09-22,271,30957.25,30960.25,30951.25,30958.5,972,425,547,0,NQ.Z26
2026-09-22,272,30958.25,30959.5,30951.5,30957.5,439,225,214,0,NQ.Z26
2026-09-22,273,30957.5,30958.75,30955.5,30956.75,354,184,170,0,NQ.Z26
2026-09-22,274,30957,30964.75,30954.75,30960.5,1097,619,478,0,NQ.Z26
2026-09-22,275,30960.5,30973.25,30958.5,30970,590,341,249,0,NQ.Z26
2026-09-22,276,30970.25,30976.75,30970,30974.75,478,243,235,0,NQ.Z26
2026-09-22,277,30974.75,30975.25,30968.75,30973.75,440,202,238,0,NQ.Z26
2026-09-22,278,30973.5,30976,30972.5,30975,395,224,171,0,NQ.Z26
2026-09-22,279,30975.25,30981.25,30974.25,30980.5,476,288,188,0,NQ.Z26
2026-09-22,280,30980.5,30984.25,30975.75,30980.5,565,274,291,0,NQ.Z26
2026-09-22,281,30980.5,30984.25,30979,30982.75,292,141,151,0,NQ.Z26
2026-09-22,282,30982.75,30985.5,30981,30982.25,388,204,184,0,NQ.Z26
2026-09-22,283,30982.25,30982.5,30974.25,30978.5,542,245,297,0,NQ.Z26
2026-09-22,284,30979,30982.5,30978,30981,400,229,171,0,NQ.Z26
2026-09-22,285,30980.5,30986.75,30980.5,30986.5,367,204,163,0,NQ.Z26
2026-09-22,286,30986.75,30988.25,30981.75,30986,531,225,306,0,NQ.Z26
2026-09-22,287,30985.75,30988.75,30985.25,30988,331,174,157,0,NQ.Z26
2026-09-22,288,30988,30994.25,30988,30993,722,431,291,0,NQ.Z26
2026-09-22,289,30992.5,30993.75,30990,30990.75,504,228,276,0,NQ.Z26
2026-09-22,290,30990.25,30996.5,30988.25,30994.25,826,429,397,0,NQ.Z26
2026-09-22,291,30993.75,30995.5,30990.5,30993.75,565,240,325,0,NQ.Z26
2026-09-22,292,30994.25,30998.5,30994,30996.75,555,295,260,0,NQ.Z26
2026-09-22,293,30996.5,31009.5,30995,31005.75,1115,713,402,0,NQ.Z26
2026-09-22,294,31005.25,31007.25,31002.5,31004.5,631,271,360,0,NQ.Z26
2026-09-22,295,31004,31006.5,31001,31002.25,519,241,278,0,NQ.Z26
2026-09-22,296,31002.25,31003.25,30997.5,30998.75,467,186,281,0,NQ.Z26
2026-09-22,297,30999,31000.5,30994,30997.25,434,149,285,0,NQ.Z26
2026-09-22,298,30996.5,31000.75,30993.25,30997.25,437,237,200,0,NQ.Z26
2026-09-22,299,30997.5,30999.5,30992.75,30994,449,205,244,0,NQ.Z26
2026-09-22,300,30994,30995.5,30987.5,30993.5,783,316,467,0,NQ.Z26
2026-09-22,301,30993.75,30998.5,30992.25,30993.25,492,254,238,0,NQ.Z26
2026-09-22,302,30992.75,30993.25,30986,30989,460,185,275,0,NQ.Z26
2026-09-22,303,30989.5,30990,30981.5,30984,516,188,328,0,NQ.Z26
2026-09-22,304,30984.25,30985.25,30981,30981.5,327,164,163,0,NQ.Z26
2026-09-22,305,30981.25,30984.75,30973.75,30977.25,893,318,575,0,NQ.Z26
2026-09-22,306,30977.75,30980,30967.5,30978,982,455,527,0,NQ.Z26
2026-09-22,307,30978.75,30980.25,30976,30976.75,321,166,155,0,NQ.Z26
2026-09-22,308,30977,30978,30970.75,30971.75,579,276,303,0,NQ.Z26
2026-09-22,309,30972,30973.75,30966.5,30972.5,699,368,331,0,NQ.Z26
2026-09-22,310,30972.25,30978.5,30971,30976.75,714,395,319,0,NQ.Z26
2026-09-22,311,30976.75,30979.75,30966,30975.25,1032,454,578,0,NQ.Z26
2026-09-22,312,30975.75,30983.5,30974.5,30982,474,282,192,0,NQ.Z26
2026-09-22,313,30982.25,30992,30981.5,30988.75,768,445,323,0,NQ.Z26
2026-09-22,314,30988.75,30992.75,30987.25,30987.75,593,279,314,0,NQ.Z26
2026-09-22,315,30988.25,30991.5,30986.5,30989,325,166,159,0,NQ.Z26
2026-09-22,316,30989,30989,30980.5,30981.5,305,112,193,0,NQ.Z26
2026-09-22,317,30982,30985.5,30981.5,30983,210,108,102,0,NQ.Z26
2026-09-22,318,30983.5,30986.5,30979.5,30985.75,383,174,209,0,NQ.Z26
2026-09-22,319,30985,30987.75,30983.75,30984,176,87,89,0,NQ.Z26
2026-09-22,320,30983.75,30985,30978,30979.75,322,125,197,0,NQ.Z26
2026-09-22,321,30979.5,30986.5,30979.25,30986.5,296,171,125,0,NQ.Z26
2026-09-22,322,30986.75,30987,30983.25,30986,202,78,124,0,NQ.Z26
2026-09-22,323,30985.5,30989.25,30984.25,30985,259,132,127,0,NQ.Z26
2026-09-22,324,30984.5,30988.5,30984.25,30985.75,138,65,73,0,NQ.Z26
2026-09-22,325,30985.5,30985.75,30980.75,30984.75,301,135,166,0,NQ.Z26
2026-09-22,326,30985,30986.25,30978.25,30978.75,275,123,152,0,NQ.Z26
2026-09-22,327,30978.5,30978.5,30973.75,30974.25,375,163,212,0,NQ.Z26
2026-09-22,328,30974.25,30976,30971.5,30972.75,473,186,287,0,NQ.Z26
2026-09-22,329,30973,30977.25,30972.75,30976,316,171,145,0,NQ.Z26
2026-09-22,330,30976,30983,30975.25,30982,513,304,209,0,NQ.Z26
2026-09-22,331,30981.75,30985.75,30976.5,30983.75,639,379,260,0,NQ.Z26
2026-09-22,332,30984,30985.75,30981.25,30982.5,366,186,180,0,NQ.Z26
2026-09-22,333,30982.5,30984.5,30981.75,30983.25,225,120,105,0,NQ.Z26
2026-09-22,334,30983.75,30988.5,30980.5,30988.5,297,194,103,0,NQ.Z26
2026-09-22,335,30988,30988.25,30984.25,30986,436,239,197,0,NQ.Z26
2026-09-22,336,30986.25,30993.25,30985.75,30991,689,457,232,0,NQ.Z26
2026-09-22,337,30991.25,30993.75,30989,30993.25,382,189,193,0,NQ.Z26
2026-09-22,338,30993.25,30998.5,30991.25,30996.5,611,357,254,0,NQ.Z26
2026-09-22,339,30996,30998.25,30992,30995.5,381,181,200,0,NQ.Z26
2026-09-22,340,30996,31002.5,30995.75,30999.5,567,363,204,0,NQ.Z26
2026-09-22,341,30999.5,31003.75,30997,31002,494,276,218,0,NQ.Z26
2026-09-22,342,31001.5,31003.5,31000.25,31002,409,175,234,0,NQ.Z26
2026-09-22,343,31001.5,31004.5,31000.25,31003.75,475,235,240,0,NQ.Z26
2026-09-22,344,31004,31004.25,30999.5,31003.25,493,213,280,0,NQ.Z26
2026-09-22,345,31002.75,31007.5,31002.25,31005,569,275,294,0,NQ.Z26
2026-09-22,346,31004.75,31014.75,31002,31012.25,913,521,392,0,NQ.Z26
2026-09-22,347,31012.25,31013.25,31009.75,31012.5,511,213,298,0,NQ.Z26
2026-09-22,348,31012.25,31016,31010.75,31012.75,539,269,270,0,NQ.Z26
2026-09-22,349,31013.25,31014.75,31009.25,31011.5,372,193,179,0,NQ.Z26
2026-09-22,350,31011.5,31011.5,31002.5,31006.75,644,248,396,0,NQ.Z26
2026-09-22,351,31006.5,31007.5,31000,31002.5,341,134,207,0,NQ.Z26
2026-09-22,352,31002.5,31004.25,30998.5,30999,437,189,248,0,NQ.Z26
2026-09-22,353,30999,31002.75,30998.25,31001.25,334,204,130,0,NQ.Z26
2026-09-22,354,31001.5,31011.75,30999,31004.75,783,465,318,0,NQ.Z26
2026-09-22,355,31005.25,31023,31004,31019.75,1718,1085,633,0,NQ.Z26
2026-09-22,356,31019.75,31027,31019.5,31025.5,1108,587,521,0,NQ.Z26
2026-09-22,357,31025.75,31025.75,31016.25,31016.5,887,430,457,0,NQ.Z26
2026-09-22,358,31016.5,31023.75,31016.25,31020.25,376,196,180,0,NQ.Z26
2026-09-22,359,31020.5,31023,31019.25,31020.75,384,224,160,0,NQ.Z26
2026-09-22,360,31020.5,31025,31018.5,31021.75,748,372,376,0,NQ.Z26
2026-09-22,361,31021.5,31032.5,31021.5,31029.5,895,557,338,0,NQ.Z26
2026-09-22,362,31029.75,31036.25,31028.25,31036,1185,670,515,0,NQ.Z26
2026-09-22,363,31035.75,31043,31033.75,31040.5,1707,906,801,0,NQ.Z26
2026-09-22,364,31040.5,31048,31037.5,31046.75,1326,655,671,0,NQ.Z26
2026-09-22,365,31046.25,31049.25,31040.75,31046.75,938,499,439,0,NQ.Z26
2026-09-22,366,31046.75,31047.5,31036.25,31043.25,881,396,485,0,NQ.Z26
2026-09-22,367,31043.75,31049.75,31040.5,31047.5,872,504,368,0,NQ.Z26
2026-09-22,368,31047.25,31047.75,31039.75,31041.5,721,300,421,0,NQ.Z26
2026-09-22,369,31041.5,31048.25,31037.5,31043.75,789,393,396,0,NQ.Z26
2026-09-22,370,31043.25,31045.25,31041.5,31042.25,317,157,160,0,NQ.Z26
2026-09-22,371,31042,31042.5,31027.5,31028.75,1187,509,678,0,NQ.Z26
2026-09-22,372,31028.5,31029.25,31018.5,31025,1276,558,718,0,NQ.Z26
2026-09-22,373,31025.5,31033.25,31024,31032.75,763,450,313,0,NQ.Z26
2026-09-22,374,31033.25,31036.75,31030.75,31035,551,296,255,0,NQ.Z26
2026-09-22,375,31034.75,31042.25,31034.5,31035,831,451,380,0,NQ.Z26
2026-09-22,376,31035,31039.75,31035,31037.5,399,210,189,0,NQ.Z26
2026-09-22,377,31037.75,31043,31037.5,31041.75,618,380,238,0,NQ.Z26
2026-09-22,378,31042.25,31045,31039.5,31043,688,321,367,0,NQ.Z26
2026-09-22,379,31043.25,31050,31040.75,31046.5,859,517,342,0,NQ.Z26
2026-09-22,380,31046.5,31050,31030,31042,2266,966,1300,0,NQ.Z26
2026-09-22,381,31042.5,31054.25,31040.5,31054,1094,682,412,0,NQ.Z26
2026-09-22,382,31053.5,31064.25,31052.25,31060,1620,867,753,0,NQ.Z26
2026-09-22,383,31060.25,31065.5,31049.25,31050,1240,588,652,0,NQ.Z26
2026-09-22,384,31050.25,31053,31036,31039.75,2068,900,1168,0,NQ.Z26
2026-09-22,385,31040,31040.75,31023,31027,2486,1089,1397,0,NQ.Z26
2026-09-22,386,31027,31029.5,31023.25,31027.75,1465,734,731,0,NQ.Z26
2026-09-22,387,31028,31033.25,31024,31029,1344,662,682,0,NQ.Z26
2026-09-22,388,31029.5,31033.25,31016,31016,1992,1000,992,0,NQ.Z26
2026-09-22,389,31016.75,31036.5,31012.75,31029.25,8654,4723,3931,0,NQ.Z26
2026-09-23,0,31006.5,31013,30961,30965.5,6067,2705,3362,0,NQ.Z26
2026-09-23,1,30965.5,30970.75,30940.75,30944,3274,1478,1796,0,NQ.Z26
2026-09-23,2,30942.25,30948,30927.25,30939,2912,1349,1563,0,NQ.Z26
2026-09-23,3,30938.25,30952,30934.25,30951.5,1785,1018,767,0,NQ.Z26
2026-09-23,4,30951,30954,30926.25,30926.5,1914,869,1045,0,NQ.Z26
2026-09-23,5,30926.5,30956.75,30922.25,30934.75,3009,1518,1491,0,NQ.Z26
2026-09-23,6,30934.25,30940.75,30922.75,30938.75,1888,870,1018,0,NQ.Z26
2026-09-23,7,30939.25,30939.75,30914.75,30923.25,2002,852,1150,0,NQ.Z26
2026-09-23,8,30923.75,30926.5,30902,30902,2561,1124,1437,0,NQ.Z26
2026-09-23,9,30903.5,30923,30902.25,30914.25,1718,952,766,0,NQ.Z26
2026-09-23,10,30914.75,30924.75,30906.25,30912.25,1930,980,950,0,NQ.Z26
2026-09-23,11,30913,30925,30905.75,30912,1596,836,760,0,NQ.Z26
2026-09-23,12,30911.5,30921,30904.75,30911,1220,578,642,0,NQ.Z26
2026-09-23,13,30910.5,30923.75,30909.75,30914.25,1243,679,564,0,NQ.Z26
2026-09-23,14,30914.25,30924,30910,30910.75,862,402,460,0,NQ.Z26
2026-09-23,15,30910,30922.25,30900,30903,1935,922,1013,0,NQ.Z26
2026-09-23,16,30902,30902.5,30875.75,30878,3169,1315,1854,0,NQ.Z26
2026-09-23,17,30878.25,30891.5,30860.75,30886.25,3622,1909,1713,0,NQ.Z26
2026-09-23,18,30885.5,30894,30875.75,30880.25,1631,795,836,0,NQ.Z26
2026-09-23,19,30880.5,30881,30871.25,30879.75,1756,949,807,0,NQ.Z26
2026-09-23,20,30879.5,30888.25,30867.25,30872,1762,875,887,0,NQ.Z26
2026-09-23,21,30872,30872.75,30854.5,30859,1735,769,966,0,NQ.Z26
2026-09-23,22,30858,30860,30842,30851.5,2633,1362,1271,0,NQ.Z26
2026-09-23,23,30852,30880,30847,30865.25,2253,1275,978,0,NQ.Z26
2026-09-23,24,30865.25,30867.5,30846,30849.25,1665,747,918,0,NQ.Z26
2026-09-23,25,30848.75,30854,30833.5,30839.75,1863,881,982,0,NQ.Z26
2026-09-23,26,30839.25,30849.75,30832.75,30839.75,1642,877,765,0,NQ.Z26
2026-09-23,27,30839.25,30854.5,30838.75,30850,1337,758,579,0,NQ.Z26
2026-09-23,28,30849.75,30862.75,30848.5,30855,1479,809,670,0,NQ.Z26
2026-09-23,29,30855,30859.25,30835.75,30846.25,1345,609,736,0,NQ.Z26
2026-09-23,30,30846.75,30871,30843,30867.5,2371,1348,1023,0,NQ.Z26
2026-09-23,31,30867.5,30871,30850.75,30856,1497,668,829,0,NQ.Z26
2026-09-23,32,30855.25,30856.75,30825.25,30827,2354,947,1407,0,NQ.Z26
2026-09-23,33,30827.25,30832.25,30821.25,30825.75,1676,782,894,0,NQ.Z26
2026-09-23,34,30825.5,30835.25,30818.5,30831.25,1780,965,815,0,NQ.Z26
2026-09-23,35,30831.75,30841.75,30817.25,30818.25,1575,766,809,0,NQ.Z26
2026-09-23,36,30818.75,30823.75,30808.25,30811,1693,802,891,0,NQ.Z26
2026-09-23,37,30810.75,30810.75,30783,30783.25,2538,1026,1512,0,NQ.Z26
2026-09-23,38,30783.25,30794,30777.75,30779.5,2020,975,1045,0,NQ.Z26
2026-09-23,39,30779.25,30783.25,30766.25,30769,1957,982,975,0,NQ.Z26
2026-09-23,40,30769,30773,30740,30749.25,3356,1522,1834,0,NQ.Z26
2026-09-23,41,30749,30749,30717.75,30736,3325,1693,1632,0,NQ.Z26
2026-09-23,42,30735.5,30746.25,30720.25,30721,2322,1135,1187,0,NQ.Z26
2026-09-23,43,30721,30727,30704,30717.25,3519,1689,1830,0,NQ.Z26
2026-09-23,44,30717.25,30728.5,30708,30718.5,2227,1099,1128,0,NQ.Z26
2026-09-23,45,30719.25,30740.25,30706.75,30740.25,3043,1640,1403,0,NQ.Z26
2026-09-23,46,30740.25,30742.5,30716.25,30726.5,1990,946,1044,0,NQ.Z26
2026-09-23,47,30726.75,30729.5,30687,30691.75,3496,1482,2014,0,NQ.Z26
2026-09-23,48,30692,30697.25,30678.25,30685.75,2202,1051,1151,0,NQ.Z26
2026-09-23,49,30686,30691.25,30670.75,30672.75,2090,919,1171,0,NQ.Z26
2026-09-23,50,30672.75,30700.5,30661.5,30692.5,3484,1771,1713,0,NQ.Z26
2026-09-23,51,30693,30693.5,30662.75,30666,2294,1005,1289,0,NQ.Z26
2026-09-23,52,30667.25,30668.5,30645,30650,3051,1402,1649,0,NQ.Z26
2026-09-23,53,30650.5,30667.5,30645,30662.75,2368,1245,1123,0,NQ.Z26
2026-09-23,54,30663,30674.5,30652.5,30673.5,1774,940,834,0,NQ.Z26
2026-09-23,55,30673.5,30695.25,30666.5,30670.5,3345,1677,1668,0,NQ.Z26
2026-09-23,56,30670.75,30676,30642.75,30649.5,2636,1101,1535,0,NQ.Z26
2026-09-23,57,30650,30672,30647.75,30667.25,1897,1157,740,0,NQ.Z26
2026-09-23,58,30667.75,30686.25,30665.75,30682,1520,867,653,0,NQ.Z26
2026-09-23,59,30681.75,30693,30674.25,30679,1877,964,913,0,NQ.Z26
2026-09-23,60,30678.75,30697.5,30677.75,30682.5,2429,1180,1249,0,NQ.Z26
2026-09-23,61,30683,30687.25,30657.75,30676.25,1886,855,1031,0,NQ.Z26
2026-09-23,62,30676.75,30705.75,30673.5,30698.75,2027,1175,852,0,NQ.Z26
2026-09-23,63,30699,30714.25,30694.75,30707.25,1765,996,769,0,NQ.Z26
2026-09-23,64,30708,30724.25,30703.25,30720.25,1607,958,649,0,NQ.Z26
2026-09-23,65,30720.5,30738.75,30718.5,30731.25,2201,1165,1036,0,NQ.Z26
2026-09-23,66,30731.5,30732.5,30718.25,30724.5,1445,610,835,0,NQ.Z26
2026-09-23,67,30724,30737.75,30707.75,30715.25,2174,1116,1058,0,NQ.Z26
2026-09-23,68,30714.75,30716,30692.5,30695.5,1670,720,950,0,NQ.Z26
2026-09-23,69,30695.25,30703.25,30687,30697.25,1395,723,672,0,NQ.Z26
2026-09-23,70,30697.5,30710.5,30689.5,30709,1543,947,596,0,NQ.Z26
2026-09-23,71,30708.75,30717.5,30700,30702.75,1100,565,535,0,NQ.Z26
2026-09-23,72,30703.5,30708,30694.75,30701.25,824,404,420,0,NQ.Z26
2026-09-23,73,30701.5,30709.25,30691.75,30706.25,863,422,441,0,NQ.Z26
2026-09-23,74,30706.75,30722.75,30704.25,30718.75,1201,670,531,0,NQ.Z26
2026-09-23,75,30720,30739.5,30720,30731.25,1418,780,638,0,NQ.Z26
2026-09-23,76,30731.25,30738.75,30719.25,30731.75,1287,656,631,0,NQ.Z26
2026-09-23,77,30732.75,30738.5,30722.25,30722.75,1070,509,561,0,NQ.Z26
2026-09-23,78,30725.25,30737.75,30722.75,30728.5,973,447,526,0,NQ.Z26
2026-09-23,79,30728.75,30738.75,30726.5,30732.75,762,445,317,0,NQ.Z26
2026-09-23,80,30732.5,30739.25,30714.5,30716.25,1139,504,635,0,NQ.Z26
2026-09-23,81,30716.5,30768,30713.25,30747,3572,2096,1476,0,NQ.Z26
2026-09-23,82,30747.5,30764.5,30740.5,30763,1372,713,659,0,NQ.Z26
2026-09-23,83,30764.5,30819.75,30764.25,30817.25,4465,2619,1846,0,NQ.Z26
2026-09-23,84,30817.75,30824.25,30799.25,30812.75,2652,1255,1397,0,NQ.Z26
2026-09-23,85,30812.5,30824,30780.5,30813.5,3194,1485,1709,0,NQ.Z26
2026-09-23,86,30814.25,30817.5,30808,30809.75,1122,497,625,0,NQ.Z26
2026-09-23,87,30810.25,30824.5,30800.75,30819.5,1876,993,883,0,NQ.Z26
2026-09-23,88,30820.75,30820.75,30810.75,30812.75,886,410,476,0,NQ.Z26
2026-09-23,89,30812.5,30826.25,30811.5,30822.5,945,518,427,0,NQ.Z26
2026-09-23,90,30824,30824.75,30803.75,30814,1668,699,969,0,NQ.Z26
2026-09-23,91,30813.5,30827.75,30812.25,30816,1500,751,749,0,NQ.Z26
2026-09-23,92,30816.5,30820.5,30804.75,30806.5,1135,526,609,0,NQ.Z26
2026-09-23,93,30806,30810,30793.75,30804.5,1448,647,801,0,NQ.Z26
2026-09-23,94,30804.25,30806.75,30794.75,30803.5,776,418,358,0,NQ.Z26
2026-09-23,95,30803.25,30805.5,30793,30795.5,861,460,401,0,NQ.Z26
2026-09-23,96,30795.5,30802.75,30790.5,30795.75,886,455,431,0,NQ.Z26
2026-09-23,97,30796.5,30811.5,30795,30804.75,825,482,343,0,NQ.Z26
2026-09-23,98,30804.75,30814,30804.5,30812.25,567,336,231,0,NQ.Z26
2026-09-23,99,30811.75,30812,30803,30803,492,206,286,0,NQ.Z26
2026-09-23,100,30803.75,30805.25,30795.75,30799.5,683,312,371,0,NQ.Z26
2026-09-23,101,30799.25,30802.25,30787,30792.25,756,344,412,0,NQ.Z26
2026-09-23,102,30793,30801.5,30784.25,30800.5,1097,626,471,0,NQ.Z26
2026-09-23,103,30800.5,30800.75,30782.5,30788.75,1180,541,639,0,NQ.Z26
2026-09-23,104,30789.25,30792.5,30784.25,30787.5,786,432,354,0,NQ.Z26
2026-09-23,105,30788.25,30800.25,30787.75,30794.5,793,431,362,0,NQ.Z26
2026-09-23,106,30794.25,30797.75,30779.5,30785.25,883,402,481,0,NQ.Z26
2026-09-23,107,30785.25,30785.25,30755,30768,1825,800,1025,0,NQ.Z26
2026-09-23,108,30768,30776.75,30766.25,30772,774,406,368,0,NQ.Z26
2026-09-23,109,30772,30792,30771.75,30785.25,966,569,397,0,NQ.Z26
2026-09-23,110,30785.75,30791,30780.5,30783,825,484,341,0,NQ.Z26
2026-09-23,111,30783.5,30802.25,30779.5,30799.75,1224,775,449,0,NQ.Z26
2026-09-23,112,30800,30817.75,30799.75,30812.5,1556,817,739,0,NQ.Z26
2026-09-23,113,30813,30816.25,30804,30809.75,883,417,466,0,NQ.Z26
2026-09-23,114,30809.75,30814,30802.75,30808.75,622,312,310,0,NQ.Z26
2026-09-23,115,30807.5,30814.5,30803.75,30812.25,678,366,312,0,NQ.Z26
2026-09-23,116,30812.75,30817.5,30802.25,30809.5,834,416,418,0,NQ.Z26
2026-09-23,117,30809.75,30810.25,30797.5,30803.5,790,288,502,0,NQ.Z26
2026-09-23,118,30803.25,30803.25,30778,30779.75,1358,488,870,0,NQ.Z26
2026-09-23,119,30780.75,30781,30768.75,30773.25,1224,545,679,0,NQ.Z26
2026-09-23,120,30772.75,30774,30764,30770,1370,689,681,0,NQ.Z26
2026-09-23,121,30770,30780.25,30766.75,30773.5,944,505,439,0,NQ.Z26
2026-09-23,122,30774.5,30780,30765.5,30767.25,754,356,398,0,NQ.Z26
2026-09-23,123,30767.75,30777.5,30764.25,30773.5,826,484,342,0,NQ.Z26
2026-09-23,124,30773.5,30782.25,30769.75,30770.25,640,336,304,0,NQ.Z26
2026-09-23,125,30769.75,30778,30760,30773.25,896,489,407,0,NQ.Z26
2026-09-23,126,30773.25,30777,30761.5,30763.5,823,381,442,0,NQ.Z26
2026-09-23,127,30762.75,30766.5,30758,30765.75,480,220,260,0,NQ.Z26
2026-09-23,128,30765.5,30774,30765,30768.75,499,304,195,0,NQ.Z26
2026-09-23,129,30769,30777,30760.75,30766.25,513,254,259,0,NQ.Z26
2026-09-23,130,30766,30766,30759.75,30763.25,429,215,214,0,NQ.Z26
2026-09-23,131,30763.25,30765.75,30754,30756.75,635,243,392,0,NQ.Z26
2026-09-23,132,30756.75,30768,30756.5,30767.75,579,298,281,0,NQ.Z26
2026-09-23,133,30768.25,30779.75,30761.5,30779,866,546,320,0,NQ.Z26
2026-09-23,134,30778.75,30784,30773.75,30780.25,886,516,370,0,NQ.Z26
2026-09-23,135,30781.25,30786,30775,30779.25,846,436,410,0,NQ.Z26
2026-09-23,136,30779.5,30783.5,30772.5,30777,676,278,398,0,NQ.Z26
2026-09-23,137,30777,30777.5,30749.75,30756.5,1254,492,762,0,NQ.Z26
2026-09-23,138,30756.5,30762.75,30735,30741,2293,1470,823,0,NQ.Z26
2026-09-23,139,30740.5,30744.5,30732.25,30739.75,1436,760,676,0,NQ.Z26
2026-09-23,140,30740.25,30745.25,30735.75,30741.25,935,504,431,0,NQ.Z26
2026-09-23,141,30741.5,30742.25,30723.25,30729.25,1295,608,687,0,NQ.Z26
2026-09-23,142,30729,30749.25,30727.75,30736,999,563,436,0,NQ.Z26
2026-09-23,143,30737,30741,30727.75,30741,578,327,251,0,NQ.Z26
2026-09-23,144,30739.25,30754,30739,30753.5,689,406,283,0,NQ.Z26
2026-09-23,145,30753.25,30757.25,30748,30748.5,711,387,324,0,NQ.Z26
2026-09-23,146,30748.75,30749.75,30737.5,30741.25,886,408,478,0,NQ.Z26
2026-09-23,147,30741.5,30743.25,30737,30738.25,454,182,272,0,NQ.Z26
2026-09-23,148,30738.75,30747.5,30738.25,30741.75,552,304,248,0,NQ.Z26
2026-09-23,149,30741.75,30748.25,30738.5,30746.5,449,270,179,0,NQ.Z26
2026-09-23,150,30747,30748,30736.25,30736.75,673,371,302,0,NQ.Z26
2026-09-23,151,30737.75,30739.75,30729,30733.5,647,319,328,0,NQ.Z26
2026-09-23,152,30733.75,30737.25,30731,30732,326,152,174,0,NQ.Z26
2026-09-23,153,30733,30735,30726.75,30735,524,254,270,0,NQ.Z26
2026-09-23,154,30735,30744.5,30732.25,30740.75,485,283,202,0,NQ.Z26
2026-09-23,155,30740.25,30740.5,30733,30736.25,377,197,180,0,NQ.Z26
2026-09-23,156,30736,30744.75,30730.25,30732.75,497,220,277,0,NQ.Z26
2026-09-23,157,30732.5,30745.25,30731.75,30741.25,442,229,213,0,NQ.Z26
2026-09-23,158,30741.25,30751,30741.25,30746.75,921,505,416,0,NQ.Z26
2026-09-23,159,30746.25,30748.75,30740.75,30745.25,383,204,179,0,NQ.Z26
2026-09-23,160,30745.25,30748.5,30740,30745,308,147,161,0,NQ.Z26
2026-09-23,161,30743.5,30744.5,30738.5,30744,319,157,162,0,NQ.Z26
2026-09-23,162,30744,30751,30740.75,30744.75,446,258,188,0,NQ.Z26
2026-09-23,163,30744.5,30745,30739.75,30744.25,228,102,126,0,NQ.Z26
2026-09-23,164,30743.25,30747.25,30737.5,30745,357,165,192,0,NQ.Z26
2026-09-23,165,30744.25,30754.75,30740,30752.75,641,400,241,0,NQ.Z26
2026-09-23,166,30752.25,30756.25,30742,30743,698,329,369,0,NQ.Z26
2026-09-23,167,30742.5,30744.5,30733.25,30738.5,747,299,448,0,NQ.Z26
2026-09-23,168,30738.5,30740.25,30729,30734.25,637,306,331,0,NQ.Z26
2026-09-23,169,30734.25,30738.5,30726,30738,608,326,282,0,NQ.Z26
2026-09-23,170,30737.5,30738,30719.75,30725.5,899,316,583,0,NQ.Z26
2026-09-23,171,30726.25,30726.25,30718.5,30721.5,508,232,276,0,NQ.Z26
2026-09-23,172,30721,30728.25,30715.5,30727,528,292,236,0,NQ.Z26
2026-09-23,173,30727,30729.25,30720.5,30724.5,654,360,294,0,NQ.Z26
2026-09-23,174,30724,30730.75,30718.5,30725.5,473,299,174,0,NQ.Z26
2026-09-23,175,30726.25,30735.5,30724.5,30735,450,253,197,0,NQ.Z26
2026-09-23,176,30735,30735,30718.75,30721,486,199,287,0,NQ.Z26
2026-09-23,177,30721.75,30727.75,30720.75,30725.25,360,180,180,0,NQ.Z26
2026-09-23,178,30725.5,30726.75,30719.5,30725,313,178,135,0,NQ.Z26
2026-09-23,179,30725.25,30728.25,30721.75,30723.5,301,143,158,0,NQ.Z26
2026-09-23,180,30723.75,30742,30723.75,30740.75,704,429,275,0,NQ.Z26
2026-09-23,181,30741.25,30746.5,30736.25,30745.5,643,387,256,0,NQ.Z26
2026-09-23,182,30744.75,30751.5,30742.25,30745.5,755,418,337,0,NQ.Z26
2026-09-23,183,30745.75,30748.25,30740.25,30744.25,550,270,280,0,NQ.Z26
2026-09-23,184,30744.75,30745,30738.5,30741.5,365,183,182,0,NQ.Z26
2026-09-23,185,30742,30748.75,30736.75,30739.5,640,324,316,0,NQ.Z26
2026-09-23,186,30740.5,30746.25,30740,30745,376,203,173,0,NQ.Z26
2026-09-23,187,30745.25,30746,30733.75,30736.25,546,241,305,0,NQ.Z26
2026-09-23,188,30736.25,30739.5,30730.75,30733,364,167,197,0,NQ.Z26
2026-09-23,189,30733.25,30733.25,30725,30727.75,550,266,284,0,NQ.Z26
2026-09-23,190,30728,30729.25,30717.25,30717.5,656,283,373,0,NQ.Z26
2026-09-23,191,30717.25,30718,30708.75,30713.5,1054,525,529,0,NQ.Z26
2026-09-23,192,30713.25,30718.25,30707.5,30707.75,679,296,383,0,NQ.Z26
2026-09-23,193,30708.5,30710.25,30705,30707,682,333,349,0,NQ.Z26
2026-09-23,194,30706.75,30708.25,30695.25,30695.25,1190,421,769,0,NQ.Z26
2026-09-23,195,30694.25,30707.5,30687.75,30700.5,2019,937,1082,0,NQ.Z26
2026-09-23,196,30700.5,30712,30698.75,30710.25,1421,893,528,0,NQ.Z26
2026-09-23,197,30710.75,30721,30708,30709.5,1002,555,447,0,NQ.Z26
2026-09-23,198,30709,30709,30701.75,30707.5,522,244,278,0,NQ.Z26
2026-09-23,199,30707.75,30708.25,30690.5,30695.5,673,262,411,0,NQ.Z26
2026-09-23,200,30695.5,30695.5,30677.25,30681.75,1488,700,788,0,NQ.Z26
2026-09-23,201,30681.5,30682.5,30667.75,30674.25,1520,762,758,0,NQ.Z26
2026-09-23,202,30675.75,30686.75,30672.25,30680.25,997,535,462,0,NQ.Z26
2026-09-23,203,30680.5,30681.5,30670.75,30676.75,869,411,458,0,NQ.Z26
2026-09-23,204,30675.75,30681.25,30671.25,30671.5,578,278,300,0,NQ.Z26
2026-09-23,205,30671.75,30685.25,30668.25,30679.25,831,444,387,0,NQ.Z26
2026-09-23,206,30679.25,30685.25,30673.75,30683.75,586,310,276,0,NQ.Z26
2026-09-23,207,30684.25,30693,30674.75,30676,933,466,467,0,NQ.Z26
2026-09-23,208,30676.5,30690,30673.25,30688,758,419,339,0,NQ.Z26
2026-09-23,209,30687.75,30696,30686.75,30686.75,580,297,283,0,NQ.Z26
2026-09-23,210,30687.5,30702,30686.25,30700,1175,723,452,0,NQ.Z26
2026-09-23,211,30700.5,30709.25,30696.25,30704.5,929,565,364,0,NQ.Z26
2026-09-23,212,30703.75,30704.75,30659.75,30661.75,2594,1005,1589,0,NQ.Z26
2026-09-23,213,30662,30672,30648.75,30652.5,1563,742,821,0,NQ.Z26
2026-09-23,214,30652.5,30661,30646.5,30658.5,1120,609,511,0,NQ.Z26
2026-09-23,215,30659,30674.25,30657.25,30667.5,1122,629,493,0,NQ.Z26
2026-09-23,216,30666.5,30671.25,30653.25,30662.5,858,385,473,0,NQ.Z26
2026-09-23,217,30663.25,30669,30658.75,30660,534,251,283,0,NQ.Z26
2026-09-23,218,30660,30669.75,30658.75,30668,598,336,262,0,NQ.Z26
2026-09-23,219,30669,30682,30664,30676.5,822,440,382,0,NQ.Z26
2026-09-23,220,30677,30679.25,30663.25,30666.25,829,359,470,0,NQ.Z26
2026-09-23,221,30666.5,30677.75,30656.5,30657,795,379,416,0,NQ.Z26
2026-09-23,222,30657.25,30665.5,30656.25,30663.5,817,446,371,0,NQ.Z26
2026-09-23,223,30663.5,30668.25,30657.5,30667,663,352,311,0,NQ.Z26
2026-09-23,224,30667.25,30673.75,30662.75,30670.75,559,313,246,0,NQ.Z26
2026-09-23,225,30669.75,30686.5,30665.5,30684.25,868,506,362,0,NQ.Z26
2026-09-23,226,30684.5,30687,30677.25,30684.25,667,339,328,0,NQ.Z26
2026-09-23,227,30684.25,30699.25,30680.25,30694.75,825,440,385,0,NQ.Z26
2026-09-23,228,30695,30705.75,30694.25,30704.5,876,521,355,0,NQ.Z26
2026-09-23,229,30705.25,30724.75,30703,30722.25,1332,755,577,0,NQ.Z26
2026-09-23,230,30723,30724.75,30712.5,30715.5,953,435,518,0,NQ.Z26
2026-09-23,231,30716.75,30721,30706.25,30708,822,359,463,0,NQ.Z26
2026-09-23,232,30708.5,30722.5,30706,30717,646,382,264,0,NQ.Z26
2026-09-23,233,30716.75,30720.25,30702,30704.25,716,270,446,0,NQ.Z26
2026-09-23,234,30703.5,30703.75,30681.5,30681.5,1090,421,669,0,NQ.Z26
2026-09-23,235,30680.75,30691,30677.5,30687,878,468,410,0,NQ.Z26
2026-09-23,236,30687.5,30691,30678.5,30688.5,574,302,272,0,NQ.Z26
2026-09-23,237,30688.5,30688.5,30681.5,30683.25,343,167,176,0,NQ.Z26
2026-09-23,238,30683.75,30688.25,30679.25,30681.75,587,232,355,0,NQ.Z26
2026-09-23,239,30682,30685.25,30676,30681.75,535,281,254,0,NQ.Z26
2026-09-23,240,30682,30682,30671.25,30679.5,760,364,396,0,NQ.Z26
2026-09-23,241,30679.5,30689.25,30673.5,30689,803,488,315,0,NQ.Z26
2026-09-23,242,30688.25,30690,30673.75,30688.75,624,327,297,0,NQ.Z26
2026-09-23,243,30688.5,30704.75,30684.25,30699.25,883,578,305,0,NQ.Z26
2026-09-23,244,30699.25,30702.75,30697,30700.5,521,259,262,0,NQ.Z26
2026-09-23,245,30700,30701,30689.25,30690.5,546,243,303,0,NQ.Z26
2026-09-23,246,30689.75,30696,30686.25,30695,496,249,247,0,NQ.Z26
2026-09-23,247,30695.5,30705.75,30694,30702,547,335,212,0,NQ.Z26
2026-09-23,248,30702,30705.75,30697.25,30700.5,375,181,194,0,NQ.Z26
2026-09-23,249,30700.75,30703.5,30692,30696,503,227,276,0,NQ.Z26
2026-09-23,250,30696.25,30714.75,30685.25,30700.25,1939,1111,828,0,NQ.Z26
2026-09-23,251,30700.25,30721.25,30694.75,30712.25,1132,587,545,0,NQ.Z26
2026-09-23,252,30712.75,30732.5,30711,30730.75,1249,678,571,0,NQ.Z26
2026-09-23,253,30731,30756.25,30731,30752.75,1708,951,757,0,NQ.Z26
2026-09-23,254,30753,30756.25,30744.75,30748.5,925,409,516,0,NQ.Z26
2026-09-23,255,30748.25,30754.5,30741.5,30751.75,1126,600,526,0,NQ.Z26
2026-09-23,256,30751.75,30764.25,30750.25,30751,1121,618,503,0,NQ.Z26
2026-09-23,257,30751,30755,30744,30747.25,784,344,440,0,NQ.Z26
2026-09-23,258,30747.25,30748.5,30736.25,30745.75,1022,463,559,0,NQ.Z26
2026-09-23,259,30745.75,30753.25,30744,30750.5,538,322,216,0,NQ.Z26
2026-09-23,260,30750.5,30758.25,30746.75,30752.25,524,268,256,0,NQ.Z26
2026-09-23,261,30752.25,30755.5,30747,30750,418,228,190,0,NQ.Z26
2026-09-23,262,30750.5,30754.25,30746,30753.5,336,186,150,0,NQ.Z26
2026-09-23,263,30753.75,30759.5,30746,30748.75,501,247,254,0,NQ.Z26
2026-09-23,264,30748.5,30757.25,30740.25,30752.75,673,341,332,0,NQ.Z26
2026-09-23,265,30752.75,30756,30748.5,30750,366,207,159,0,NQ.Z26
2026-09-23,266,30750,30756.75,30748,30753.25,383,227,156,0,NQ.Z26
2026-09-23,267,30754,30766.5,30750,30765.75,721,454,267,0,NQ.Z26
2026-09-23,268,30765.5,30770,30765.25,30768.75,588,353,235,0,NQ.Z26
2026-09-23,269,30768.25,30774.5,30766.25,30771,748,436,312,0,NQ.Z26
2026-09-23,270,30771,30772,30762.25,30767.5,850,408,442,0,NQ.Z26
2026-09-23,271,30767,30767.75,30757.25,30760.75,759,328,431,0,NQ.Z26
2026-09-23,272,30762.25,30762.25,30750,30752.75,856,392,464,0,NQ.Z26
2026-09-23,273,30752.75,30752.75,30740.25,30743,774,308,466,0,NQ.Z26
2026-09-23,274,30742.5,30742.5,30727.75,30730.25,725,303,422,0,NQ.Z26
2026-09-23,275,30729.75,30738,30725,30737.75,796,468,328,0,NQ.Z26
2026-09-23,276,30737.75,30748.5,30736.25,30742,957,575,382,0,NQ.Z26
2026-09-23,277,30740.5,30744.75,30738.5,30742.75,390,226,164,0,NQ.Z26
2026-09-23,278,30742.75,30746.5,30740.75,30742.75,378,216,162,0,NQ.Z26
2026-09-23,279,30741.75,30743.5,30734.25,30739,368,178,190,0,NQ.Z26
2026-09-23,280,30739.5,30747.25,30736.5,30736.75,407,194,213,0,NQ.Z26
2026-09-23,281,30737.25,30743.75,30737.25,30740,385,209,176,0,NQ.Z26
2026-09-23,282,30741,30742,30736.25,30741.75,288,156,132,0,NQ.Z26
2026-09-23,283,30741.5,30746.25,30739,30743.25,512,312,200,0,NQ.Z26
2026-09-23,284,30742.75,30747.25,30740.25,30745,314,171,143,0,NQ.Z26
2026-09-23,285,30745.5,30753.5,30740.5,30751.75,619,364,255,0,NQ.Z26
2026-09-23,286,30751.25,30758.75,30748,30749.25,744,372,372,0,NQ.Z26
2026-09-23,287,30749.5,30759.25,30748.75,30758.75,655,364,291,0,NQ.Z26
2026-09-23,288,30758.5,30768.5,30757.25,30767.75,708,419,289,0,NQ.Z26
2026-09-23,289,30767.75,30769,30758,30760,462,181,281,0,NQ.Z26
2026-09-23,290,30759.5,30762.5,30755,30758.5,501,260,241,0,NQ.Z26
2026-09-23,291,30758.5,30759,30746,30750.5,692,285,407,0,NQ.Z26
2026-09-23,292,30751,30755.25,30750.25,30753,347,183,164,0,NQ.Z26
2026-09-23,293,30754,30760,30746.75,30756.5,470,268,202,0,NQ.Z26
2026-09-23,294,30756.5,30761.75,30755.75,30760,320,203,117,0,NQ.Z26
2026-09-23,295,30760.75,30764,30754,30754.5,397,200,197,0,NQ.Z26
2026-09-23,296,30754.75,30761,30754.25,30755.75,332,181,151,0,NQ.Z26
2026-09-23,297,30755.5,30765,30755.5,30757.75,395,219,176,0,NQ.Z26
2026-09-23,298,30757.5,30759,30752.5,30756,672,312,360,0,NQ.Z26
2026-09-23,299,30756,30759.5,30750.25,30755.25,304,153,151,0,NQ.Z26
2026-09-23,300,30755,30758,30744.5,30746.5,553,276,277,0,NQ.Z26
2026-09-23,301,30746.25,30748.5,30740.5,30745.75,591,290,301,0,NQ.Z26
2026-09-23,302,30745.25,30750,30742.5,30749.5,301,186,115,0,NQ.Z26
2026-09-23,303,30749.5,30750,30744.25,30746,238,135,103,0,NQ.Z26
2026-09-23,304,30746,30753.5,30739.25,30747.5,442,254,188,0,NQ.Z26
2026-09-23,305,30748,30754.5,30747.25,30751.5,294,171,123,0,NQ.Z26
2026-09-23,306,30751,30753.75,30745.5,30746.5,274,130,144,0,NQ.Z26
2026-09-23,307,30746.25,30746.5,30735,30735.75,463,176,287,0,NQ.Z26
2026-09-23,308,30736.25,30737.25,30727.25,30732.25,778,358,420,0,NQ.Z26
2026-09-23,309,30731.5,30736,30728.5,30732.5,462,281,181,0,NQ.Z26
2026-09-23,310,30733,30741.75,30732.25,30740,429,265,164,0,NQ.Z26
2026-09-23,311,30740,30744.25,30733.75,30736.25,406,225,181,0,NQ.Z26
2026-09-23,312,30736.5,30745.75,30736,30743.75,373,244,129,0,NQ.Z26
2026-09-23,313,30744.75,30752.25,30744.5,30750,489,292,197,0,NQ.Z26
2026-09-23,314,30749.25,30750.75,30745.75,30747.75,371,171,200,0,NQ.Z26
2026-09-23,315,30747.75,30748.75,30743.25,30746,282,138,144,0,NQ.Z26
2026-09-23,316,30745.5,30748.5,30741,30742.75,389,181,208,0,NQ.Z26
2026-09-23,317,30742.25,30749.25,30742.25,30745.75,284,165,119,0,NQ.Z26
2026-09-23,318,30745.75,30757.25,30743.75,30756.75,562,327,235,0,NQ.Z26
2026-09-23,319,30757,30763.25,30756,30762,498,304,194,0,NQ.Z26
2026-09-23,320,30761.75,30768.5,30756.75,30757.75,792,369,423,0,NQ.Z26
2026-09-23,321,30757.75,30760.5,30755.5,30759,405,221,184,0,NQ.Z26
2026-09-23,322,30758.75,30759.5,30745.5,30748.5,670,287,383,0,NQ.Z26
2026-09-23,323,30748,30755,30746.5,30754.25,354,202,152,0,NQ.Z26
2026-09-23,324,30753.25,30753.5,30746,30749.75,474,233,241,0,NQ.Z26
2026-09-23,325,30749.25,30761.75,30748,30761.25,467,306,161,0,NQ.Z26
2026-09-23,326,30761.5,30763.5,30759,30762.5,434,249,185,0,NQ.Z26
2026-09-23,327,30762.5,30764,30757.75,30763.75,377,205,172,0,NQ.Z26
2026-09-23,328,30764.25,30765.75,30760.75,30763.5,456,221,235,0,NQ.Z26
2026-09-23,329,30763.75,30766.75,30760,30762,383,183,200,0,NQ.Z26
2026-09-23,330,30762.25,30763.5,30752.5,30762,582,260,322,0,NQ.Z26
2026-09-23,331,30762.75,30767.25,30759.25,30761.25,445,243,202,0,NQ.Z26
2026-09-23,332,30760.75,30763.5,30755.75,30758.75,333,190,143,0,NQ.Z26
2026-09-23,333,30757.5,30759.25,30742.25,30743.75,635,245,390,0,NQ.Z26
2026-09-23,334,30743.5,30748.25,30742.5,30743.75,438,239,199,0,NQ.Z26
2026-09-23,335,30743.75,30751,30741,30749.25,519,234,285,0,NQ.Z26
2026-09-23,336,30749,30763.75,30746,30763.25,843,522,321,0,NQ.Z26
2026-09-23,337,30763,30780.5,30761.5,30776,1264,789,475,0,NQ.Z26
2026-09-23,338,30775.75,30782.5,30773.5,30779.25,746,355,391,0,NQ.Z26
2026-09-23,339,30779.25,30781,30765.5,30769.75,806,339,467,0,NQ.Z26
2026-09-23,340,30770.5,30774.5,30766.75,30768.5,408,180,228,0,NQ.Z26
2026-09-23,341,30768.75,30773.5,30766.25,30769.75,309,168,141,0,NQ.Z26
2026-09-23,342,30770,30772.25,30757.75,30760.25,550,215,335,0,NQ.Z26
2026-09-23,343,30760.75,30762.75,30753.5,30762,556,312,244,0,NQ.Z26
2026-09-23,344,30762.75,30764,30760,30762.75,338,179,159,0,NQ.Z26
2026-09-23,345,30762.75,30765.5,30748.5,30748.75,529,210,319,0,NQ.Z26
2026-09-23,346,30749,30749.25,30741.25,30745.25,750,361,389,0,NQ.Z26
2026-09-23,347,30745.5,30748.25,30742.5,30747.75,463,250,213,0,NQ.Z26
2026-09-23,348,30748,30756,30746,30755,425,273,152,0,NQ.Z26
2026-09-23,349,30754.5,30757.5,30750,30751.25,399,203,196,0,NQ.Z26
2026-09-23,350,30750.75,30750.75,30743.5,30746.75,498,240,258,0,NQ.Z26
2026-09-23,351,30745.25,30748.75,30741.75,30747.25,452,228,224,0,NQ.Z26
2026-09-23,352,30747.25,30748.25,30744.25,30745.5,230,125,105,0,NQ.Z26
2026-09-23,353,30746.25,30751.25,30746.25,30747,324,187,137,0,NQ.Z26
2026-09-23,354,30747.75,30750.25,30744.25,30749.75,328,165,163,0,NQ.Z26
2026-09-23,355,30749.5,30757.5,30746,30747,604,365,239,0,NQ.Z26
2026-09-23,356,30747.5,30753.75,30745,30746.25,524,256,268,0,NQ.Z26
2026-09-23,357,30746.25,30754.75,30744.75,30751.5,427,271,156,0,NQ.Z26
2026-09-23,358,30750.25,30755.5,30749,30751.25,373,235,138,0,NQ.Z26
2026-09-23,359,30751,30754.25,30748,30753.75,458,266,192,0,NQ.Z26
2026-09-23,360,30754.5,30760.25,30747.5,30753,1112,587,525,0,NQ.Z26
2026-09-23,361,30752.75,30757.25,30749.25,30754,396,233,163,0,NQ.Z26
2026-09-23,362,30753.75,30766,30753,30763.25,563,407,156,0,NQ.Z26
2026-09-23,363,30763.5,30771.25,30760.5,30768.5,618,369,249,0,NQ.Z26
2026-09-23,364,30768.5,30775.25,30768,30772.5,491,276,215,0,NQ.Z26
2026-09-23,365,30772,30772.25,30759.25,30766.75,851,309,542,0,NQ.Z26
2026-09-23,366,30766.5,30769.5,30764,30765.75,504,288,216,0,NQ.Z26
2026-09-23,367,30764.75,30766.75,30758.75,30764.25,553,287,266,0,NQ.Z26
2026-09-23,368,30764.75,30765,30756.75,30757.75,439,186,253,0,NQ.Z26
2026-09-23,369,30757.25,30766.75,30756.75,30765.5,475,263,212,0,NQ.Z26
2026-09-23,370,30765.25,30771.25,30763.75,30764.25,474,257,217,0,NQ.Z26
2026-09-23,371,30764.5,30765.25,30755.25,30755.75,373,147,226,0,NQ.Z26
2026-09-23,372,30755.75,30757,30737,30737.5,1112,412,700,0,NQ.Z26
2026-09-23,373,30737.75,30741.25,30729.25,30741.25,1060,588,472,0,NQ.Z26
2026-09-23,374,30741,30748.25,30738.25,30747.25,899,461,438,0,NQ.Z26
2026-09-23,375,30746.75,30752.5,30743.75,30751.25,855,469,386,0,NQ.Z26
2026-09-23,376,30750.75,30752.25,30742.75,30750.75,563,250,313,0,NQ.Z26
2026-09-23,377,30751,30764,30750.5,30763.25,798,455,343,0,NQ.Z26
2026-09-23,378,30762.75,30764.25,30757.5,30762.25,637,338,299,0,NQ.Z26
2026-09-23,379,30763,30767.5,30759.75,30767.5,786,450,336,0,NQ.Z26
2026-09-23,380,30767.75,30772.5,30724.5,30736.25,2481,1201,1280,0,NQ.Z26
2026-09-23,381,30736.5,30742.5,30721.25,30723.5,1391,608,783,0,NQ.Z26
2026-09-23,382,30723.5,30726.25,30710,30716.75,1931,1010,921,0,NQ.Z26
2026-09-23,383,30717.5,30734.5,30714.5,30733.5,1978,1185,793,0,NQ.Z26
2026-09-23,384,30733.5,30739.25,30719.25,30720.75,2639,1194,1445,0,NQ.Z26
2026-09-23,385,30720.5,30756.5,30720.5,30746.25,2795,1575,1220,0,NQ.Z26
2026-09-23,386,30746.25,30749.25,30736.5,30746.5,1756,964,792,0,NQ.Z26
2026-09-23,387,30746.75,30763.5,30744.5,30755.75,1718,974,744,0,NQ.Z26
2026-09-23,388,30755.75,30762.5,30752.75,30759,1639,934,705,0,NQ.Z26
2026-09-23,389,30758.5,30779.5,30747.25,30770.25,10197,5213,4984,0,NQ.Z26
2026-09-24,0,30519,30532.25,30493.5,30515.75,5858,2816,3042,0,NQ.Z26
2026-09-24,1,30515.75,30524.25,30497.5,30523.5,3801,1855,1946,0,NQ.Z26
2026-09-24,2,30524,30544.75,30502.75,30506,4528,2256,2272,0,NQ.Z26
2026-09-24,3,30506.5,30533.25,30502.25,30525.75,2979,1614,1365,0,NQ.Z26
2026-09-24,4,30525,30551.25,30519.5,30540,2792,1512,1280,0,NQ.Z26
2026-09-24,5,30540.5,30566.5,30536,30561.5,3758,1980,1778,0,NQ.Z26
2026-09-24,6,30561.5,30593.25,30561.5,30580.5,3369,1902,1467,0,NQ.Z26
2026-09-24,7,30580.75,30587.5,30564,30586,2257,1095,1162,0,NQ.Z26
2026-09-24,8,30586.25,30606.5,30583.25,30604.5,2922,1651,1271,0,NQ.Z26
2026-09-24,9,30604.75,30605.75,30590.75,30596,1927,916,1011,0,NQ.Z26
2026-09-24,10,30595.25,30597.75,30577,30590.5,2392,1130,1262,0,NQ.Z26
2026-09-24,11,30590.25,30597,30562.5,30564.75,2361,1015,1346,0,NQ.Z26
2026-09-24,12,30565.75,30582.5,30558,30564.5,2209,1132,1077,0,NQ.Z26
2026-09-24,13,30565,30578.25,30562.25,30575.25,1648,957,691,0,NQ.Z26
2026-09-24,14,30573.75,30586.75,30569.25,30583.25,1842,1031,811,0,NQ.Z26
2026-09-24,15,30583.5,30597.75,30569.25,30592.25,2837,1563,1274,0,NQ.Z26
2026-09-24,16,30592.25,30608.25,30585.75,30603.75,2146,1219,927,0,NQ.Z26
2026-09-24,17,30604,30622.75,30602,30615.75,2683,1477,1206,0,NQ.Z26
2026-09-24,18,30615.75,30616.75,30582,30584.75,2754,1198,1556,0,NQ.Z26
2026-09-24,19,30585,30586.75,30566.75,30576.25,2381,1143,1238,0,NQ.Z26
2026-09-24,20,30576.5,30586,30565.5,30574.75,2010,974,1036,0,NQ.Z26
2026-09-24,21,30575.75,30589.75,30562.25,30564.75,1667,755,912,0,NQ.Z26
2026-09-24,22,30564.25,30587.25,30561.25,30575.5,1631,837,794,0,NQ.Z26
2026-09-24,23,30574.75,30578,30558.25,30559,1699,676,1023,0,NQ.Z26
2026-09-24,24,30559,30562.75,30535.25,30545.25,2366,1021,1345,0,NQ.Z26
2026-09-24,25,30544.75,30562.75,30543,30545.75,1964,1042,922,0,NQ.Z26
2026-09-24,26,30545.25,30552.25,30531.75,30549.25,1521,740,781,0,NQ.Z26
2026-09-24,27,30549,30559.25,30546.5,30553,1161,592,569,0,NQ.Z26
2026-09-24,28,30552.5,30566.75,30545.5,30560,1165,630,535,0,NQ.Z26
2026-09-24,29,30560,30583,30557.5,30578.75,1538,886,652,0,NQ.Z26
2026-09-24,30,30579,30608,30570.25,30596.25,2513,1382,1131,0,NQ.Z26
2026-09-24,31,30596.25,30609.75,30581,30583.25,1754,750,1004,0,NQ.Z26
2026-09-24,32,30584.25,30596.5,30579.5,30589.5,1137,601,536,0,NQ.Z26
2026-09-24,33,30590.5,30600.75,30585.5,30600.5,1050,557,493,0,NQ.Z26
2026-09-24,34,30600,30611.5,30595,30606.75,1457,809,648,0,NQ.Z26
2026-09-24,35,30606.75,30611,30599,30604.75,1001,540,461,0,NQ.Z26
2026-09-24,36,30605,30606.75,30591.25,30597.5,1102,498,604,0,NQ.Z26
2026-09-24,37,30598,30616.75,30595,30612.25,1212,700,512,0,NQ.Z26
2026-09-24,38,30613,30613,30597.5,30599.5,903,378,525,0,NQ.Z26
2026-09-24,39,30599.25,30608.5,30597.75,30599,691,323,368,0,NQ.Z26
2026-09-24,40,30599.5,30600,30578.5,30594.25,1761,764,997,0,NQ.Z26
2026-09-24,41,30594,30594.75,30569.5,30573.75,1223,442,781,0,NQ.Z26
2026-09-24,42,30574,30577.5,30565,30570.25,1033,449,584,0,NQ.Z26
2026-09-24,43,30570.25,30583.25,30567.5,30580.5,1020,598,422,0,NQ.Z26
2026-09-24,44,30580.25,30588.5,30578.75,30586.25,896,477,419,0,NQ.Z26
2026-09-24,45,30586,30595.75,30569.75,30571.75,1605,738,867,0,NQ.Z26
2026-09-24,46,30571.25,30582,30566.25,30581,952,514,438,0,NQ.Z26
2026-09-24,47,30580,30586.5,30562.5,30575.5,1539,746,793,0,NQ.Z26
2026-09-24,48,30575.5,30598.75,30573.25,30595.5,1647,957,690,0,NQ.Z26
2026-09-24,49,30595.5,30602,30589.25,30595.75,1180,665,515,0,NQ.Z26
2026-09-24,50,30596.5,30602,30590,30599.75,881,444,437,0,NQ.Z26
2026-09-24,51,30599,30607,30591.75,30592.25,991,512,479,0,NQ.Z26
2026-09-24,52,30592.25,30601.5,30590,30596,739,363,376,0,NQ.Z26
2026-09-24,53,30596,30617.75,30595.5,30609.25,1209,755,454,0,NQ.Z26
2026-09-24,54,30609.5,30613,30597.25,30601.5,836,402,434,0,NQ.Z26
2026-09-24,55,30601.75,30612.25,30595,30608.75,1049,523,526,0,NQ.Z26
2026-09-24,56,30608.75,30616.25,30607.5,30614.5,1065,600,465,0,NQ.Z26
2026-09-24,57,30613.5,30638.5,30609.25,30637.75,2318,1404,914,0,NQ.Z26
2026-09-24,58,30637.25,30637.5,30626.5,30631.75,1316,581,735,0,NQ.Z26
2026-09-24,59,30631.75,30635.25,30619,30630.5,1410,627,783,0,NQ.Z26
2026-09-24,60,30630,30630.5,30602.75,30607.25,1619,745,874,0,NQ.Z26
2026-09-24,61,30607.25,30616,30604,30610.5,965,540,425,0,NQ.Z26
2026-09-24,62,30611,30623.5,30606,30612.25,1199,640,559,0,NQ.Z26
2026-09-24,63,30612.5,30627,30606,30620.75,1097,604,493,0,NQ.Z26
2026-09-24,64,30620.75,30632.25,30618.25,30631.25,871,453,418,0,NQ.Z26
2026-09-24,65,30630.5,30639.75,30619.25,30634.25,1049,576,473,0,NQ.Z26
2026-09-24,66,30634.25,30634.75,30607.25,30613.5,1305,557,748,0,NQ.Z26
2026-09-24,67,30614,30620.75,30606.75,30610.5,772,316,456,0,NQ.Z26
2026-09-24,68,30610.5,30617.75,30603.5,30605,715,339,376,0,NQ.Z26
2026-09-24,69,30606.25,30613.75,30598,30608.25,1166,471,695,0,NQ.Z26
2026-09-24,70,30607.75,30612.75,30602,30604.25,759,383,376,0,NQ.Z26
2026-09-24,71,30606,30607.5,30597,30597.5,671,338,333,0,NQ.Z26
2026-09-24,72,30598,30615.75,30596.5,30602.25,989,510,479,0,NQ.Z26
2026-09-24,73,30603,30603,30586.25,30587.25,1140,460,680,0,NQ.Z26
2026-09-24,74,30587.25,30588.75,30572,30578.75,1490,699,791,0,NQ.Z26
2026-09-24,75,30579.75,30582.75,30572.5,30575,1252,635,617,0,NQ.Z26
2026-09-24,76,30575,30585.5,30568.75,30585.25,1076,577,499,0,NQ.Z26
2026-09-24,77,30584.75,30607,30583.5,30603.25,1581,963,618,0,NQ.Z26
2026-09-24,78,30602.75,30605.5,30592,30593,752,382,370,0,NQ.Z26
2026-09-24,79,30593.25,30598.5,30587,30592.5,682,316,366,0,NQ.Z26
2026-09-24,80,30592.5,30614,30588.25,30589.25,2021,1080,941,0,NQ.Z26
2026-09-24,81,30589,30594.5,30580.75,30586.5,1099,473,626,0,NQ.Z26
2026-09-24,82,30586.5,30591.75,30572.25,30573.75,1065,482,583,0,NQ.Z26
2026-09-24,83,30573.25,30574.75,30556.75,30572,1690,721,969,0,NQ.Z26
2026-09-24,84,30572.25,30573.75,30560,30564.25,855,422,433,0,NQ.Z26
2026-09-24,85,30565,30566.25,30544,30546,1440,632,808,0,NQ.Z26
2026-09-24,86,30546,30551.75,30544.5,30551,796,444,352,0,NQ.Z26
2026-09-24,87,30550.75,30552.75,30538.5,30545.75,997,487,510,0,NQ.Z26
2026-09-24,88,30545,30547.5,30532.75,30543.25,1382,698,684,0,NQ.Z26
2026-09-24,89,30543,30545,30532.5,30541.75,1023,542,481,0,NQ.Z26
2026-09-24,90,30542.25,30552.25,30539.25,30543.5,1724,1031,693,0,NQ.Z26
2026-09-24,91,30544,30551.25,30543,30547.75,839,489,350,0,NQ.Z26
2026-09-24,92,30547.75,30568.75,30545.5,30550.25,1577,853,724,0,NQ.Z26
2026-09-24,93,30551.5,30563.5,30544,30561.75,1100,629,471,0,NQ.Z26
2026-09-24,94,30561.5,30572.75,30549.5,30553.75,1149,533,616,0,NQ.Z26
2026-09-24,95,30553.25,30558.5,30540.5,30543.75,1705,877,828,0,NQ.Z26
2026-09-24,96,30543.5,30552,30530.5,30534.5,1396,600,796,0,NQ.Z26
2026-09-24,97,30534.75,30535,30524,30529.5,1190,563,627,0,NQ.Z26
2026-09-24,98,30530.25,30538.75,30525.25,30534.5,987,531,456,0,NQ.Z26
2026-09-24,99,30534.5,30534.5,30514.75,30516.75,1114,407,707,0,NQ.Z26
2026-09-24,100,30516.5,30528,30515.75,30525.5,885,517,368,0,NQ.Z26
2026-09-24,101,30525,30530,30522.25,30529.25,774,438,336,0,NQ.Z26
2026-09-24,102,30529,30538.25,30518,30519.75,1302,612,690,0,NQ.Z26
2026-09-24,103,30519.5,30521.5,30505.5,30511.25,1524,735,789,0,NQ.Z26
2026-09-24,104,30510.75,30517.25,30504,30511.25,1201,577,624,0,NQ.Z26
2026-09-24,105,30510.75,30523.5,30505.5,30519.5,1481,868,613,0,NQ.Z26
2026-09-24,106,30519,30546.75,30517,30533.75,2683,1565,1118,0,NQ.Z26
2026-09-24,107,30534.25,30547.5,30528,30538.5,1193,572,621,0,NQ.Z26
2026-09-24,108,30539.75,30539.75,30516.5,30523.25,1001,435,566,0,NQ.Z26
2026-09-24,109,30525,30525,30512.75,30518.5,759,300,459,0,NQ.Z26
2026-09-24,110,30517.5,30520.5,30509.75,30515.75,935,414,521,0,NQ.Z26
2026-09-24,111,30514.5,30530.25,30514.5,30528,1073,650,423,0,NQ.Z26
2026-09-24,112,30528.25,30533,30522.5,30532.75,935,497,438,0,NQ.Z26
2026-09-24,113,30532.5,30546,30529.75,30543.75,1221,740,481,0,NQ.Z26
2026-09-24,114,30543.75,30557.75,30543,30554.5,1180,692,488,0,NQ.Z26
2026-09-24,115,30554.75,30555.5,30528,30532.25,1411,539,872,0,NQ.Z26
2026-09-24,116,30532.25,30533.75,30519.5,30521,989,424,565,0,NQ.Z26
2026-09-24,117,30521.5,30523.5,30514,30520.75,849,425,424,0,NQ.Z26
2026-09-24,118,30520,30522.25,30509.25,30510.5,774,350,424,0,NQ.Z26
2026-09-24,119,30510,30517.25,30506.75,30513.5,837,446,391,0,NQ.Z26
2026-09-24,120,30514.25,30518.25,30503.75,30506.5,948,468,480,0,NQ.Z26
2026-09-24,121,30506.75,30515.75,30506,30510.75,742,389,353,0,NQ.Z26
2026-09-24,122,30509.5,30520,30502.5,30517.25,1090,603,487,0,NQ.Z26
2026-09-24,123,30518,30522,30511.75,30519.5,543,271,272,0,NQ.Z26
2026-09-24,124,30519.75,30526.75,30517.5,30521,892,525,367,0,NQ.Z26
2026-09-24,125,30521.75,30537.25,30519.75,30530.75,1125,644,481,0,NQ.Z26
2026-09-24,126,30531.25,30542.75,30530,30535,1291,718,573,0,NQ.Z26
2026-09-24,127,30535.25,30542.25,30534.25,30540,720,373,347,0,NQ.Z26
2026-09-24,128,30540.25,30543.75,30530.5,30531,642,298,344,0,NQ.Z26
2026-09-24,129,30531,30531.5,30515.5,30526,1092,516,576,0,NQ.Z26
2026-09-24,130,30526,30530.25,30518.75,30519.5,636,332,304,0,NQ.Z26
2026-09-24,131,30519.25,30528.5,30518,30523.5,568,333,235,0,NQ.Z26
2026-09-24,132,30523,30525.25,30509.75,30516,710,283,427,0,NQ.Z26
2026-09-24,133,30515.75,30528.75,30513.75,30528.25,720,394,326,0,NQ.Z26
2026-09-24,134,30528,30540.5,30527.25,30537.25,875,554,321,0,NQ.Z26
2026-09-24,135,30537.5,30550,30537.5,30545,951,512,439,0,NQ.Z26
2026-09-24,136,30544.75,30544.75,30535,30537.75,778,333,445,0,NQ.Z26
2026-09-24,137,30538,30546.5,30526.75,30527.75,621,265,356,0,NQ.Z26
2026-09-24,138,30527.75,30532.25,30513.25,30514,889,326,563,0,NQ.Z26
2026-09-24,139,30514,30520,30506.75,30516.75,955,530,425,0,NQ.Z26
2026-09-24,140,30516.75,30546.25,30514.75,30545.25,1301,771,530,0,NQ.Z26
2026-09-24,141,30546.25,30553.25,30542.25,30550,1129,578,551,0,NQ.Z26
2026-09-24,142,30549.5,30562,30549.5,30559.5,1259,761,498,0,NQ.Z26
2026-09-24,143,30559.75,30568,30554.5,30556.75,1011,464,547,0,NQ.Z26
2026-09-24,144,30556.75,30567.75,30553.5,30566.75,1092,511,581,0,NQ.Z26
2026-09-24,145,30567,30569.5,30559,30559.25,735,321,414,0,NQ.Z26
2026-09-24,146,30558.75,30559,30546,30555,1432,728,704,0,NQ.Z26
2026-09-24,147,30554.75,30556,30546.75,30554,610,268,342,0,NQ.Z26
2026-09-24,148,30553.75,30561.75,30552.75,30559.75,695,325,370,0,NQ.Z26
2026-09-24,149,30560,30562.75,30553.25,30554.5,568,243,325,0,NQ.Z26
2026-09-24,150,30554,30556.75,30526.5,30529,1349,615,734,0,NQ.Z26
2026-09-24,151,30529.25,30539.25,30523.25,30532,846,450,396,0,NQ.Z26
2026-09-24,152,30531.5,30538.25,30527,30533.75,465,245,220,0,NQ.Z26
2026-09-24,153,30533.25,30534.25,30525.5,30532,405,195,210,0,NQ.Z26
2026-09-24,154,30530.75,30540,30527,30539.75,457,255,202,0,NQ.Z26
2026-09-24,155,30539,30542,30530.5,30541.75,605,329,276,0,NQ.Z26
2026-09-24,156,30541.5,30541.75,30524.75,30531.5,667,277,390,0,NQ.Z26
2026-09-24,157,30531.25,30532.5,30517.5,30523.5,717,371,346,0,NQ.Z26
2026-09-24,158,30523,30525.25,30518,30524,394,205,189,0,NQ.Z26
2026-09-24,159,30524.25,30525.75,30516.75,30523,367,206,161,0,NQ.Z26
2026-09-24,160,30522.5,30528,30520,30522,487,244,243,0,NQ.Z26
2026-09-24,161,30521.5,30522,30506.5,30509.5,764,295,469,0,NQ.Z26
2026-09-24,162,30510,30518.25,30509.25,30511.75,547,277,270,0,NQ.Z26
2026-09-24,163,30511.75,30523.75,30507.75,30522.75,603,350,253,0,NQ.Z26
2026-09-24,164,30522.5,30561.25,30521.5,30559,1399,877,522,0,NQ.Z26
2026-09-24,165,30559.75,30631.75,30556,30625,5377,3042,2335,0,NQ.Z26
2026-09-24,166,30624.5,30712.25,30617.75,30700,2785,1518,1267,0,NQ.Z26
2026-09-24,167,30699,30724.75,30682.25,30711.75,1982,983,999,0,NQ.Z26
2026-09-24,168,30712,30748,30693,30695.25,1700,821,879,0,NQ.Z26
2026-09-24,169,30694,30709.75,30665.25,30682.75,1979,798,1181,0,NQ.Z26
2026-09-24,170,30680,30708.5,30677.75,30693.5,1569,838,731,0,NQ.Z26
2026-09-24,171,30693.25,30694.25,30671.5,30676.25,1469,687,782,0,NQ.Z26
2026-09-24,172,30676.5,30703.75,30676.5,30699.5,1973,1013,960,0,NQ.Z26
2026-09-24,173,30700.5,30706.75,30682.5,30687,2538,1204,1334,0,NQ.Z26
2026-09-24,174,30687,30696.25,30676.75,30689,1409,652,757,0,NQ.Z26
2026-09-24,175,30689.5,30698.5,30653.75,30655.75,1880,817,1063,0,NQ.Z26
2026-09-24,176,30656,30674.5,30653.75,30669.25,1476,778,698,0,NQ.Z26
2026-09-24,177,30670,30692,30651,30690.25,1685,947,738,0,NQ.Z26
2026-09-24,178,30689.75,30710,30688,30703.5,2095,1162,933,0,NQ.Z26
2026-09-24,179,30703.25,30705.25,30693,30697.75,1071,521,550,0,NQ.Z26
2026-09-24,180,30696.75,30701.25,30689.25,30694.5,1098,480,618,0,NQ.Z26
2026-09-24,181,30695.25,30701.5,30673.75,30674,1196,484,712,0,NQ.Z26
2026-09-24,182,30674.25,30676.25,30661.25,30671,1134,538,596,0,NQ.Z26
2026-09-24,183,30671.5,30686.5,30668.75,30684,1111,627,484,0,NQ.Z26
2026-09-24,184,30682.25,30687.25,30671.75,30684.75,1038,552,486,0,NQ.Z26
2026-09-24,185,30685,30705.75,30681.25,30703.5,1182,710,472,0,NQ.Z26
2026-09-24,186,30703.75,30735,30703,30734.5,1735,966,769,0,NQ.Z26
2026-09-24,187,30734.25,30749,30733.75,30736,1743,873,870,0,NQ.Z26
2026-09-24,188,30736.25,30741.75,30731.75,30735,900,417,483,0,NQ.Z26
2026-09-24,189,30735.75,30747.5,30733.75,30746.75,928,453,475,0,NQ.Z26
2026-09-24,190,30746.5,30777.75,30737.75,30776.75,1782,1013,769,0,NQ.Z26
2026-09-24,191,30777.25,30795.75,30776.75,30795.75,2137,1015,1122,0,NQ.Z26
2026-09-24,192,30795.25,30815,30795.25,30811,2048,1129,919,0,NQ.Z26
2026-09-24,193,30811.5,30813.5,30784.25,30787.25,1889,753,1136,0,NQ.Z26
2026-09-24,194,30787.5,30792,30744.75,30746.25,1836,802,1034,0,NQ.Z26
2026-09-24,195,30746.5,30751.5,30725.75,30738,2404,1121,1283,0,NQ.Z26
2026-09-24,196,30738.25,30752.5,30733,30747.25,2001,1048,953,0,NQ.Z26
2026-09-24,197,30747,30750.5,30733,30743,1609,799,810,0,NQ.Z26
2026-09-24,198,30744,30780.5,30744,30775.75,1816,1077,739,0,NQ.Z26
2026-09-24,199,30776,30792.5,30769.75,30786,1437,742,695,0,NQ.Z26
2026-09-24,200,30786,30792.75,30774.5,30781.75,1548,672,876,0,NQ.Z26
2026-09-24,201,30782,30805.75,30781.25,30793.75,1588,877,711,0,NQ.Z26
2026-09-24,202,30793.5,30796.25,30762.75,30766.75,1361,517,844,0,NQ.Z26
2026-09-24,203,30767,30770.75,30749.75,30756,1185,491,694,0,NQ.Z26
2026-09-24,204,30756.5,30771.25,30751.5,30763,1076,547,529,0,NQ.Z26
2026-09-24,205,30762.75,30777.5,30759,30768.25,1057,559,498,0,NQ.Z26
2026-09-24,206,30767.25,30799,30765.25,30798.5,1205,694,511,0,NQ.Z26
2026-09-24,207,30798.25,30815.75,30796.25,30797,1508,680,828,0,NQ.Z26
2026-09-24,208,30797.25,30805.25,30794.75,30799.5,1108,513,595,0,NQ.Z26
2026-09-24,209,30800,30801.25,30790.5,30792.25,810,383,427,0,NQ.Z26
2026-09-24,210,30792.25,30792.25,30766,30772.75,1505,688,817,0,NQ.Z26
2026-09-24,211,30773,30795.75,30768.5,30785.75,1109,605,504,0,NQ.Z26
2026-09-24,212,30785.75,30788.25,30758.5,30788,1497,757,740,0,NQ.Z26
2026-09-24,213,30788.25,30818.5,30787,30805.5,2295,1234,1061,0,NQ.Z26
2026-09-24,214,30805.25,30808.5,30784.5,30807,2111,1018,1093,0,NQ.Z26
2026-09-24,215,30806.25,30827.5,30801.25,30805.75,2037,1131,906,0,NQ.Z26
2026-09-24,216,30806.25,30815,30798.25,30803.25,1163,517,646,0,NQ.Z26
2026-09-24,217,30803.5,30813.75,30795.75,30796.75,855,405,450,0,NQ.Z26
2026-09-24,218,30796.25,30805.75,30789.75,30805,1071,572,499,0,NQ.Z26
2026-09-24,219,30804.25,30805.25,30791,30792,693,302,391,0,NQ.Z26
2026-09-24,220,30792.25,30792.75,30763.75,30772.75,2625,1153,1472,0,NQ.Z26
2026-09-24,221,30773.5,30777.25,30762,30772,1219,710,509,0,NQ.Z26
2026-09-24,222,30771.25,30775.75,30762.5,30765.25,864,440,424,0,NQ.Z26
2026-09-24,223,30765.25,30783.25,30757,30781.75,1099,604,495,0,NQ.Z26
2026-09-24,224,30782.5,30796,30780.5,30790.25,946,548,398,0,NQ.Z26
2026-09-24,225,30790,30793.25,30768.75,30772.75,988,373,615,0,NQ.Z26
2026-09-24,226,30772.25,30782.5,30769.25,30770.75,592,293,299,0,NQ.Z26
2026-09-24,227,30771,30780.25,30764.25,30764.75,620,259,361,0,NQ.Z26
2026-09-24,228,30765.5,30789,30765.5,30783,755,435,320,0,NQ.Z26
2026-09-24,229,30782,30782.5,30745.5,30747,1979,636,1343,0,NQ.Z26
2026-09-24,230,30746.75,30748.25,30733.25,30746.25,1333,639,694,0,NQ.Z26
2026-09-24,231,30747,30753.75,30740,30745.5,874,475,399,0,NQ.Z26
2026-09-24,232,30745.75,30761,30744,30753.5,976,574,402,0,NQ.Z26
2026-09-24,233,30751.5,30759.25,30743.75,30751,744,397,347,0,NQ.Z26
2026-09-24,234,30749.75,30761,30733.75,30736.5,842,376,466,0,NQ.Z26
2026-09-24,235,30736.75,30740,30721.5,30722.75,1060,476,584,0,NQ.Z26
2026-09-24,236,30722.75,30727,30700.25,30706.75,1448,596,852,0,NQ.Z26
2026-09-24,237,30706.5,30718.25,30705,30714.75,985,562,423,0,NQ.Z26
2026-09-24,238,30715.5,30736.75,30714.5,30733.75,1284,779,505,0,NQ.Z26
2026-09-24,239,30733.25,30739.75,30730.75,30735.75,835,405,430,0,NQ.Z26
2026-09-24,240,30735,30754.5,30732.75,30750.75,1514,850,664,0,NQ.Z26
2026-09-24,241,30750,30760.75,30745.75,30752.5,867,436,431,0,NQ.Z26
2026-09-24,242,30752,30755.5,30740.25,30747.25,823,338,485,0,NQ.Z26
2026-09-24,243,30746.75,30746.75,30732,30738,844,337,507,0,NQ.Z26
2026-09-24,244,30738,30738.25,30717,30718.25,1004,391,613,0,NQ.Z26
2026-09-24,245,30717.75,30727.75,30714.25,30716.25,737,420,317,0,NQ.Z26
2026-09-24,246,30716.25,30726.5,30714,30720,594,298,296,0,NQ.Z26
2026-09-24,247,30719.25,30723.75,30707.75,30709.75,798,362,436,0,NQ.Z26
2026-09-24,248,30709.25,30713,30698,30706,782,324,458,0,NQ.Z26
2026-09-24,249,30706.5,30721.25,30705.75,30712.75,787,427,360,0,NQ.Z26
2026-09-24,250,30712.5,30724,30712.25,30715,715,393,322,0,NQ.Z26
2026-09-24,251,30714.5,30720,30702.75,30707.75,1142,509,633,0,NQ.Z26
2026-09-24,252,30709,30723.25,30706.5,30707.75,660,361,299,0,NQ.Z26
2026-09-24,253,30708,30708.75,30673.25,30679.75,1730,654,1076,0,NQ.Z26
2026-09-24,254,30679.25,30685.5,30672.25,30673.25,984,546,438,0,NQ.Z26
2026-09-24,255,30673.25,30682.25,30665.75,30679.5,1344,665,679,0,NQ.Z26
2026-09-24,256,30680,30694.75,30678,30689.25,1001,604,397,0,NQ.Z26
2026-09-24,257,30689.25,30705.25,30686.25,30704.75,1095,577,518,0,NQ.Z26
2026-09-24,258,30703.75,30707,30690.5,30694.25,976,449,527,0,NQ.Z26
2026-09-24,259,30695,30708.25,30693.5,30701.75,751,416,335,0,NQ.Z26
2026-09-24,260,30701.5,30705.5,30694,30697.25,669,287,382,0,NQ.Z26
2026-09-24,261,30698.75,30703.75,30690.75,30692.25,521,227,294,0,NQ.Z26
2026-09-24,262,30692.75,30702,30683.25,30687.5,834,390,444,0,NQ.Z26
2026-09-24,263,30687.25,30694,30680.25,30681.25,814,423,391,0,NQ.Z26
2026-09-24,264,30681.5,30685.75,30670.75,30681.75,1345,702,643,0,NQ.Z26
2026-09-24,265,30682.5,30687.5,30672.75,30672.75,652,310,342,0,NQ.Z26
2026-09-24,266,30673,30704,30672.75,30696.75,1254,777,477,0,NQ.Z26
2026-09-24,267,30696.75,30697.25,30685,30691.25,894,399,495,0,NQ.Z26
2026-09-24,268,30690.75,30693.75,30681.5,30693.25,507,250,257,0,NQ.Z26
2026-09-24,269,30692.75,30705.5,30690.25,30696.75,807,486,321,0,NQ.Z26
2026-09-24,270,30698,30698.5,30685.25,30686,881,484,397,0,NQ.Z26
2026-09-24,271,30687,30688.5,30655,30664.75,1755,727,1028,0,NQ.Z26
2026-09-24,272,30664.75,30665,30647,30650.75,1456,586,870,0,NQ.Z26
2026-09-24,273,30651,30651,30623.25,30633.75,2012,926,1086,0,NQ.Z26
2026-09-24,274,30634.25,30643,30622,30627,1259,615,644,0,NQ.Z26
2026-09-24,275,30627,30642.75,30626.5,30638.75,1095,596,499,0,NQ.Z26
2026-09-24,276,30637.25,30662.5,30628,30657.25,1856,1062,794,0,NQ.Z26
2026-09-24,277,30656.5,30668.25,30647.75,30657.5,1174,650,524,0,NQ.Z26
2026-09-24,278,30657.75,30690.75,30657.75,30679.5,1911,1076,835,0,NQ.Z26
2026-09-24,279,30679.25,30690.75,30678.5,30683.5,720,354,366,0,NQ.Z26
2026-09-24,280,30683.5,30693,30678,30682,833,414,419,0,NQ.Z26
2026-09-24,281,30682,30705,30682,30693.5,1341,713,628,0,NQ.Z26
2026-09-24,282,30693.25,30694.75,30680.75,30682.25,683,314,369,0,NQ.Z26
2026-09-24,283,30682,30687.75,30677.5,30683.5,646,349,297,0,NQ.Z26
2026-09-24,284,30682,30697.75,30682,30695.75,690,407,283,0,NQ.Z26
2026-09-24,285,30695.25,30702.5,30689.75,30699.25,698,398,300,0,NQ.Z26
2026-09-24,286,30698.75,30719.75,30697.75,30713,1366,837,529,0,NQ.Z26
2026-09-24,287,30713.25,30721.25,30710.75,30720,944,505,439,0,NQ.Z26
2026-09-24,288,30720.5,30729.5,30709.25,30711.75,1262,593,669,0,NQ.Z26
2026-09-24,289,30711.5,30716,30706.5,30714,507,259,248,0,NQ.Z26
2026-09-24,290,30714,30718,30693.75,30697.5,934,387,547,0,NQ.Z26
2026-09-24,291,30696.75,30710.25,30696,30707.25,715,411,304,0,NQ.Z26
2026-09-24,292,30707.5,30712.5,30705.25,30705.75,494,271,223,0,NQ.Z26
2026-09-24,293,30706.25,30724,30704,30720,632,391,241,0,NQ.Z26
2026-09-24,294,30719.75,30719.75,30714.5,30717.5,341,165,176,0,NQ.Z26
2026-09-24,295,30716.5,30746.75,30715.25,30732.25,2406,1357,1049,0,NQ.Z26
2026-09-24,296,30732.25,30753,30732,30743.5,1520,841,679,0,NQ.Z26
2026-09-24,297,30743,30745.25,30736,30738.75,913,378,535,0,NQ.Z26
2026-09-24,298,30739,30748.5,30735.75,30741.5,774,362,412,0,NQ.Z26
2026-09-24,299,30741.5,30746.75,30736.75,30740.5,483,263,220,0,NQ.Z26
2026-09-24,300,30740.25,30746.5,30736,30740.75,601,256,345,0,NQ.Z26
2026-09-24,301,30740.5,30741.75,30722.5,30732.5,1008,423,585,0,NQ.Z26
2026-09-24,302,30733,30733,30717.25,30724,820,344,476,0,NQ.Z26
2026-09-24,303,30724.25,30732.75,30723.5,30726,424,235,189,0,NQ.Z26
2026-09-24,304,30727,30731,30717.75,30717.75,375,176,199,0,NQ.Z26
2026-09-24,305,30717.25,30719.5,30703.5,30707.25,812,330,482,0,NQ.Z26
2026-09-24,306,30706.5,30719.25,30705,30713.5,613,376,237,0,NQ.Z26
2026-09-24,307,30713.25,30721.75,30710.75,30715.5,653,336,317,0,NQ.Z26
2026-09-24,308,30715.25,30759.75,30715,30757.75,3360,1960,1400,0,NQ.Z26
2026-09-24,309,30759.5,30783.25,30745.75,30753,3193,1559,1634,0,NQ.Z26
2026-09-24,310,30752.5,30752.5,30730,30738,939,384,555,0,NQ.Z26
2026-09-24,311,30737.5,30743,30731,30740.25,575,313,262,0,NQ.Z26
2026-09-24,312,30740.25,30746.25,30727.5,30734.25,653,320,333,0,NQ.Z26
2026-09-24,313,30734,30735,30724.5,30735,469,218,251,0,NQ.Z26
2026-09-24,314,30734,30741,30730.75,30736.75,546,292,254,0,NQ.Z26
2026-09-24,315,30736.5,30750.75,30736,30744.75,569,331,238,0,NQ.Z26
2026-09-24,316,30745,30749,30741.75,30746.75,436,238,198,0,NQ.Z26
2026-09-24,317,30747,30750.25,30742.25,30744.5,283,126,157,0,NQ.Z26
2026-09-24,318,30744,30752.25,30741,30748,323,157,166,0,NQ.Z26
2026-09-24,319,30747.75,30750.25,30741.5,30747.5,332,156,176,0,NQ.Z26
2026-09-24,320,30746.75,30768.25,30744.25,30762.25,1240,719,521,0,NQ.Z26
2026-09-24,321,30762.75,30763,30750.25,30758,597,273,324,0,NQ.Z26
2026-09-24,322,30758.25,30776.5,30758,30771.5,760,420,340,0,NQ.Z26
2026-09-24,323,30771,30771,30763.25,30766.75,527,225,302,0,NQ.Z26
2026-09-24,324,30766.75,30768.75,30763.25,30765.75,332,143,189,0,NQ.Z26
2026-09-24,325,30766.5,30779.25,30765.5,30775.5,718,440,278,0,NQ.Z26
2026-09-24,326,30775.75,30788.25,30774.5,30785,673,348,325,0,NQ.Z26
2026-09-24,327,30785,30792.5,30783.75,30788.5,602,276,326,0,NQ.Z26
2026-09-24,328,30789.5,30791.75,30781.5,30788,658,286,372,0,NQ.Z26
2026-09-24,329,30788.25,30791.25,30776.5,30779.75,576,245,331,0,NQ.Z26
2026-09-24,330,30779.75,30784,30767.75,30774.25,1447,639,808,0,NQ.Z26
2026-09-24,331,30774.75,30775.75,30749.5,30757.5,2029,949,1080,0,NQ.Z26
2026-09-24,332,30758.25,30761.25,30739.75,30742.25,1039,435,604,0,NQ.Z26
2026-09-24,333,30742.5,30744,30727.75,30728.25,810,388,422,0,NQ.Z26
2026-09-24,334,30728.25,30735,30726.5,30734.5,732,391,341,0,NQ.Z26
2026-09-24,335,30734.25,30743.75,30732.25,30743,709,475,234,0,NQ.Z26
2026-09-24,336,30743.25,30746.5,30737.25,30739,603,315,288,0,NQ.Z26
2026-09-24,337,30738,30746,30732.75,30742.5,396,196,200,0,NQ.Z26
2026-09-24,338,30743.5,30748.75,30739,30739.25,344,170,174,0,NQ.Z26
2026-09-24,339,30740,30742.25,30733.25,30738.75,450,208,242,0,NQ.Z26
2026-09-24,340,30738.5,30744.25,30726.75,30728.5,634,233,401,0,NQ.Z26
2026-09-24,341,30728.25,30733.25,30724,30729.5,608,270,338,0,NQ.Z26
2026-09-24,342,30729.75,30735,30726.25,30733.75,497,264,233,0,NQ.Z26
2026-09-24,343,30733.25,30742.5,30731.25,30738.25,575,328,247,0,NQ.Z26
2026-09-24,344,30737.5,30739.25,30725.5,30726.5,497,187,310,0,NQ.Z26
2026-09-24,345,30727,30742.25,30726.75,30739,1032,491,541,0,NQ.Z26
2026-09-24,346,30739.25,30754.75,30737.75,30753.25,722,468,254,0,NQ.Z26
2026-09-24,347,30754.25,30759.75,30750.5,30755.75,772,358,414,0,NQ.Z26
2026-09-24,348,30754.75,30768,30754.75,30763.25,789,401,388,0,NQ.Z26
2026-09-24,349,30763.75,30764.75,30752.25,30762,1470,444,1026,0,NQ.Z26
2026-09-24,350,30761.75,30765.5,30755,30755.5,398,205,193,0,NQ.Z26
2026-09-24,351,30755.75,30761,30749.5,30761,454,214,240,0,NQ.Z26
2026-09-24,352,30760.5,30764,30757.75,30760,412,243,169,0,NQ.Z26
2026-09-24,353,30759,30760.5,30753.75,30760.5,242,114,128,0,NQ.Z26
2026-09-24,354,30760,30769,30759.5,30766.5,497,309,188,0,NQ.Z26
2026-09-24,355,30766.75,30772.5,30765.25,30766.25,482,253,229,0,NQ.Z26
2026-09-24,356,30766,30771,30762,30770,432,222,210,0,NQ.Z26
2026-09-24,357,30768.25,30769.25,30761.5,30761.5,325,147,178,0,NQ.Z26
2026-09-24,358,30761.75,30765.25,30757.25,30758.75,493,237,256,0,NQ.Z26
2026-09-24,359,30758,30759.5,30745.25,30750.75,667,245,422,0,NQ.Z26
2026-09-24,360,30749.75,30757.25,30747.5,30753.75,694,354,340,0,NQ.Z26
2026-09-24,361,30754,30764,30752.25,30764,524,333,191,0,NQ.Z26
2026-09-24,362,30764,30764.25,30747,30749.75,592,255,337,0,NQ.Z26
2026-09-24,363,30750.5,30756.75,30750.25,30756.5,335,207,128,0,NQ.Z26
2026-09-24,364,30756.5,30768.25,30754.5,30767.75,492,328,164,0,NQ.Z26
2026-09-24,365,30767.25,30768.75,30752.25,30757.25,501,245,256,0,NQ.Z26
2026-09-24,366,30757,30764.5,30757,30761.5,348,216,132,0,NQ.Z26
2026-09-24,367,30761.75,30761.75,30748.5,30751.75,359,119,240,0,NQ.Z26
2026-09-24,368,30752,30758,30749.5,30754.25,270,160,110,0,NQ.Z26
2026-09-24,369,30755.25,30764,30753.75,30763.25,459,249,210,0,NQ.Z26
2026-09-24,370,30763.25,30769.75,30756,30756.25,568,282,286,0,NQ.Z26
2026-09-24,371,30756.25,30762.75,30754.5,30761.75,382,207,175,0,NQ.Z26
2026-09-24,372,30761.75,30762.25,30753,30754,270,127,143,0,NQ.Z26
2026-09-24,373,30754,30759.5,30750.25,30756.5,354,189,165,0,NQ.Z26
2026-09-24,374,30756.75,30760.5,30750,30753,371,170,201,0,NQ.Z26
2026-09-24,375,30752.75,30759.25,30747.75,30753,589,281,308,0,NQ.Z26
2026-09-24,376,30753,30758.5,30751,30757.25,529,287,242,0,NQ.Z26
2026-09-24,377,30756.75,30762.25,30756,30756.75,329,162,167,0,NQ.Z26
2026-09-24,378,30757,30757.5,30749.75,30752.25,417,187,230,0,NQ.Z26
2026-09-24,379,30752,30755.75,30746.25,30747.5,710,338,372,0,NQ.Z26
2026-09-24,380,30747.25,30774.5,30747.25,30757.25,1886,1055,831,0,NQ.Z26
2026-09-24,381,30757.25,30781.5,30755.25,30777.25,1161,653,508,0,NQ.Z26
2026-09-24,382,30777.5,30783.5,30774.25,30780.75,688,373,315,0,NQ.Z26
2026-09-24,383,30781,30791,30780.25,30782.75,1065,601,464,0,NQ.Z26
2026-09-24,384,30783.25,30785.25,30774,30779,1610,770,840,0,NQ.Z26
2026-09-24,385,30779.5,30780.5,30764.75,30776.25,1654,766,888,0,NQ.Z26
2026-09-24,386,30776.75,30783,30768.25,30770.75,767,346,421,0,NQ.Z26
2026-09-24,387,30771,30771.5,30765,30769,810,351,459,0,NQ.Z26
2026-09-24,388,30769.25,30776.5,30768,30768.5,1690,799,891,0,NQ.Z26
2026-09-24,389,30768.25,30777.5,30756.5,30756.75,7680,3545,4135,0,NQ.Z26
2026-09-25,0,30819.75,30822,30770,30804,5147,2491,2656,0,NQ.Z26
2026-09-25,1,30805,30817.25,30779.25,30784.75,2657,1397,1260,0,NQ.Z26
2026-09-25,2,30784.5,30806.25,30767.5,30803.5,3626,1902,1724,0,NQ.Z26
2026-09-25,3,30803.5,30819.25,30791.25,30819.25,2470,1335,1135,0,NQ.Z26
2026-09-25,4,30819.25,30852,30815.75,30848.75,3185,1757,1428,0,NQ.Z26
2026-09-25,5,30848.25,30868,30847,30857.75,2971,1537,1434,0,NQ.Z26
2026-09-25,6,30858.5,30863.5,30846,30852,1672,812,860,0,NQ.Z26
2026-09-25,7,30852.5,30864.25,30845.75,30856,1749,829,920,0,NQ.Z26
2026-09-25,8,30855.5,30877,30851.75,30867.5,1575,828,747,0,NQ.Z26
2026-09-25,9,30868.75,30871.5,30843,30868,2074,962,1112,0,NQ.Z26
2026-09-25,10,30868.25,30877.75,30860,30877,1631,816,815,0,NQ.Z26
2026-09-25,11,30876.75,30890,30873.75,30883.5,1851,1008,843,0,NQ.Z26
2026-09-25,12,30883.5,30884,30857.5,30881.25,1755,855,900,0,NQ.Z26
2026-09-25,13,30880.5,30880.5,30855.75,30864.25,1540,761,779,0,NQ.Z26
2026-09-25,14,30863.75,30877.5,30851.25,30876.25,1596,859,737,0,NQ.Z26
2026-09-25,15,30877.25,30888.75,30858.25,30860,2672,1290,1382,0,NQ.Z26
2026-09-25,16,30860,30876.5,30850,30872,1652,817,835,0,NQ.Z26
2026-09-25,17,30871.75,30888,30861.5,30881.5,1508,777,731,0,NQ.Z26
2026-09-25,18,30882.25,30887.25,30847.5,30855.5,1773,751,1022,0,NQ.Z26
2026-09-25,19,30855.75,30879.25,30855.75,30874,1353,686,667,0,NQ.Z26
2026-09-25,20,30875,30882.75,30866,30878.75,1261,609,652,0,NQ.Z26
2026-09-25,21,30878.5,30885.25,30870.5,30872,948,497,451,0,NQ.Z26
2026-09-25,22,30872.25,30898,30872,30894.75,1411,862,549,0,NQ.Z26
2026-09-25,23,30895,30905.5,30885.75,30902.75,1614,889,725,0,NQ.Z26
2026-09-25,24,30903.25,30922.5,30900,30911,1798,1035,763,0,NQ.Z26
2026-09-25,25,30911.25,30926.5,30910.75,30921.25,2151,1000,1151,0,NQ.Z26
2026-09-25,26,30921.25,30923.25,30902.25,30909.75,1523,679,844,0,NQ.Z26
2026-09-25,27,30909,30909.25,30883.5,30888.25,1473,604,869,0,NQ.Z26
2026-09-25,28,30888.25,30901.5,30884.5,30889.75,1358,703,655,0,NQ.Z26
2026-09-25,29,30891.25,30901.25,30878.5,30900,1106,575,531,0,NQ.Z26
2026-09-25,30,30900.25,30905,30866.5,30869.75,2001,865,1136,0,NQ.Z26
2026-09-25,31,30871,30871.25,30842.5,30843,2348,1006,1342,0,NQ.Z26
2026-09-25,32,30844.5,30852.25,30821.25,30840,2992,1452,1540,0,NQ.Z26
2026-09-25,33,30840.75,30841.25,30816.25,30839.25,2334,1266,1068,0,NQ.Z26
2026-09-25,34,30839.5,30839.75,30798.25,30803.75,2509,1138,1371,0,NQ.Z26
2026-09-25,35,30803.25,30803.5,30755,30757.75,3507,1526,1981,0,NQ.Z26
2026-09-25,36,30758.75,30783,30752,30781.25,1718,1014,704,0,NQ.Z26
2026-09-25,37,30781.75,30807,30779.75,30790.75,1661,824,837,0,NQ.Z26
2026-09-25,38,30792,30809,30781,30808,1187,687,500,0,NQ.Z26
2026-09-25,39,30807.25,30817,30792.5,30806.75,1650,887,763,0,NQ.Z26
2026-09-25,40,30807,30823.5,30796.5,30796.75,1915,920,995,0,NQ.Z26
2026-09-25,41,30796.75,30818.75,30783.5,30811.5,2074,1075,999,0,NQ.Z26
2026-09-25,42,30811.25,30812.25,30791,30793.75,1251,593,658,0,NQ.Z26
2026-09-25,43,30793,30796.75,30765.25,30771.25,1849,817,1032,0,NQ.Z26
2026-09-25,44,30771.5,30775,30734.75,30740.75,2606,1164,1442,0,NQ.Z26
2026-09-25,45,30741.25,30747,30691.25,30736,4357,2187,2170,0,NQ.Z26
2026-09-25,46,30736,30752.5,30707.5,30712.25,2673,1228,1445,0,NQ.Z26
2026-09-25,47,30712.5,30718.25,30686.25,30700.25,3160,1633,1527,0,NQ.Z26
2026-09-25,48,30700.5,30728.25,30699,30706.25,2514,1284,1230,0,NQ.Z26
2026-09-25,49,30707,30727.75,30684,30720.25,2746,1355,1391,0,NQ.Z26
2026-09-25,50,30721,30742.25,30709,30738.75,2445,1206,1239,0,NQ.Z26
2026-09-25,51,30739,30750.5,30717.75,30728.25,2287,1128,1159,0,NQ.Z26
2026-09-25,52,30727.75,30746.25,30722.75,30737.5,1644,812,832,0,NQ.Z26
2026-09-25,53,30737.5,30755.5,30735.25,30739.75,1817,892,925,0,NQ.Z26
2026-09-25,54,30740.75,30760.5,30738.5,30752.25,1471,799,672,0,NQ.Z26
2026-09-25,55,30752.25,30766.5,30739.75,30766,1509,828,681,0,NQ.Z26
2026-09-25,56,30766,30779.25,30757.5,30762.5,1890,1008,882,0,NQ.Z26
2026-09-25,57,30763.25,30766,30749.75,30752.5,1216,535,681,0,NQ.Z26
2026-09-25,58,30752.25,30754.25,30726,30746.75,2148,978,1170,0,NQ.Z26
2026-09-25,59,30746.25,30760.25,30726,30731.5,1499,692,807,0,NQ.Z26
2026-09-25,60,30731,30745,30718.75,30735.5,1664,833,831,0,NQ.Z26
2026-09-25,61,30734.75,30750.25,30728.5,30749.25,1182,655,527,0,NQ.Z26
2026-09-25,62,30749.25,30763,30746.5,30757.5,1709,931,778,0,NQ.Z26
2026-09-25,63,30757.5,30774,30754.25,30761.5,1487,794,693,0,NQ.Z26
2026-09-25,64,30762,30783.75,30759,30770.25,1351,732,619,0,NQ.Z26
2026-09-25,65,30770,30786,30761.5,30778.5,1446,760,686,0,NQ.Z26
2026-09-25,66,30776.5,30782,30765.75,30769.5,1049,504,545,0,NQ.Z26
2026-09-25,67,30769,30782.5,30766.25,30780,901,495,406,0,NQ.Z26
2026-09-25,68,30780.25,30803.5,30779,30784.5,1820,1006,814,0,NQ.Z26
2026-09-25,69,30784.5,30793.5,30783.5,30791,707,386,321,0,NQ.Z26
2026-09-25,70,30791.25,30796.25,30768.75,30771,1275,521,754,0,NQ.Z26
2026-09-25,71,30770.25,30781.5,30749.25,30751,1622,723,899,0,NQ.Z26
2026-09-25,72,30751.5,30764.25,30742.75,30758.75,1251,651,600,0,NQ.Z26
2026-09-25,73,30758.25,30762.25,30741.5,30746,1023,464,559,0,NQ.Z26
2026-09-25,74,30745,30766.75,30738.75,30765.25,1271,726,545,0,NQ.Z26
2026-09-25,75,30766,30767.5,30742.75,30764.5,1055,524,531,0,NQ.Z26
2026-09-25,76,30764.25,30786.5,30749.75,30769.25,2614,1409,1205,0,NQ.Z26
2026-09-25,77,30768.5,30780.25,30759.75,30772.5,967,482,485,0,NQ.Z26
2026-09-25,78,30772.25,30777,30758.25,30761.5,924,431,493,0,NQ.Z26
2026-09-25,79,30762,30798,30759,30789.75,1427,812,615,0,NQ.Z26
2026-09-25,80,30789.5,30792.5,30773.75,30787,969,481,488,0,NQ.Z26
2026-09-25,81,30787,30793.25,30759.25,30760.25,1079,462,617,0,NQ.Z26
2026-09-25,82,30761.5,30764.75,30751.25,30758.25,1015,463,552,0,NQ.Z26
2026-09-25,83,30757.25,30778.25,30756.5,30770.25,952,505,447,0,NQ.Z26
2026-09-25,84,30771,30789,30770,30785,761,409,352,0,NQ.Z26
2026-09-25,85,30786,30809.25,30782.5,30805.75,1144,737,407,0,NQ.Z26
2026-09-25,86,30806,30818.25,30802.5,30803.25,1340,689,651,0,NQ.Z26
2026-09-25,87,30803.25,30819.5,30803.25,30812.75,702,358,344,0,NQ.Z26
2026-09-25,88,30813,30824.25,30802.75,30823.5,952,558,394,0,NQ.Z26
2026-09-25,89,30823.5,30829.75,30818,30823,930,442,488,0,NQ.Z26
2026-09-25,90,30823,30824.25,30814,30819.5,1153,539,614,0,NQ.Z26
2026-09-25,91,30819.25,30843,30817,30835.25,2377,1465,912,0,NQ.Z26
2026-09-25,92,30835.5,30854,30835.25,30844.5,1274,711,563,0,NQ.Z26
2026-09-25,93,30845,30858.75,30845,30850,1836,1063,773,0,NQ.Z26
2026-09-25,94,30850,30867.5,30848,30855.75,1182,615,567,0,NQ.Z26
2026-09-25,95,30856.25,30870,30855,30861.75,1157,563,594,0,NQ.Z26
2026-09-25,96,30861.25,30871.5,30860.5,30863,731,351,380,0,NQ.Z26
2026-09-25,97,30862.75,30868.5,30857,30860.75,916,372,544,0,NQ.Z26
2026-09-25,98,30861.5,30864,30853,30859.25,1052,487,565,0,NQ.Z26
2026-09-25,99,30858.75,30861.75,30844.5,30846.25,962,461,501,0,NQ.Z26
2026-09-25,100,30846,30849.5,30825.75,30833.25,1452,650,802,0,NQ.Z26
2026-09-25,101,30833,30835.5,30806,30813.25,1549,634,915,0,NQ.Z26
2026-09-25,102,30813.25,30822.25,30807.25,30815,1038,506,532,0,NQ.Z26
2026-09-25,103,30814.75,30824,30811.25,30818.5,1110,624,486,0,NQ.Z26
2026-09-25,104,30818.25,30828,30814.5,30820.5,724,399,325,0,NQ.Z26
2026-09-25,105,30821,30826,30816.5,30822.75,755,405,350,0,NQ.Z26
2026-09-25,106,30822,30837.75,30820.75,30835.5,1040,614,426,0,NQ.Z26
2026-09-25,107,30835.75,30838,30826.5,30828,628,294,334,0,NQ.Z26
2026-09-25,108,30827.25,30834.5,30823.25,30826.5,560,285,275,0,NQ.Z26
2026-09-25,109,30826.75,30827.25,30803,30812,1209,489,720,0,NQ.Z26
2026-09-25,110,30811.25,30825.25,30800.5,30823.5,1189,608,581,0,NQ.Z26
2026-09-25,111,30823.75,30844.5,30813.5,30822.75,2075,1110,965,0,NQ.Z26
2026-09-25,112,30824,30829.5,30820,30824.75,483,254,229,0,NQ.Z26
2026-09-25,113,30826,30835.5,30822,30824,908,429,479,0,NQ.Z26
2026-09-25,114,30824.25,30826.25,30808,30812,870,391,479,0,NQ.Z26
2026-09-25,115,30812,30819.25,30806.25,30812,631,316,315,0,NQ.Z26
2026-09-25,116,30811,30824,30803.75,30823.75,884,461,423,0,NQ.Z26
2026-09-25,117,30823,30826,30809.25,30813,657,289,368,0,NQ.Z26
2026-09-25,118,30814,30817.75,30808,30813.25,383,176,207,0,NQ.Z26
2026-09-25,119,30814.75,30828,30812.25,30813.25,478,232,246,0,NQ.Z26
2026-09-25,120,30813.75,30850,30811.75,30835.75,2546,1513,1033,0,NQ.Z26
2026-09-25,121,30836,30853.75,30830.5,30853.5,1369,786,583,0,NQ.Z26
2026-09-25,122,30853.5,30860.5,30847.5,30854.5,1391,661,730,0,NQ.Z26
2026-09-25,123,30854.5,30857.5,30844.25,30848.5,783,426,357,0,NQ.Z26
2026-09-25,124,30849.25,30852.75,30815,30818,2066,714,1352,0,NQ.Z26
2026-09-25,125,30818,30822.5,30798.5,30809.25,1584,721,863,0,NQ.Z26
2026-09-25,126,30808.75,30808.75,30781.75,30786.75,1163,459,704,0,NQ.Z26
2026-09-25,127,30788.25,30794.75,30773.25,30791,1170,611,559,0,NQ.Z26
2026-09-25,128,30790.5,30790.75,30766.5,30771,1054,464,590,0,NQ.Z26
2026-09-25,129,30770.75,30778.5,30764,30772.25,961,498,463,0,NQ.Z26
2026-09-25,130,30772.25,30784.75,30763,30783.75,1001,579,422,0,NQ.Z26
2026-09-25,131,30784.25,30789,30777.5,30783.75,856,460,396,0,NQ.Z26
2026-09-25,132,30783,30791,30767.25,30774,724,334,390,0,NQ.Z26
2026-09-25,133,30774.5,30777.25,30761.25,30765.75,523,214,309,0,NQ.Z26
2026-09-25,134,30765.25,30767.75,30749.5,30751.75,1240,510,730,0,NQ.Z26
2026-09-25,135,30751.5,30758.5,30746.25,30748,937,497,440,0,NQ.Z26
2026-09-25,136,30748.5,30766,30735,30765.75,1485,826,659,0,NQ.Z26
2026-09-25,137,30765,30772,30763.5,30766.5,672,366,306,0,NQ.Z26
2026-09-25,138,30766,30779.5,30757.75,30771,768,408,360,0,NQ.Z26
2026-09-25,139,30771.25,30782.75,30768.5,30782.5,663,313,350,0,NQ.Z26
2026-09-25,140,30781.25,30786.5,30772.25,30774,499,253,246,0,NQ.Z26
2026-09-25,141,30773.75,30775,30737,30737.75,1173,385,788,0,NQ.Z26
2026-09-25,142,30737.75,30750,30731.25,30742,988,508,480,0,NQ.Z26
2026-09-25,143,30742.75,30749,30740,30744.75,628,346,282,0,NQ.Z26
2026-09-25,144,30745.25,30783.75,30740.75,30773.75,3442,1911,1531,0,NQ.Z26
2026-09-25,145,30773.25,30788.75,30772.75,30784.5,1266,662,604,0,NQ.Z26
2026-09-25,146,30785,30802.25,30781,30802,1293,776,517,0,NQ.Z26
2026-09-25,147,30803.5,30811.25,30800,30811.25,955,518,437,0,NQ.Z26
2026-09-25,148,30810.5,30843,30809.25,30834.5,2036,1077,959,0,NQ.Z26
2026-09-25,149,30834.75,30860,30831.25,30857.5,1715,902,813,0,NQ.Z26
2026-09-25,150,30856.75,30886,30846.5,30883.75,2760,1539,1221,0,NQ.Z26
2026-09-25,151,30883.5,30891.5,30874.25,30875.75,1467,716,751,0,NQ.Z26
2026-09-25,152,30876.5,30904,30876.5,30901,1709,957,752,0,NQ.Z26
2026-09-25,153,30901.75,30919.75,30892.25,30917.25,1629,958,671,0,NQ.Z26
2026-09-25,154,30917.75,30918.75,30897,30913.75,1433,678,755,0,NQ.Z26
2026-09-25,155,30914.25,30941,30905.75,30935.25,2126,1216,910,0,NQ.Z26
2026-09-25,156,30935.5,30937.75,30918.75,30931.25,2242,1111,1131,0,NQ.Z26
2026-09-25,157,30931.75,30937,30919.5,30923.25,1641,744,897,0,NQ.Z26
2026-09-25,158,30923.75,30933.25,30914,30922,1760,875,885,0,NQ.Z26
2026-09-25,159,30922.5,30935,30910.5,30930.25,1529,734,795,0,NQ.Z26
2026-09-25,160,30930.75,30950.25,30929.75,30935.75,2019,1146,873,0,NQ.Z26
2026-09-25,161,30936.25,30937.25,30921.25,30936,1395,620,775,0,NQ.Z26
2026-09-25,162,30935.75,30946,30924,30930.5,1085,514,571,0,NQ.Z26
2026-09-25,163,30930.25,30934,30925.5,30931.75,708,365,343,0,NQ.Z26
2026-09-25,164,30931.25,30931.5,30907.5,30927,1387,635,752,0,NQ.Z26
2026-09-25,165,30927.25,30940.5,30920.75,30936.25,1365,747,618,0,NQ.Z26
2026-09-25,166,30936.25,30947.75,30927,30946.5,1084,579,505,0,NQ.Z26
2026-09-25,167,30946.25,30951.5,30918,30920.25,1165,464,701,0,NQ.Z26
2026-09-25,168,30920.5,30920.75,30897.25,30902.75,1504,575,929,0,NQ.Z26
2026-09-25,169,30902,30906,30894.5,30901.75,1032,609,423,0,NQ.Z26
2026-09-25,170,30901.25,30907,30875,30877.75,1882,767,1115,0,NQ.Z26
2026-09-25,171,30877.5,30883.75,30864,30880.5,1929,968,961,0,NQ.Z26
2026-09-25,172,30878.75,30884,30861.25,30871,1331,649,682,0,NQ.Z26
2026-09-25,173,30871,30873,30838,30859.75,2230,930,1300,0,NQ.Z26
2026-09-25,174,30859.75,30869.25,30855.75,30866,1283,739,544,0,NQ.Z26
2026-09-25,175,30865.75,30885.5,30861.25,30876.5,1412,864,548,0,NQ.Z26
2026-09-25,176,30876.25,30916,30872,30914.25,1601,970,631,0,NQ.Z26
2026-09-25,177,30915,30922,30910.75,30914.5,1067,483,584,0,NQ.Z26
2026-09-25,178,30914.75,30916.5,30905,30914.25,1115,467,648,0,NQ.Z26
2026-09-25,179,30914.75,30927.5,30914.25,30924.75,935,500,435,0,NQ.Z26
2026-09-25,180,30925,30927,30906.75,30917.75,984,437,547,0,NQ.Z26
2026-09-25,181,30917.75,30923.5,30913.5,30922,567,282,285,0,NQ.Z26
2026-09-25,182,30922.5,30931.5,30915.5,30920.25,684,345,339,0,NQ.Z26
2026-09-25,183,30919.75,30931.75,30918,30931.25,570,334,236,0,NQ.Z26
2026-09-25,184,30931.25,30932.5,30863.5,30879.75,4079,1594,2485,0,NQ.Z26
2026-09-25,185,30880.25,30897.75,30880,30893.75,1052,616,436,0,NQ.Z26
2026-09-25,186,30893,30894.75,30877.5,30889.25,999,519,480,0,NQ.Z26
2026-09-25,187,30888.5,30916.75,30888.5,30905.5,1191,707,484,0,NQ.Z26
2026-09-25,188,30905.75,30905.75,30887,30901.5,858,382,476,0,NQ.Z26
2026-09-25,189,30901.25,30908.25,30896.75,30898.5,476,230,246,0,NQ.Z26
2026-09-25,190,30898,30903.5,30888.5,30890.25,590,272,318,0,NQ.Z26
2026-09-25,191,30890.5,30898.75,30886.5,30894,477,242,235,0,NQ.Z26
2026-09-25,192,30894.25,30913.25,30890,30893.25,1346,800,546,0,NQ.Z26
2026-09-25,193,30894.25,30919,30893.5,30913.25,725,418,307,0,NQ.Z26
2026-09-25,194,30912.75,30921.25,30902.75,30905.25,697,325,372,0,NQ.Z26
2026-09-25,195,30904.75,30906.25,30891.75,30901.75,516,264,252,0,NQ.Z26
2026-09-25,196,30901,30907.5,30896,30898,659,298,361,0,NQ.Z26
2026-09-25,197,30896.75,30899.5,30891.25,30892.5,492,214,278,0,NQ.Z26
2026-09-25,198,30893,30895.25,30870,30874.5,1124,461,663,0,NQ.Z26
2026-09-25,199,30874.25,30883.75,30864.5,30882,811,452,359,0,NQ.Z26
2026-09-25,200,30882.5,30889.25,30876.75,30883.75,611,324,287,0,NQ.Z26
2026-09-25,201,30884,30887.25,30877.75,30887.25,411,193,218,0,NQ.Z26
2026-09-25,202,30887.25,30896,30882.75,30893.5,599,328,271,0,NQ.Z26
2026-09-25,203,30893.75,30898.5,30885.25,30887.25,409,203,206,0,NQ.Z26
2026-09-25,204,30887.75,30894,30882.25,30892.5,373,174,199,0,NQ.Z26
2026-09-25,205,30892.75,30900.75,30890,30893.5,384,201,183,0,NQ.Z26
2026-09-25,206,30893.5,30902.75,30888,30893,578,347,231,0,NQ.Z26
2026-09-25,207,30893.25,30893.25,30879,30881,461,191,270,0,NQ.Z26
2026-09-25,208,30881.75,30884.5,30875,30877.25,368,184,184,0,NQ.Z26
2026-09-25,209,30877.5,30888.25,30860.5,30877.25,2261,1076,1185,0,NQ.Z26
2026-09-25,210,30878,30884.75,30872.75,30877.5,660,362,298,0,NQ.Z26
2026-09-25,211,30878,30906.75,30878,30903.25,1657,965,692,0,NQ.Z26
2026-09-25,212,30903.75,30917,30898.5,30911.75,763,412,351,0,NQ.Z26
2026-09-25,213,30912,30920.5,30907.75,30911.5,692,338,354,0,NQ.Z26
2026-09-25,214,30911.75,30915,30904.5,30909.75,593,287,306,0,NQ.Z26
2026-09-25,215,30909.75,30917.5,30907.5,30910,433,202,231,0,NQ.Z26
2026-09-25,216,30909.5,30914.5,30905.75,30908.75,450,199,251,0,NQ.Z26
2026-09-25,217,30909.25,30910.5,30898.25,30905.75,518,259,259,0,NQ.Z26
2026-09-25,218,30906.25,30906.75,30889.5,30902,695,267,428,0,NQ.Z26
2026-09-25,219,30903.5,30916.5,30900.75,30912,604,360,244,0,NQ.Z26
2026-09-25,220,30911.5,30912.5,30905.75,30908.25,331,159,172,0,NQ.Z26
2026-09-25,221,30908.25,30910.25,30896.25,30898.25,445,140,305,0,NQ.Z26
2026-09-25,222,30898.5,30906.5,30891.75,30905.75,382,206,176,0,NQ.Z26
2026-09-25,223,30905.75,30919.25,30904.75,30912.25,539,324,215,0,NQ.Z26
2026-09-25,224,30912,30922.5,30909.25,30922.5,420,230,190,0,NQ.Z26
2026-09-25,225,30922,30925.5,30916.25,30922.5,645,332,313,0,NQ.Z26
2026-09-25,226,30922.5,30923.25,30915.25,30915.75,373,144,229,0,NQ.Z26
2026-09-25,227,30916.25,30927,30914.25,30915.25,575,291,284,0,NQ.Z26
2026-09-25,228,30914.75,30917.5,30906.5,30912,506,217,289,0,NQ.Z26
2026-09-25,229,30912,30915.5,30908.25,30911.5,356,148,208,0,NQ.Z26
2026-09-25,230,30911.5,30919.25,30909.75,30917.25,453,250,203,0,NQ.Z26
2026-09-25,231,30916.5,30917.5,30910.25,30913.25,355,160,195,0,NQ.Z26
2026-09-25,232,30913.75,30922.5,30912.5,30916.25,338,204,134,0,NQ.Z26
2026-09-25,233,30916,30923.5,30915,30921.75,347,177,170,0,NQ.Z26
2026-09-25,234,30922,30925,30917.75,30923,286,160,126,0,NQ.Z26
2026-09-25,235,30923.25,30925.25,30918.25,30919,248,103,145,0,NQ.Z26
2026-09-25,236,30919.25,30920.75,30914,30915.75,311,114,197,0,NQ.Z26
2026-09-25,237,30914.25,30916.75,30911,30913.75,296,148,148,0,NQ.Z26
2026-09-25,238,30914,30920,30914,30916.75,265,141,124,0,NQ.Z26
2026-09-25,239,30915.5,30919.25,30914,30918.25,253,116,137,0,NQ.Z26
2026-09-25,240,30917.5,30923.25,30914,30918.5,654,329,325,0,NQ.Z26
2026-09-25,241,30918.25,30918.25,30900.75,30903.5,706,283,423,0,NQ.Z26
2026-09-25,242,30903.25,30909.25,30903,30909.25,349,203,146,0,NQ.Z26
2026-09-25,243,30908,30914.75,30901.5,30902,627,265,362,0,NQ.Z26
2026-09-25,244,30902,30902.75,30889.5,30899,882,406,476,0,NQ.Z26
2026-09-25,245,30899.25,30902.75,30894.75,30899.5,473,286,187,0,NQ.Z26
2026-09-25,246,30899.5,30904,30892,30893.25,563,273,290,0,NQ.Z26
2026-09-25,247,30892.5,30894.25,30886.25,30891.25,634,284,350,0,NQ.Z26
2026-09-25,248,30891,30899.25,30889.25,30894.25,481,253,228,0,NQ.Z26
2026-09-25,249,30895.25,30916.75,30894,30903.5,1271,802,469,0,NQ.Z26
2026-09-25,250,30903,30915.25,30902,30906.5,825,388,437,0,NQ.Z26
2026-09-25,251,30906.25,30920,30905.75,30915.75,568,289,279,0,NQ.Z26
2026-09-25,252,30915.75,30922.75,30915.25,30921,425,227,198,0,NQ.Z26
2026-09-25,253,30921,30921.5,30909.5,30912.5,429,163,266,0,NQ.Z26
2026-09-25,254,30912.75,30917.5,30902.5,30905.25,395,162,233,0,NQ.Z26
2026-09-25,255,30905.5,30908.75,30901,30904.5,397,180,217,0,NQ.Z26
2026-09-25,256,30904.25,30907.25,30901.75,30903,241,116,125,0,NQ.Z26
2026-09-25,257,30903.25,30906,30898.75,30902.5,308,130,178,0,NQ.Z26
2026-09-25,258,30902.5,30907,30899.5,30905.25,253,148,105,0,NQ.Z26
2026-09-25,259,30906,30919,30906,30918,401,245,156,0,NQ.Z26
2026-09-25,260,30918.25,30918.75,30912.5,30917,350,160,190,0,NQ.Z26
2026-09-25,261,30917,30917.5,30910.75,30912.5,248,117,131,0,NQ.Z26
2026-09-25,262,30912.5,30912.75,30899,30899,390,145,245,0,NQ.Z26
2026-09-25,263,30899.25,30905.75,30897,30903.25,492,225,267,0,NQ.Z26
2026-09-25,264,30903,30903.5,30890.75,30900.25,710,318,392,0,NQ.Z26
2026-09-25,265,30899.75,30903.75,30898,30903.25,225,122,103,0,NQ.Z26
2026-09-25,266,30902.75,30908.75,30901,30906.75,393,236,157,0,NQ.Z26
2026-09-25,267,30906.75,30907.5,30903.25,30904.5,265,136,129,0,NQ.Z26
2026-09-25,268,30904.5,30911,30904.5,30906.5,389,265,124,0,NQ.Z26
2026-09-25,269,30906.75,30912.25,30906.75,30912,284,173,111,0,NQ.Z26
2026-09-25,270,30912,30916.75,30909,30909,509,290,219,0,NQ.Z26
2026-09-25,271,30909.25,30916,30907,30915,374,198,176,0,NQ.Z26
2026-09-25,272,30915.5,30916,30906.75,30908.75,218,101,117,0,NQ.Z26
2026-09-25,273,30910.25,30913.5,30909.25,30910.75,165,93,72,0,NQ.Z26
2026-09-25,274,30911.25,30912,30902.75,30905.25,223,73,150,0,NQ.Z26
2026-09-25,275,30904.75,30909.5,30901.75,30903.5,245,109,136,0,NQ.Z26
2026-09-25,276,30903.5,30906.75,30900.75,30903.5,201,94,107,0,NQ.Z26
2026-09-25,277,30903,30904.25,30896.5,30900.25,319,143,176,0,NQ.Z26
2026-09-25,278,30900.25,30911.5,30899.25,30910.75,440,278,162,0,NQ.Z26
2026-09-25,279,30911.25,30914.5,30910,30912.75,297,152,145,0,NQ.Z26
2026-09-25,280,30912.5,30914,30910,30910.75,223,101,122,0,NQ.Z26
2026-09-25,281,30911.75,30911.75,30906.75,30909.25,200,91,109,0,NQ.Z26
2026-09-25,282,30909,30916.75,30905.25,30915.75,381,237,144,0,NQ.Z26
2026-09-25,283,30915.5,30923.25,30915.5,30922.25,477,268,209,0,NQ.Z26
2026-09-25,284,30922,30929,30918.25,30928.5,562,313,249,0,NQ.Z26
2026-09-25,285,30928.5,30931,30924.25,30924.25,571,347,224,0,NQ.Z26
2026-09-25,286,30925,30928.75,30922.75,30925,374,171,203,0,NQ.Z26
2026-09-25,287,30925,30926.5,30923.5,30925.25,182,85,97,0,NQ.Z26
2026-09-25,288,30925.75,30929.75,30919.75,30920,404,194,210,0,NQ.Z26
2026-09-25,289,30919.75,30920,30913.5,30919.75,334,148,186,0,NQ.Z26
2026-09-25,290,30919.25,30922.5,30918.25,30920.5,265,123,142,0,NQ.Z26
2026-09-25,291,30920.5,30921.5,30913,30914.25,230,92,138,0,NQ.Z26
2026-09-25,292,30914.25,30919,30909.75,30911.5,315,149,166,0,NQ.Z26
2026-09-25,293,30911.5,30917,30910.5,30916.75,241,137,104,0,NQ.Z26
2026-09-25,294,30916.75,30920.5,30916.5,30917.75,220,107,113,0,NQ.Z26
2026-09-25,295,30917.5,30922.25,30916.25,30917.5,288,114,174,0,NQ.Z26
2026-09-25,296,30917.5,30917.75,30888.75,30896,2428,871,1557,0,NQ.Z26
2026-09-25,297,30895,30899.25,30873,30879,1272,584,688,0,NQ.Z26
2026-09-25,298,30878.75,30887,30871.25,30883,1365,769,596,0,NQ.Z26
2026-09-25,299,30883,30891.5,30876.75,30891,932,563,369,0,NQ.Z26
2026-09-25,300,30891.5,30907.75,30890.75,30903.75,844,477,367,0,NQ.Z26
2026-09-25,301,30904.25,30916.5,30903.5,30911.25,694,387,307,0,NQ.Z26
2026-09-25,302,30910.75,30916.25,30907.5,30909.25,386,207,179,0,NQ.Z26
2026-09-25,303,30909.75,30915,30906.75,30911.75,334,204,130,0,NQ.Z26
2026-09-25,304,30911.5,30913,30905,30906.25,312,167,145,0,NQ.Z26
2026-09-25,305,30905.75,30908.25,30898,30905,451,184,267,0,NQ.Z26
2026-09-25,306,30904.75,30908,30903,30904.75,242,123,119,0,NQ.Z26
2026-09-25,307,30904,30906.25,30882.75,30886.5,814,301,513,0,NQ.Z26
2026-09-25,308,30886.25,30886.5,30878.5,30884,517,281,236,0,NQ.Z26
2026-09-25,309,30883.5,30885.5,30876.25,30876.75,468,236,232,0,NQ.Z26
2026-09-25,310,30876.75,30878.25,30868.5,30876.5,626,295,331,0,NQ.Z26
2026-09-25,311,30876.25,30882,30873.75,30880.25,541,302,239,0,NQ.Z26
2026-09-25,312,30880.5,30891.5,30880.25,30891,662,398,264,0,NQ.Z26
2026-09-25,313,30891,30894,30888.75,30892,419,226,193,0,NQ.Z26
2026-09-25,314,30891.75,30901,30889.75,30900,432,254,178,0,NQ.Z26
2026-09-25,315,30900,30902.5,30896.25,30897,396,180,216,0,NQ.Z26
2026-09-25,316,30897.25,30899.5,30889.75,30889.75,385,145,240,0,NQ.Z26
2026-09-25,317,30890,30890.75,30879.75,30882.5,513,199,314,0,NQ.Z26
2026-09-25,318,30882.25,30888.25,30880.5,30885.5,487,290,197,0,NQ.Z26
2026-09-25,319,30887,30888.75,30883.25,30885.5,258,135,123,0,NQ.Z26
2026-09-25,320,30885.25,30886.75,30879.25,30882.75,458,251,207,0,NQ.Z26
2026-09-25,321,30882.75,30887,30878,30883.5,330,138,192,0,NQ.Z26
2026-09-25,322,30884.5,30887.5,30881,30887.25,324,209,115,0,NQ.Z26
2026-09-25,323,30887.25,30887.75,30881.25,30882.5,236,129,107,0,NQ.Z26
2026-09-25,324,30882.25,30882.75,30873.25,30875,482,218,264,0,NQ.Z26
2026-09-25,325,30876,30881,30875.25,30876.75,361,208,153,0,NQ.Z26
2026-09-25,326,30877.25,30879.5,30871.5,30872,335,168,167,0,NQ.Z26
2026-09-25,327,30871.75,30874.5,30868.75,30872.5,474,235,239,0,NQ.Z26
2026-09-25,328,30872.75,30876.25,30868.5,30874.75,350,180,170,0,NQ.Z26
2026-09-25,329,30875.5,30877.5,30867.25,30868.5,346,169,177,0,NQ.Z26
2026-09-25,330,30869.5,30880.5,30869,30874.25,581,344,237,0,NQ.Z26
2026-09-25,331,30873.75,30888,30868.25,30870,1105,601,504,0,NQ.Z26
2026-09-25,332,30870.5,30871.75,30864,30868.25,434,178,256,0,NQ.Z26
2026-09-25,333,30868.25,30874.25,30863,30874,557,324,233,0,NQ.Z26
2026-09-25,334,30874.25,30883,30873.5,30880.5,478,269,209,0,NQ.Z26
2026-09-25,335,30880.5,30887.25,30876.5,30883,443,228,215,0,NQ.Z26
2026-09-25,336,30883,30888,30876.75,30879,415,211,204,0,NQ.Z26
2026-09-25,337,30879.25,30891,30878.25,30888.75,464,334,130,0,NQ.Z26
2026-09-25,338,30889,30892,30887.5,30891.5,310,166,144,0,NQ.Z26
2026-09-25,339,30891.25,30891.5,30884.75,30887.5,297,145,152,0,NQ.Z26
2026-09-25,340,30887.5,30891,30885.75,30889.5,333,174,159,0,NQ.Z26
2026-09-25,341,30890,30890,30882.75,30886.5,321,162,159,0,NQ.Z26
2026-09-25,342,30887.25,30894,30885.25,30892,389,204,185,0,NQ.Z26
2026-09-25,343,30892.75,30897,30888,30895,375,217,158,0,NQ.Z26
2026-09-25,344,30894.5,30900.5,30893.5,30898.75,368,220,148,0,NQ.Z26
2026-09-25,345,30898.25,30904,30893.75,30896.5,619,285,334,0,NQ.Z26
2026-09-25,346,30896.25,30898.25,30892.5,30894,270,130,140,0,NQ.Z26
2026-09-25,347,30893.75,30897.25,30890.25,30893.5,284,131,153,0,NQ.Z26
2026-09-25,348,30894.25,30897,30891.75,30896.25,206,94,112,0,NQ.Z26
2026-09-25,349,30896.5,30896.5,30886,30886,310,135,175,0,NQ.Z26
2026-09-25,350,30886.25,30890,30880.75,30880.75,400,151,249,0,NQ.Z26
2026-09-25,351,30880.75,30886.75,30878.75,30883.5,394,222,172,0,NQ.Z26
2026-09-25,352,30884.75,30885.25,30873.75,30875,380,161,219,0,NQ.Z26
2026-09-25,353,30875.25,30877.5,30870.75,30877.25,406,191,215,0,NQ.Z26
2026-09-25,354,30877.5,30885.75,30876.75,30879.75,421,233,188,0,NQ.Z26
2026-09-25,355,30879,30880,30872.75,30874.5,416,192,224,0,NQ.Z26
2026-09-25,356,30874.75,30875,30860,30866.25,729,304,425,0,NQ.Z26
2026-09-25,357,30866,30871.25,30863.75,30867.5,395,212,183,0,NQ.Z26
2026-09-25,358,30868.25,30874,30863.75,30865.25,398,206,192,0,NQ.Z26
2026-09-25,359,30866,30866.75,30859.25,30865.5,389,179,210,0,NQ.Z26
2026-09-25,360,30865.5,30867.25,30858,30861.75,712,366,346,0,NQ.Z26
2026-09-25,361,30861,30869.5,30858.25,30869.25,804,438,366,0,NQ.Z26
2026-09-25,362,30869,30870.5,30864.5,30867.5,371,181,190,0,NQ.Z26
2026-09-25,363,30867.75,30870,30863,30865,316,171,145,0,NQ.Z26
2026-09-25,364,30864.75,30866.5,30850,30852.25,590,204,386,0,NQ.Z26
2026-09-25,365,30852.75,30854.75,30849.25,30852.5,549,236,313,0,NQ.Z26
2026-09-25,366,30852,30855.25,30845,30854.5,576,290,286,0,NQ.Z26
2026-09-25,367,30853.5,30875,30852,30873,1693,1059,634,0,NQ.Z26
2026-09-25,368,30872.75,30882.25,30870.75,30877.25,900,520,380,0,NQ.Z26
2026-09-25,369,30877.25,30882.75,30875.25,30880,345,179,166,0,NQ.Z26
2026-09-25,370,30880.5,30881.25,30872,30876.75,445,219,226,0,NQ.Z26
2026-09-25,371,30876,30884.5,30875.5,30879.5,336,193,143,0,NQ.Z26
2026-09-25,372,30879.5,30890.75,30879,30886,511,270,241,0,NQ.Z26
2026-09-25,373,30886.75,30899.5,30886,30897.25,636,432,204,0,NQ.Z26
2026-09-25,374,30898.75,30900,30887.5,30891.5,501,244,257,0,NQ.Z26
2026-09-25,375,30891.75,30915,30891.75,30907.25,1953,1224,729,0,NQ.Z26
2026-09-25,376,30907.5,30918.75,30905.25,30916,849,495,354,0,NQ.Z26
2026-09-25,377,30916.25,30917.75,30909.25,30913.25,814,391,423,0,NQ.Z26
2026-09-25,378,30913.25,30914.75,30906.75,30909,759,412,347,0,NQ.Z26
2026-09-25,379,30908.75,30912,30906,30908.25,720,360,360,0,NQ.Z26
2026-09-25,380,30909,30930.5,30909,30930.5,1633,939,694,0,NQ.Z26
2026-09-25,381,30930.5,30935,30919.25,30924.75,912,471,441,0,NQ.Z26
2026-09-25,382,30926.25,30930.25,30919.75,30920.75,817,424,393,0,NQ.Z26
2026-09-25,383,30921.5,30928.25,30918.5,30923,763,364,399,0,NQ.Z26
2026-09-25,384,30923,30926,30907.75,30911.25,1474,651,823,0,NQ.Z26
2026-09-25,385,30912.5,30918.5,30900.25,30900.5,1603,806,797,0,NQ.Z26
2026-09-25,386,30900.75,30902.25,30889.75,30893.75,1205,573,632,0,NQ.Z26
2026-09-25,387,30893.75,30904.25,30893.25,30902.5,1179,701,478,0,NQ.Z26
2026-09-25,388,30902,30906,30896.5,30899.5,1233,600,633,0,NQ.Z26
2026-09-25,389,30900,30901.75,30883.75,30891.5,7291,3423,3868,0,NQ.Z26
2026-09-28,0,30718,30729.75,30691.75,30695.25,4636,2314,2322,0,NQ.Z26
2026-09-28,1,30695.5,30716,30675.25,30709.25,3338,1599,1739,0,NQ.Z26
2026-09-28,2,30710.25,30759.25,30709.5,30738.25,4260,2307,1953,0,NQ.Z26
2026-09-28,3,30737.5,30737.5,30692.25,30709.75,3425,1668,1757,0,NQ.Z26
2026-09-28,4,30709.75,30710.5,30671.75,30677,3172,1397,1775,0,NQ.Z26
2026-09-28,5,30677,30679,30620.25,30629.75,4034,1813,2221,0,NQ.Z26
2026-09-28,6,30630,30665.5,30618,30658.25,3096,1687,1409,0,NQ.Z26
2026-09-28,7,30658.25,30669,30641.5,30643.25,2590,1248,1342,0,NQ.Z26
2026-09-28,8,30644.5,30654.25,30624.75,30645.75,2221,1174,1047,0,NQ.Z26
2026-09-28,9,30645.5,30665.25,30639.5,30643,1757,913,844,0,NQ.Z26
2026-09-28,10,30643.75,30658.5,30635,30648,2079,1076,1003,0,NQ.Z26
2026-09-28,11,30647.5,30652.25,30621,30625.75,1852,885,967,0,NQ.Z26
2026-09-28,12,30626.25,30652,30623.75,30642,2249,1154,1095,0,NQ.Z26
2026-09-28,13,30642.25,30649,30633.5,30646,1462,739,723,0,NQ.Z26
2026-09-28,14,30645.75,30645.75,30600.75,30611.75,2847,1182,1665,0,NQ.Z26
2026-09-28,15,30612.25,30621.5,30593.25,30603,2804,1339,1465,0,NQ.Z26
2026-09-28,16,30603,30616.75,30592.5,30611.5,2336,1183,1153,0,NQ.Z26
2026-09-28,17,30611.75,30639.5,30606.25,30622.25,2775,1515,1260,0,NQ.Z26
2026-09-28,18,30623,30641.5,30613.75,30633.5,1929,1052,877,0,NQ.Z26
2026-09-28,19,30634.25,30650,30622.25,30628.25,2368,1179,1189,0,NQ.Z26
2026-09-28,20,30629,30639,30600.75,30609.75,2281,1031,1250,0,NQ.Z26
2026-09-28,21,30609.5,30610,30583,30591.25,2816,1324,1492,0,NQ.Z26
2026-09-28,22,30592,30612.5,30586.25,30608.5,1687,905,782,0,NQ.Z26
2026-09-28,23,30609.25,30649.75,30607.5,30643,2294,1278,1016,0,NQ.Z26
2026-09-28,24,30644.25,30666.75,30639,30651.75,2307,1256,1051,0,NQ.Z26
2026-09-28,25,30653,30668.5,30639.75,30643.5,3008,1486,1522,0,NQ.Z26
2026-09-28,26,30644,30644,30626,30631.25,1600,799,801,0,NQ.Z26
2026-09-28,27,30632,30662.5,30630.25,30661.25,1437,779,658,0,NQ.Z26
2026-09-28,28,30662,30666.75,30652.5,30654.25,1447,659,788,0,NQ.Z26
2026-09-28,29,30653.5,30658.5,30642.25,30651.25,1177,501,676,0,NQ.Z26
2026-09-28,30,30651.5,30657.25,30634.5,30656.5,1581,783,798,0,NQ.Z26
2026-09-28,31,30656.25,30658,30633.25,30641.5,1360,661,699,0,NQ.Z26
2026-09-28,32,30641.5,30642,30622.75,30629.5,1810,884,926,0,NQ.Z26
2026-09-28,33,30630.5,30633.75,30610,30615.25,1392,593,799,0,NQ.Z26
2026-09-28,34,30614.75,30618,30593,30596.75,1559,709,850,0,NQ.Z26
2026-09-28,35,30596.25,30598.25,30573.5,30580,2105,933,1172,0,NQ.Z26
2026-09-28,36,30579.75,30588,30567,30587.25,1868,1026,842,0,NQ.Z26
2026-09-28,37,30587.25,30594,30567.25,30577.5,1732,914,818,0,NQ.Z26
2026-09-28,38,30577.75,30583.25,30564.75,30571,1703,769,934,0,NQ.Z26
2026-09-28,39,30571.75,30586.25,30562.25,30565,1792,931,861,0,NQ.Z26
2026-09-28,40,30563,30563,30543,30544.75,2278,951,1327,0,NQ.Z26
2026-09-28,41,30544.5,30545.5,30524.25,30534.25,2302,1087,1215,0,NQ.Z26
2026-09-28,42,30534,30540,30521.25,30527,2318,1158,1160,0,NQ.Z26
2026-09-28,43,30526.75,30542.25,30521.5,30533.5,1674,997,677,0,NQ.Z26
2026-09-28,44,30533.75,30534,30503,30522,2430,1077,1353,0,NQ.Z26
2026-09-28,45,30521.5,30554,30520.5,30539.5,2513,1474,1039,0,NQ.Z26
2026-09-28,46,30539.75,30553.25,30532.25,30551.75,1509,813,696,0,NQ.Z26
2026-09-28,47,30552,30569.5,30548.25,30569.5,1926,1091,835,0,NQ.Z26
2026-09-28,48,30569,30577.75,30564.25,30571,1877,991,886,0,NQ.Z26
2026-09-28,49,30571,30578,30568.25,30571.5,1346,654,692,0,NQ.Z26
2026-09-28,50,30571.25,30584,30553.5,30580,1856,918,938,0,NQ.Z26
2026-09-28,51,30580.75,30585.25,30560.5,30571,1209,534,675,0,NQ.Z26
2026-09-28,52,30571,30601,30570,30599,1781,1013,768,0,NQ.Z26
2026-09-28,53,30598.75,30600,30583.75,30589.25,1185,528,657,0,NQ.Z26
2026-09-28,54,30589.25,30589.25,30579.75,30586.5,740,343,397,0,NQ.Z26
2026-09-28,55,30587,30590,30569.75,30571.25,1085,460,625,0,NQ.Z26
2026-09-28,56,30571.75,30576.5,30555,30565.25,1150,533,617,0,NQ.Z26
2026-09-28,57,30566,30571.25,30560,30564.75,779,390,389,0,NQ.Z26
2026-09-28,58,30564.5,30570,30556.75,30566.75,849,413,436,0,NQ.Z26
2026-09-28,59,30566.75,30567.25,30542,30547.5,1435,625,810,0,NQ.Z26
2026-09-28,60,30547.75,30551.5,30540.5,30546.5,1029,513,516,0,NQ.Z26
2026-09-28,61,30546.75,30550.25,30537.75,30546,889,486,403,0,NQ.Z26
2026-09-28,62,30546.25,30558,30540.75,30556.25,1018,593,425,0,NQ.Z26
2026-09-28,63,30556,30563.5,30539.75,30548,1381,666,715,0,NQ.Z26
2026-09-28,64,30546.75,30550.75,30544,30546.75,728,365,363,0,NQ.Z26
2026-09-28,65,30546.75,30551.25,30536.75,30540.25,1078,532,546,0,NQ.Z26
2026-09-28,66,30540.5,30548,30533,30535.5,1297,709,588,0,NQ.Z26
2026-09-28,67,30535.25,30542,30512.75,30513.25,1418,584,834,0,NQ.Z26
2026-09-28,68,30513.75,30515.75,30489.75,30498.5,2842,1253,1589,0,NQ.Z26
2026-09-28,69,30498.25,30510.25,30494.25,30499.25,1785,978,807,0,NQ.Z26
2026-09-28,70,30499.5,30512,30493,30501,1839,1039,800,0,NQ.Z26
2026-09-28,71,30501.75,30507.5,30488,30500.75,1862,870,992,0,NQ.Z26
2026-09-28,72,30501.75,30502,30477.25,30481.5,1906,836,1070,0,NQ.Z26
2026-09-28,73,30481.5,30481.5,30441.75,30442.75,3574,1442,2132,0,NQ.Z26
2026-09-28,74,30442.75,30443.25,30425.25,30428.25,2935,1444,1491,0,NQ.Z26
2026-09-28,75,30428.25,30434,30398,30407.75,3957,1834,2123,0,NQ.Z26
2026-09-28,76,30408.25,30415.75,30395,30400.75,2333,1207,1126,0,NQ.Z26
2026-09-28,77,30400.5,30400.5,30366.25,30372.25,4011,1873,2138,0,NQ.Z26
2026-09-28,78,30372.5,30381.75,30356.75,30376.75,2894,1594,1300,0,NQ.Z26
2026-09-28,79,30377.25,30392.75,30376,30386.5,2164,1204,960,0,NQ.Z26
2026-09-28,80,30386.75,30415,30381,30403.75,3512,1882,1630,0,NQ.Z26
2026-09-28,81,30403.5,30408,30385,30386.5,2138,941,1197,0,NQ.Z26
2026-09-28,82,30386.75,30399.5,30378.25,30383.25,1719,929,790,0,NQ.Z26
2026-09-28,83,30383.5,30398.75,30378.5,30383.5,1385,717,668,0,NQ.Z26
2026-09-28,84,30383.25,30391,30373.5,30379.75,1843,1007,836,0,NQ.Z26
2026-09-28,85,30379.5,30384.25,30371,30372.25,1902,892,1010,0,NQ.Z26
2026-09-28,86,30373.5,30410,30373.5,30407,1905,1143,762,0,NQ.Z26
2026-09-28,87,30407.75,30417.5,30396.75,30412.25,1540,824,716,0,NQ.Z26
2026-09-28,88,30412,30420.75,30399.75,30407.5,2106,987,1119,0,NQ.Z26
2026-09-28,89,30407.25,30410.25,30396,30410,1218,651,567,0,NQ.Z26
2026-09-28,90,30410,30424.5,30404.75,30415.75,1815,929,886,0,NQ.Z26
2026-09-28,91,30415,30434.5,30412.25,30421.75,2220,1211,1009,0,NQ.Z26
2026-09-28,92,30423,30437.25,30423,30429.5,1292,670,622,0,NQ.Z26
2026-09-28,93,30430.5,30446.25,30429.75,30444.75,1398,811,587,0,NQ.Z26
2026-09-28,94,30445,30445.5,30435,30441,1044,512,532,0,NQ.Z26
2026-09-28,95,30441.75,30449.75,30436.25,30443.5,1224,641,583,0,NQ.Z26
2026-09-28,96,30443.5,30459.75,30428.75,30456,1724,924,800,0,NQ.Z26
2026-09-28,97,30456.5,30481.75,30456.5,30480.5,1963,1116,847,0,NQ.Z26
2026-09-28,98,30481,30489.75,30473.75,30476.5,1516,744,772,0,NQ.Z26
2026-09-28,99,30476.75,30492.5,30475.75,30491.75,1215,642,573,0,NQ.Z26
2026-09-28,100,30491.75,30496.75,30478.75,30479.5,1661,704,957,0,NQ.Z26
2026-09-28,101,30479.25,30498.75,30478,30488.75,1492,812,680,0,NQ.Z26
2026-09-28,102,30488.75,30499,30484,30498,1089,573,516,0,NQ.Z26
2026-09-28,103,30498.5,30502.5,30487.75,30491.5,1395,741,654,0,NQ.Z26
2026-09-28,104,30490.5,30490.75,30474.75,30482.25,1170,488,682,0,NQ.Z26
2026-09-28,105,30482.75,30483.75,30472.75,30473.25,935,442,493,0,NQ.Z26
2026-09-28,106,30473.25,30473.5,30455.75,30461.5,1546,663,883,0,NQ.Z26
2026-09-28,107,30461.5,30462.25,30447.75,30459.5,1322,629,693,0,NQ.Z26
2026-09-28,108,30459.75,30466.5,30450.75,30459,1162,695,467,0,NQ.Z26
2026-09-28,109,30458.75,30473,30452.75,30465.75,951,527,424,0,NQ.Z26
2026-09-28,110,30465.25,30470.75,30458.25,30469,820,441,379,0,NQ.Z26
2026-09-28,111,30469,30470.25,30454,30460.75,815,404,411,0,NQ.Z26
2026-09-28,112,30461.5,30463.5,30453.25,30456.25,665,331,334,0,NQ.Z26
2026-09-28,113,30456.25,30472,30455.25,30468,723,448,275,0,NQ.Z26
2026-09-28,114,30467.75,30479.75,30462.25,30471.5,1130,686,444,0,NQ.Z26
2026-09-28,115,30472.25,30494.25,30460.5,30485.25,2762,1611,1151,0,NQ.Z26
2026-09-28,116,30485.75,30502,30478.25,30502,1362,706,656,0,NQ.Z26
2026-09-28,117,30502,30502.25,30490,30493.75,869,382,487,0,NQ.Z26
2026-09-28,118,30494,30498.25,30484.75,30490.5,745,355,390,0,NQ.Z26
2026-09-28,119,30491,30498.25,30486,30494.25,849,409,440,0,NQ.Z26
2026-09-28,120,30494.25,30498.25,30483.5,30494.5,1031,443,588,0,NQ.Z26
2026-09-28,121,30494.25,30495,30472.75,30478.25,851,385,466,0,NQ.Z26
2026-09-28,122,30478,30495.25,30477.5,30490.25,865,485,380,0,NQ.Z26
2026-09-28,123,30489.5,30494.5,30476,30479.25,917,470,447,0,NQ.Z26
2026-09-28,124,30480,30495,30477.25,30493.75,673,361,312,0,NQ.Z26
2026-09-28,125,30494.25,30499.5,30486.25,30496.5,732,352,380,0,NQ.Z26
2026-09-28,126,30496.25,30520.75,30495.75,30517.5,1954,1192,762,0,NQ.Z26
2026-09-28,127,30517.5,30523.5,30513,30517.75,1172,605,567,0,NQ.Z26
2026-09-28,128,30518,30530.25,30515,30523.75,1107,600,507,0,NQ.Z26
2026-09-28,129,30524.75,30531.25,30520.75,30526.5,978,507,471,0,NQ.Z26
2026-09-28,130,30526.75,30528.75,30493,30495.5,1658,619,1039,0,NQ.Z26
2026-09-28,131,30495.75,30497.75,30473.25,30475,1447,608,839,0,NQ.Z26
2026-09-28,132,30475.5,30482.25,30470.25,30471,1046,520,526,0,NQ.Z26
2026-09-28,133,30470.75,30472.25,30456.75,30457.25,1252,530,722,0,NQ.Z26
2026-09-28,134,30457.5,30474.25,30455.75,30473.5,982,589,393,0,NQ.Z26
2026-09-28,135,30474,30474,30462.75,30472.5,811,398,413,0,NQ.Z26
2026-09-28,136,30472.25,30481.5,30463.5,30474,921,541,380,0,NQ.Z26
2026-09-28,137,30474.25,30482.75,30471.75,30480,561,330,231,0,NQ.Z26
2026-09-28,138,30479.75,30487.5,30477.25,30480.75,544,297,247,0,NQ.Z26
2026-09-28,139,30481,30490.75,30480.25,30484,679,370,309,0,NQ.Z26
2026-09-28,140,30484.25,30500,30482.25,30491,911,527,384,0,NQ.Z26
2026-09-28,141,30490.75,30491.25,30478.75,30483.75,771,347,424,0,NQ.Z26
2026-09-28,142,30484.75,30489.75,30479.25,30481.75,637,262,375,0,NQ.Z26
2026-09-28,143,30482,30493.5,30477,30490.25,704,370,334,0,NQ.Z26
2026-09-28,144,30490.5,30507,30488,30506.5,1092,652,440,0,NQ.Z26
2026-09-28,145,30507,30517.75,30506,30513,1106,624,482,0,NQ.Z26
2026-09-28,146,30513.5,30525,30511.25,30522.25,729,378,351,0,NQ.Z26
2026-09-28,147,30522,30525,30512.5,30516.25,906,463,443,0,NQ.Z26
2026-09-28,148,30517,30523,30513.25,30519.5,992,528,464,0,NQ.Z26
2026-09-28,149,30519.25,30528,30518.25,30522.25,675,362,313,0,NQ.Z26
2026-09-28,150,30522.25,30525.75,30504,30511.5,1404,624,780,0,NQ.Z26
2026-09-28,151,30511.5,30516.5,30500.5,30506.5,812,412,400,0,NQ.Z26
2026-09-28,152,30507,30510.5,30503.5,30508.25,372,193,179,0,NQ.Z26
2026-09-28,153,30508.25,30513,30501.5,30506.25,623,328,295,0,NQ.Z26
2026-09-28,154,30506.25,30511.75,30502.75,30509.5,543,297,246,0,NQ.Z26
2026-09-28,155,30507.25,30511.5,30499.75,30503.25,534,242,292,0,NQ.Z26
2026-09-28,156,30503,30515.75,30498.5,30513.75,738,402,336,0,NQ.Z26
2026-09-28,157,30512.75,30523.75,30509.75,30518,576,316,260,0,NQ.Z26
2026-09-28,158,30518.5,30530.25,30516.5,30522.25,702,402,300,0,NQ.Z26
2026-09-28,159,30522,30524.75,30514.25,30523.5,717,345,372,0,NQ.Z26
2026-09-28,160,30523.75,30535,30522,30529.75,868,526,342,0,NQ.Z26
2026-09-28,161,30529.25,30536.75,30525.5,30526.75,819,405,414,0,NQ.Z26
2026-09-28,162,30526.5,30529.25,30510.5,30516,725,315,410,0,NQ.Z26
2026-09-28,163,30515.5,30517.75,30509.5,30514.5,453,198,255,0,NQ.Z26
2026-09-28,164,30514,30518.25,30512.25,30516.5,387,223,164,0,NQ.Z26
2026-09-28,165,30515,30522.75,30511,30519.5,527,275,252,0,NQ.Z26
2026-09-28,166,30519.75,30576.75,30514,30573.75,4613,2737,1876,0,NQ.Z26
2026-09-28,167,30572,30590.5,30560,30570.75,1676,789,887,0,NQ.Z26
2026-09-28,168,30571,30581.25,30566,30566.25,1743,768,975,0,NQ.Z26
2026-09-28,169,30565.75,30575.75,30553.25,30574.75,1474,676,798,0,NQ.Z26
2026-09-28,170,30575,30617.5,30565,30609,3160,1862,1298,0,NQ.Z26
2026-09-28,171,30610,30627.5,30605.75,30617.5,2728,1429,1299,0,NQ.Z26
2026-09-28,172,30617,30628.5,30613.25,30621,1951,992,959,0,NQ.Z26
2026-09-28,173,30618.25,30627.5,30603,30618.75,1744,845,899,0,NQ.Z26
2026-09-28,174,30619.75,30642.5,30613.5,30633.25,2834,1582,1252,0,NQ.Z26
2026-09-28,175,30633.75,30655.5,30630.75,30652.5,2063,1097,966,0,NQ.Z26
2026-09-28,176,30652,30716.5,30647.75,30705,4175,2318,1857,0,NQ.Z26
2026-09-28,177,30703.25,30721.75,30693.75,30709.5,2534,1391,1143,0,NQ.Z26
2026-09-28,178,30709.5,30720.25,30688.25,30694.5,2599,1160,1439,0,NQ.Z26
2026-09-28,179,30695.25,30706.75,30675.25,30683.25,2140,965,1175,0,NQ.Z26
2026-09-28,180,30683.5,30688.5,30658,30668,2043,947,1096,0,NQ.Z26
2026-09-28,181,30666.5,30672.5,30660,30668.5,1417,711,706,0,NQ.Z26
2026-09-28,182,30667.75,30672,30624,30628,3490,1659,1831,0,NQ.Z26
2026-09-28,183,30628.25,30650,30625.75,30645.75,1813,936,877,0,NQ.Z26
2026-09-28,184,30645.75,30658.25,30642.25,30654.5,1317,738,579,0,NQ.Z26
2026-09-28,185,30654.75,30663.5,30649.5,30656.25,1304,659,645,0,NQ.Z26
2026-09-28,186,30656.5,30671,30654.75,30668.5,1291,697,594,0,NQ.Z26
2026-09-28,187,30668.75,30670.5,30652.75,30662.25,1169,639,530,0,NQ.Z26
2026-09-28,188,30662,30663.75,30634.75,30637.75,1332,488,844,0,NQ.Z26
2026-09-28,189,30637.5,30638.5,30628.5,30635.5,1163,546,617,0,NQ.Z26
2026-09-28,190,30635.25,30644.5,30626,30627.75,1384,703,681,0,NQ.Z26
2026-09-28,191,30627.75,30628.75,30607,30608,1729,771,958,0,NQ.Z26
2026-09-28,192,30607.5,30611,30593.75,30594.25,1219,523,696,0,NQ.Z26
2026-09-28,193,30594.5,30603.75,30589.25,30598.25,1003,536,467,0,NQ.Z26
2026-09-28,194,30598.75,30606.75,30594.75,30600.75,1099,668,431,0,NQ.Z26
2026-09-28,195,30600.75,30624.25,30600.75,30606,2197,1294,903,0,NQ.Z26
2026-09-28,196,30605.75,30624.75,30599.25,30614,1244,667,577,0,NQ.Z26
2026-09-28,197,30612.5,30619,30606,30610,932,448,484,0,NQ.Z26
2026-09-28,198,30609,30609,30594,30594.5,749,318,431,0,NQ.Z26
2026-09-28,199,30594.5,30605.5,30593,30604,655,359,296,0,NQ.Z26
2026-09-28,200,30604,30613.5,30597.75,30598.75,969,487,482,0,NQ.Z26
2026-09-28,201,30598.5,30603,30587.5,30598.5,1052,499,553,0,NQ.Z26
2026-09-28,202,30597.75,30606.5,30588.75,30602,784,392,392,0,NQ.Z26
2026-09-28,203,30603.25,30606.5,30594.5,30605,598,328,270,0,NQ.Z26
2026-09-28,204,30605,30614,30604,30610.5,869,448,421,0,NQ.Z26
2026-09-28,205,30610.5,30615.5,30605.25,30608.25,616,355,261,0,NQ.Z26
2026-09-28,206,30609,30612.25,30602.75,30607.75,497,255,242,0,NQ.Z26
2026-09-28,207,30608,30609.75,30600,30604.75,549,285,264,0,NQ.Z26
2026-09-28,208,30605,30608.5,30600,30601.25,363,150,213,0,NQ.Z26
2026-09-28,209,30602.25,30607,30595.25,30602,814,429,385,0,NQ.Z26
2026-09-28,210,30602,30604,30576.5,30581.75,1529,660,869,0,NQ.Z26
2026-09-28,211,30583,30596.5,30577.75,30592,854,471,383,0,NQ.Z26
2026-09-28,212,30593.5,30595,30577.25,30585,763,342,421,0,NQ.Z26
2026-09-28,213,30583.5,30588,30580,30583.5,577,234,343,0,NQ.Z26
2026-09-28,214,30584,30593,30583.25,30588.25,612,316,296,0,NQ.Z26
2026-09-28,215,30589,30592,30577,30578.5,678,300,378,0,NQ.Z26
2026-09-28,216,30578.25,30584.5,30568.25,30582.5,1034,523,511,0,NQ.Z26
2026-09-28,217,30581.75,30585.75,30568.75,30570,737,387,350,0,NQ.Z26
2026-09-28,218,30569.75,30572.5,30564.25,30571,916,439,477,0,NQ.Z26
2026-09-28,219,30571,30576.5,30566,30569.25,641,337,304,0,NQ.Z26
2026-09-28,220,30569.5,30575,30567.25,30571.25,484,247,237,0,NQ.Z26
2026-09-28,221,30571.5,30687.75,30570.75,30677.75,4877,2927,1950,0,NQ.Z26
2026-09-28,222,30676.75,30693.25,30651.25,30662.25,2087,1084,1003,0,NQ.Z26
2026-09-28,223,30662.5,30691,30658,30680.75,3162,1807,1355,0,NQ.Z26
2026-09-28,224,30681,30692.25,30664.5,30691.75,2429,1133,1296,0,NQ.Z26
2026-09-28,225,30690.75,30691,30647.25,30675.25,2183,1059,1124,0,NQ.Z26
2026-09-28,226,30675,30681.75,30664.25,30672.75,1338,662,676,0,NQ.Z26
2026-09-28,227,30673.25,30676.5,30633.75,30648,3312,1478,1834,0,NQ.Z26
2026-09-28,228,30648,30650.75,30621.5,30623.75,2154,935,1219,0,NQ.Z26
2026-09-28,229,30622.75,30624.5,30606,30610.5,1444,673,771,0,NQ.Z26
2026-09-28,230,30611,30612,30598.5,30608.75,1021,562,459,0,NQ.Z26
2026-09-28,231,30607.75,30616,30605.75,30609,800,418,382,0,NQ.Z26
2026-09-28,232,30608.75,30621.5,30607.5,30613.25,945,544,401,0,NQ.Z26
2026-09-28,233,30613,30628.25,30612.5,30618.25,938,498,440,0,NQ.Z26
2026-09-28,234,30618.5,30632,30617.5,30626.25,733,389,344,0,NQ.Z26
2026-09-28,235,30626.75,30636,30623,30630.25,920,507,413,0,NQ.Z26
2026-09-28,236,30630.5,30631,30603.5,30604.25,1062,402,660,0,NQ.Z26
2026-09-28,237,30604.5,30611,30601.25,30607,777,407,370,0,NQ.Z26
2026-09-28,238,30608.25,30616.75,30608,30614.5,666,371,295,0,NQ.Z26
2026-09-28,239,30614.5,30620.75,30610.25,30614,770,356,414,0,NQ.Z26
2026-09-28,240,30613.5,30627.25,30613.25,30623.25,581,327,254,0,NQ.Z26
2026-09-28,241,30623,30637,30621.25,30635.5,1061,674,387,0,NQ.Z26
2026-09-28,242,30635.25,30645,30634.5,30638.25,714,384,330,0,NQ.Z26
2026-09-28,243,30636.75,30641.5,30627.75,30628.25,697,256,441,0,NQ.Z26
2026-09-28,244,30628.25,30635,30620.75,30633,668,361,307,0,NQ.Z26
2026-09-28,245,30633,30641,30629.25,30639.5,449,260,189,0,NQ.Z26
2026-09-28,246,30640,30644,30633.75,30640,414,203,211,0,NQ.Z26
2026-09-28,247,30640.75,30644.75,30616.5,30618.75,843,323,520,0,NQ.Z26
2026-09-28,248,30618.25,30633.75,30617,30630.5,438,265,173,0,NQ.Z26
2026-09-28,249,30630.75,30633.25,30627,30629.75,222,103,119,0,NQ.Z26
2026-09-28,250,30630,30635.25,30626,30630.75,291,145,146,0,NQ.Z26
2026-09-28,251,30630.25,30636.25,30626,30633.75,312,176,136,0,NQ.Z26
2026-09-28,252,30633.25,30633.5,30615.5,30624,571,236,335,0,NQ.Z26
2026-09-28,253,30624,30627.5,30621.75,30624.75,267,145,122,0,NQ.Z26
2026-09-28,254,30624.5,30627,30619.75,30624.5,265,149,116,0,NQ.Z26
2026-09-28,255,30624.75,30636.5,30622,30624.75,445,263,182,0,NQ.Z26
2026-09-28,256,30624.5,30629.5,30621.25,30628.5,315,165,150,0,NQ.Z26
2026-09-28,257,30626.25,30628,30619.5,30619.75,374,152,222,0,NQ.Z26
2026-09-28,258,30619.25,30640.25,30618.75,30639.5,551,326,225,0,NQ.Z26
2026-09-28,259,30639.75,30640.25,30625.75,30636,580,279,301,0,NQ.Z26
2026-09-28,260,30635,30637.75,30629.25,30629.5,410,201,209,0,NQ.Z26
2026-09-28,261,30629.25,30633.25,30622.5,30632.5,428,241,187,0,NQ.Z26
2026-09-28,262,30632.75,30636.25,30627.75,30627.75,357,184,173,0,NQ.Z26
2026-09-28,263,30628.25,30631.75,30626,30626.25,299,149,150,0,NQ.Z26
2026-09-28,264,30626.25,30633.75,30626,30630,395,185,210,0,NQ.Z26
2026-09-28,265,30630.25,30632.25,30611.25,30627,1342,508,834,0,NQ.Z26
2026-09-28,266,30626.25,30628,30620.25,30622.75,554,267,287,0,NQ.Z26
2026-09-28,267,30622,30627.25,30620,30620.75,374,201,173,0,NQ.Z26
2026-09-28,268,30621.25,30631.75,30618.25,30623.75,582,346,236,0,NQ.Z26
2026-09-28,269,30624.5,30627.25,30620.75,30625.75,275,144,131,0,NQ.Z26
2026-09-28,270,30625.75,30631.75,30613.25,30616.5,660,314,346,0,NQ.Z26
2026-09-28,271,30615.75,30618.75,30602.25,30614,891,365,526,0,NQ.Z26
2026-09-28,272,30613.5,30629.5,30612,30628,629,431,198,0,NQ.Z26
2026-09-28,273,30627.75,30633.25,30625,30630,536,325,211,0,NQ.Z26
2026-09-28,274,30629.75,30641,30629.75,30638,680,367,313,0,NQ.Z26
2026-09-28,275,30638.5,30643.25,30632.5,30639.25,586,265,321,0,NQ.Z26
2026-09-28,276,30639.25,30641,30628.5,30631,476,201,275,0,NQ.Z26
2026-09-28,277,30631.5,30632.75,30622,30628,594,231,363,0,NQ.Z26
2026-09-28,278,30628,30631.25,30623,30630.25,282,181,101,0,NQ.Z26
2026-09-28,279,30629.75,30634,30626.5,30629.5,343,150,193,0,NQ.Z26
2026-09-28,280,30629.5,30641.5,30629,30635.5,527,343,184,0,NQ.Z26
2026-09-28,281,30636,30639.75,30631.5,30637.75,321,167,154,0,NQ.Z26
2026-09-28,282,30639.5,30645.5,30633.75,30635.25,576,296,280,0,NQ.Z26
2026-09-28,283,30633.75,30634,30628.5,30632,275,127,148,0,NQ.Z26
2026-09-28,284,30632.5,30640,30632,30639.25,253,149,104,0,NQ.Z26
2026-09-28,285,30639.75,30646.25,30636.25,30639.75,409,225,184,0,NQ.Z26
2026-09-28,286,30639.25,30643,30636.5,30642.5,292,153,139,0,NQ.Z26
2026-09-28,287,30643.25,30645,30625.75,30626,443,146,297,0,NQ.Z26
2026-09-28,288,30625.75,30633,30621.25,30628.25,632,347,285,0,NQ.Z26
2026-09-28,289,30627.75,30629.5,30620.25,30620.5,362,171,191,0,NQ.Z26
2026-09-28,290,30620.75,30626.75,30620.75,30621.75,272,151,121,0,NQ.Z26
2026-09-28,291,30622,30629.25,30621.25,30628.75,283,166,117,0,NQ.Z26
2026-09-28,292,30627.75,30632.5,30626,30629.75,246,132,114,0,NQ.Z26
2026-09-28,293,30629.5,30630,30611.75,30613.25,590,172,418,0,NQ.Z26
2026-09-28,294,30612.5,30614.75,30605,30614.5,533,274,259,0,NQ.Z26
2026-09-28,295,30614.75,30618.5,30613,30617.75,449,250,199,0,NQ.Z26
2026-09-28,296,30617.25,30623.25,30616.5,30620.75,304,145,159,0,NQ.Z26
2026-09-28,297,30620.5,30626.75,30619.75,30620,291,158,133,0,NQ.Z26
2026-09-28,298,30621,30627,30618.75,30621.5,379,166,213,0,NQ.Z26
2026-09-28,299,30621.25,30622.75,30617.75,30621,279,148,131,0,NQ.Z26
2026-09-28,300,30620.75,30631.75,30610.5,30619.75,1327,769,558,0,NQ.Z26
2026-09-28,301,30617.75,30619,30602.25,30609.25,732,325,407,0,NQ.Z26
2026-09-28,302,30608.5,30609.75,30600.75,30604.5,524,240,284,0,NQ.Z26
2026-09-28,303,30604.5,30610.5,30603.75,30607.75,593,271,322,0,NQ.Z26
2026-09-28,304,30608,30618,30605.75,30614.5,437,270,167,0,NQ.Z26
2026-09-28,305,30614.25,30616,30610.25,30614.25,300,152,148,0,NQ.Z26
2026-09-28,306,30613.75,30615,30606,30612,363,156,207,0,NQ.Z26
2026-09-28,307,30612.5,30616,30609.5,30610.25,259,130,129,0,NQ.Z26
2026-09-28,308,30610.75,30612.5,30596.75,30597.5,707,322,385,0,NQ.Z26
2026-09-28,309,30596.5,30597.25,30578.75,30585,1078,481,597,0,NQ.Z26
2026-09-28,310,30585.5,30598.75,30581.5,30598,1158,688,470,0,NQ.Z26
2026-09-28,311,30597.75,30608.5,30596.75,30606.5,903,532,371,0,NQ.Z26
2026-09-28,312,30606.75,30611,30599.5,30604.5,528,289,239,0,NQ.Z26
2026-09-28,313,30604.75,30614.75,30604.25,30614.75,541,351,190,0,NQ.Z26
2026-09-28,314,30615,30627,30613,30625.75,870,526,344,0,NQ.Z26
2026-09-28,315,30625.5,30627.75,30620,30620.5,621,314,307,0,NQ.Z26
2026-09-28,316,30620.75,30625.5,30616.5,30621,493,224,269,0,NQ.Z26
2026-09-28,317,30620.75,30623.5,30610,30622.75,431,230,201,0,NQ.Z26
2026-09-28,318,30622.75,30632.75,30611.75,30625.75,1318,718,600,0,NQ.Z26
2026-09-28,319,30626.25,30638,30618.25,30632,854,542,312,0,NQ.Z26
2026-09-28,320,30633,30636.75,30627.25,30630.25,610,308,302,0,NQ.Z26
2026-09-28,321,30629.75,30633.25,30621,30633,443,216,227,0,NQ.Z26
2026-09-28,322,30633.25,30640,30632,30634.5,377,219,158,0,NQ.Z26
2026-09-28,323,30634.75,30650,30630.25,30633.75,1444,825,619,0,NQ.Z26
2026-09-28,324,30634.75,30640,30622.5,30638.25,742,348,394,0,NQ.Z26
2026-09-28,325,30638,30640.75,30630,30638.75,714,295,419,0,NQ.Z26
2026-09-28,326,30638.75,30644,30636,30639.25,731,418,313,0,NQ.Z26
2026-09-28,327,30639.25,30643.75,30635.5,30637.5,453,227,226,0,NQ.Z26
2026-09-28,328,30637.5,30649.75,30635.75,30644.5,606,317,289,0,NQ.Z26
2026-09-28,329,30644,30645.5,30636,30637.75,508,226,282,0,NQ.Z26
2026-09-28,330,30639.25,30641.25,30612,30616.5,1094,419,675,0,NQ.Z26
2026-09-28,331,30616,30617.75,30606.25,30606.25,664,301,363,0,NQ.Z26
2026-09-28,332,30606.5,30609.25,30597.25,30602.5,1452,821,631,0,NQ.Z26
2026-09-28,333,30602.75,30617.5,30599,30613.25,850,484,366,0,NQ.Z26
2026-09-28,334,30613.25,30618,30611.25,30615.75,436,227,209,0,NQ.Z26
2026-09-28,335,30614.75,30620.75,30613.5,30615.5,436,239,197,0,NQ.Z26
2026-09-28,336,30615.75,30618.25,30597.5,30600,755,271,484,0,NQ.Z26
2026-09-28,337,30600.25,30605,30593.75,30599.5,738,348,390,0,NQ.Z26
2026-09-28,338,30599.25,30602.25,30594.75,30597.25,537,277,260,0,NQ.Z26
2026-09-28,339,30597,30601,30593.5,30594.5,390,211,179,0,NQ.Z26
2026-09-28,340,30594.75,30595.25,30584.75,30591,760,364,396,0,NQ.Z26
2026-09-28,341,30591,30595.5,30586,30586.5,478,264,214,0,NQ.Z26
2026-09-28,342,30586,30591.25,30583.5,30588.75,444,250,194,0,NQ.Z26
2026-09-28,343,30589.25,30594.25,30576,30578.75,1014,457,557,0,NQ.Z26
2026-09-28,344,30578.25,30580,30573.5,30576.75,669,341,328,0,NQ.Z26
2026-09-28,345,30576.5,30580.75,30568.75,30578.25,1026,536,490,0,NQ.Z26
2026-09-28,346,30578.5,30591,30575.75,30582,1124,692,432,0,NQ.Z26
2026-09-28,347,30582,30591,30579,30591,725,391,334,0,NQ.Z26
2026-09-28,348,30591.25,30595,30588,30591.75,599,313,286,0,NQ.Z26
2026-09-28,349,30592,30593.5,30583,30587.25,493,207,286,0,NQ.Z26
2026-09-28,350,30588.25,30594.5,30586.5,30589.25,518,297,221,0,NQ.Z26
2026-09-28,351,30589.25,30601.5,30583,30596.75,766,435,331,0,NQ.Z26
2026-09-28,352,30597.5,30598,30587.75,30593.75,546,254,292,0,NQ.Z26
2026-09-28,353,30593.5,30596,30587.75,30591.75,335,167,168,0,NQ.Z26
2026-09-28,354,30592.75,30596.75,30589.5,30596.5,281,176,105,0,NQ.Z26
2026-09-28,355,30595.75,30605,30591.25,30602,1622,773,849,0,NQ.Z26
2026-09-28,356,30602,30605.75,30597,30603.25,563,285,278,0,NQ.Z26
2026-09-28,357,30603,30604,30592.5,30596.5,501,251,250,0,NQ.Z26
2026-09-28,358,30596.25,30602.5,30589.75,30601,955,511,444,0,NQ.Z26
2026-09-28,359,30600.5,30600.75,30589,30596.25,505,240,265,0,NQ.Z26
2026-09-28,360,30595.75,30598.5,30576,30576.25,944,392,552,0,NQ.Z26
2026-09-28,361,30575.75,30584,30574.5,30582.75,670,351,319,0,NQ.Z26
2026-09-28,362,30583.5,30597,30573.25,30584.75,1334,668,666,0,NQ.Z26
2026-09-28,363,30585.75,30596.75,30578.25,30584,904,478,426,0,NQ.Z26
2026-09-28,364,30583.75,30592.75,30576.5,30587.75,702,382,320,0,NQ.Z26
2026-09-28,365,30587.75,30593.5,30579,30581.75,578,284,294,0,NQ.Z26
2026-09-28,366,30582,30582,30568.25,30570.5,695,296,399,0,NQ.Z26
2026-09-28,367,30571.25,30572,30561,30564,695,303,392,0,NQ.Z26
2026-09-28,368,30564,30566.25,30553.25,30554.25,690,339,351,0,NQ.Z26
2026-09-28,369,30553.75,30554.5,30541,30545,1559,854,705,0,NQ.Z26
2026-09-28,370,30545.75,30553.5,30545.75,30548.5,821,460,361,0,NQ.Z26
2026-09-28,371,30549,30562,30548.75,30556.75,823,450,373,0,NQ.Z26
2026-09-28,372,30556.5,30566.5,30552.5,30563.5,884,493,391,0,NQ.Z26
2026-09-28,373,30563.75,30566,30556.75,30557.5,663,283,380,0,NQ.Z26
2026-09-28,374,30557.5,30562.25,30555.5,30560.5,365,194,171,0,NQ.Z26
2026-09-28,375,30561,30567.75,30558,30567.25,712,448,264,0,NQ.Z26
2026-09-28,376,30567.25,30574.25,30565,30570,861,516,345,0,NQ.Z26
2026-09-28,377,30570,30575.25,30565.5,30571.75,528,289,239,0,NQ.Z26
2026-09-28,378,30572,30572,30559.75,30566.75,719,326,393,0,NQ.Z26
2026-09-28,379,30566.75,30567,30553.5,30557.25,758,367,391,0,NQ.Z26
2026-09-28,380,30557,30573,30546.5,30551.5,2054,1068,986,0,NQ.Z26
2026-09-28,381,30551.25,30568.25,30550.25,30564.25,889,488,401,0,NQ.Z26
2026-09-28,382,30564.75,30564.75,30550,30551.5,758,339,419,0,NQ.Z26
2026-09-28,383,30550.75,30555.5,30546.25,30549.25,881,497,384,0,NQ.Z26
2026-09-28,384,30549.25,30550,30534.75,30536.75,1952,846,1106,0,NQ.Z26
2026-09-28,385,30536.75,30553.75,30535,30544.25,2234,1223,1011,0,NQ.Z26
2026-09-28,386,30544,30553.5,30541.75,30550.75,1103,554,549,0,NQ.Z26
2026-09-28,387,30550.5,30564,30547.75,30564,1436,764,672,0,NQ.Z26
2026-09-28,388,30563.75,30575.25,30559,30574,2442,1332,1110,0,NQ.Z26
2026-09-28,389,30573.5,30575.75,30559,30567,10009,5015,4994,0,NQ.Z26
2026-09-29,0,30708.75,30725.5,30665.25,30677.5,5905,2835,3070,0,NQ.Z26
2026-09-29,1,30676.75,30705.75,30654.5,30663.25,4718,2347,2371,0,NQ.Z26
2026-09-29,2,30663.25,30676.75,30652.75,30666.25,3761,1900,1861,0,NQ.Z26
2026-09-29,3,30667,30667.75,30620.5,30621.5,3903,1665,2238,0,NQ.Z26
2026-09-29,4,30621,30629.5,30601.25,30610.25,3664,1799,1865,0,NQ.Z26
2026-09-29,5,30610.25,30622,30586.75,30599,3422,1690,1732,0,NQ.Z26
2026-09-29,6,30597.75,30614.75,30588,30604.5,2435,1267,1168,0,NQ.Z26
2026-09-29,7,30604.5,30634.25,30604.5,30610.75,3052,1620,1432,0,NQ.Z26
2026-09-29,8,30611,30611,30582.25,30606.5,3020,1430,1590,0,NQ.Z26
2026-09-29,9,30607,30618.75,30599.75,30618.75,1669,897,772,0,NQ.Z26
2026-09-29,10,30618.75,30623,30568.75,30571.25,2814,1247,1567,0,NQ.Z26
2026-09-29,11,30570.75,30582.75,30567.5,30573.75,1689,865,824,0,NQ.Z26
2026-09-29,12,30573.25,30586,30547.75,30551.25,2765,1243,1522,0,NQ.Z26
2026-09-29,13,30551.75,30573,30545.5,30550.75,2289,1182,1107,0,NQ.Z26
2026-09-29,14,30550.75,30571,30547,30566.75,2062,1108,954,0,NQ.Z26
2026-09-29,15,30567,30582.75,30560.75,30580.25,2379,1316,1063,0,NQ.Z26
2026-09-29,16,30580,30596.5,30574.5,30574.5,2142,1154,988,0,NQ.Z26
2026-09-29,17,30573.75,30599.75,30570,30579.25,2153,1152,1001,0,NQ.Z26
2026-09-29,18,30580.75,30594.75,30568.25,30572.5,1758,793,965,0,NQ.Z26
2026-09-29,19,30573,30584,30558.75,30577.75,1756,897,859,0,NQ.Z26
2026-09-29,20,30577.25,30597,30570.75,30591.75,2093,1221,872,0,NQ.Z26
2026-09-29,21,30591.5,30612.25,30589.5,30601.5,2258,1203,1055,0,NQ.Z26
2026-09-29,22,30602,30621,30591.5,30619.75,2074,1155,919,0,NQ.Z26
2026-09-29,23,30618.75,30630,30613,30623.5,2042,1071,971,0,NQ.Z26
2026-09-29,24,30624.5,30626.25,30615.5,30621.75,1137,578,559,0,NQ.Z26
2026-09-29,25,30622,30649.75,30620,30648.5,2055,1241,814,0,NQ.Z26
2026-09-29,26,30649,30656.25,30639.75,30643.25,1896,959,937,0,NQ.Z26
2026-09-29,27,30643.75,30645.75,30624,30634,1939,873,1066,0,NQ.Z26
2026-09-29,28,30632.25,30640,30623.25,30635,1094,583,511,0,NQ.Z26
2026-09-29,29,30635.25,30636.5,30595,30608.25,1936,789,1147,0,NQ.Z26
2026-09-29,30,30608.25,30659.25,30606.75,30639.25,2816,1614,1202,0,NQ.Z26
2026-09-29,31,30637.5,30650.75,30621.75,30624.25,1963,910,1053,0,NQ.Z26
2026-09-29,32,30624,30624.5,30601,30617.25,2540,1144,1396,0,NQ.Z26
2026-09-29,33,30618,30640.75,30609.25,30637.5,1953,1062,891,0,NQ.Z26
2026-09-29,34,30636.75,30637,30612.5,30629.5,1577,671,906,0,NQ.Z26
2026-09-29,35,30629.5,30636.25,30615.5,30630.25,1138,568,570,0,NQ.Z26
2026-09-29,36,30629,30629.25,30612,30625.5,1219,588,631,0,NQ.Z26
2026-09-29,37,30624.25,30635.25,30609.75,30617,1179,562,617,0,NQ.Z26
2026-09-29,38,30616.75,30625.5,30614.25,30619.75,777,390,387,0,NQ.Z26
2026-09-29,39,30619.5,30619.5,30598.25,30612.75,1482,649,833,0,NQ.Z26
2026-09-29,40,30612.75,30630.25,30611.75,30625.5,1627,898,729,0,NQ.Z26
2026-09-29,41,30625.5,30634.25,30592.25,30597.25,1975,802,1173,0,NQ.Z26
2026-09-29,42,30598.25,30619,30589.25,30616.5,1553,842,711,0,NQ.Z26
2026-09-29,43,30617,30643.5,30616.5,30622.25,1996,1136,860,0,NQ.Z26
2026-09-29,44,30622.5,30636,30619,30628.25,1124,526,598,0,NQ.Z26
2026-09-29,45,30627.75,30631,30604,30607.5,1694,665,1029,0,NQ.Z26
2026-09-29,46,30608.25,30652.25,30598.25,30646.25,3134,1830,1304,0,NQ.Z26
2026-09-29,47,30647.25,30653.25,30633.5,30644,2135,1003,1132,0,NQ.Z26
2026-09-29,48,30644,30662.5,30641.25,30655.25,1525,801,724,0,NQ.Z26
2026-09-29,49,30655,30670.5,30646.75,30660.5,2283,1167,1116,0,NQ.Z26
2026-09-29,50,30661,30667,30615.75,30622.75,3498,1502,1996,0,NQ.Z26
2026-09-29,51,30621.75,30649.5,30617.5,30645.25,2166,1151,1015,0,NQ.Z26
2026-09-29,52,30646,30670.5,30641.25,30669.5,1862,1035,827,0,NQ.Z26
2026-09-29,53,30669,30675.75,30649.75,30666,2182,1107,1075,0,NQ.Z26
2026-09-29,54,30666.25,30671.5,30648.75,30664.5,1131,555,576,0,NQ.Z26
2026-09-29,55,30663.5,30684,30657.25,30678.25,1357,730,627,0,NQ.Z26
2026-09-29,56,30678.5,30691.25,30672.25,30691,1431,802,629,0,NQ.Z26
2026-09-29,57,30690.75,30698.5,30685.25,30688.25,1538,767,771,0,NQ.Z26
2026-09-29,58,30687.5,30688,30656.75,30659,1866,750,1116,0,NQ.Z26
2026-09-29,59,30658.75,30671,30654.5,30670.25,1021,528,493,0,NQ.Z26
2026-09-29,60,30670.25,30689.25,30669.25,30683.75,1388,763,625,0,NQ.Z26
2026-09-29,61,30683.5,30695.75,30676.5,30691.25,1224,634,590,0,NQ.Z26
2026-09-29,62,30690.25,30700,30675.75,30681.25,1639,782,857,0,NQ.Z26
2026-09-29,63,30680.75,30693.5,30678,30693.25,852,408,444,0,NQ.Z26
2026-09-29,64,30692.75,30694,30680.75,30688,955,461,494,0,NQ.Z26
2026-09-29,65,30688.5,30693.75,30678.25,30688.5,985,466,519,0,NQ.Z26
2026-09-29,66,30688.25,30690.75,30680.25,30680.25,737,337,400,0,NQ.Z26
2026-09-29,67,30680.75,30681.25,30659.25,30668.5,1492,654,838,0,NQ.Z26
2026-09-29,68,30667.75,30684.75,30663.5,30683.5,1120,639,481,0,NQ.Z26
2026-09-29,69,30683.25,30686.5,30675.75,30682.25,998,442,556,0,NQ.Z26
2026-09-29,70,30682,30699.75,30657.25,30663.75,2387,1155,1232,0,NQ.Z26
2026-09-29,71,30665.25,30686.25,30661,30672.75,1253,660,593,0,NQ.Z26
2026-09-29,72,30673.25,30684,30664.5,30677.5,1277,606,671,0,NQ.Z26
2026-09-29,73,30677.25,30681.5,30664.25,30664.5,702,301,401,0,NQ.Z26
2026-09-29,74,30665,30674.25,30657.5,30669.75,1008,512,496,0,NQ.Z26
2026-09-29,75,30669.5,30680.75,30668,30680.5,809,454,355,0,NQ.Z26
2026-09-29,76,30679.5,30679.75,30662,30676.75,1145,526,619,0,NQ.Z26
2026-09-29,77,30676.5,30678.75,30668.25,30676,615,298,317,0,NQ.Z26
2026-09-29,78,30676.5,30690.5,30665,30666.5,1029,490,539,0,NQ.Z26
2026-09-29,79,30667.5,30667.75,30642.25,30643.5,1889,687,1202,0,NQ.Z26
2026-09-29,80,30644.5,30665,30641.25,30665,1239,742,497,0,NQ.Z26
2026-09-29,81,30665.75,30694.75,30661,30692,1513,956,557,0,NQ.Z26
2026-09-29,82,30692.75,30697.5,30689.25,30690.25,917,495,422,0,NQ.Z26
2026-09-29,83,30690.75,30695,30668.75,30690,1427,719,708,0,NQ.Z26
2026-09-29,84,30689.5,30701.25,30686.75,30697.75,973,530,443,0,NQ.Z26
2026-09-29,85,30698.25,30700,30686.25,30694.75,1172,579,593,0,NQ.Z26
2026-09-29,86,30694.25,30700,30686.75,30698,818,395,423,0,NQ.Z26
2026-09-29,87,30697,30706.25,30688,30698,914,476,438,0,NQ.Z26
2026-09-29,88,30697.5,30697.5,30669,30672.75,1144,413,731,0,NQ.Z26
2026-09-29,89,30673.5,30680,30655.5,30663.25,1070,568,502,0,NQ.Z26
2026-09-29,90,30663,30665.75,30634.25,30636.5,1974,815,1159,0,NQ.Z26
2026-09-29,91,30636.75,30651.25,30631.5,30650.75,1413,797,616,0,NQ.Z26
2026-09-29,92,30651.25,30652,30626,30639.25,1365,602,763,0,NQ.Z26
2026-09-29,93,30639,30645.75,30635.75,30640.75,833,433,400,0,NQ.Z26
2026-09-29,94,30640.75,30647,30628.75,30630.25,911,435,476,0,NQ.Z26
2026-09-29,95,30630.25,30636.5,30620,30627.5,1539,720,819,0,NQ.Z26
2026-09-29,96,30627.75,30641.25,30627.75,30630,1053,600,453,0,NQ.Z26
2026-09-29,97,30630.25,30631.25,30617.75,30624.5,977,426,551,0,NQ.Z26
2026-09-29,98,30624.25,30626,30603.25,30616.5,1636,808,828,0,NQ.Z26
2026-09-29,99,30616.25,30626,30607.5,30615,1364,645,719,0,NQ.Z26
2026-09-29,100,30614.25,30628,30613,30619.75,999,514,485,0,NQ.Z26
2026-09-29,101,30620.25,30622,30608,30612,919,434,485,0,NQ.Z26
2026-09-29,102,30611.75,30612,30593.5,30598.5,1415,576,839,0,NQ.Z26
2026-09-29,103,30597.75,30621.75,30597.75,30621.5,1043,702,341,0,NQ.Z26
2026-09-29,104,30621,30638,30616.5,30637.5,1376,803,573,0,NQ.Z26
2026-09-29,105,30637.75,30648.75,30632,30635.75,1238,584,654,0,NQ.Z26
2026-09-29,106,30636.5,30644.5,30632.5,30637.25,750,341,409,0,NQ.Z26
2026-09-29,107,30637,30638.5,30620,30624.25,804,293,511,0,NQ.Z26
2026-09-29,108,30623,30624.25,30593.25,30596,1513,647,866,0,NQ.Z26
2026-09-29,109,30596.5,30605.5,30583.75,30583.75,1654,731,923,0,NQ.Z26
2026-09-29,110,30584,30591,30576,30577.25,1530,705,825,0,NQ.Z26
2026-09-29,111,30577,30586.5,30572.5,30581.25,1258,667,591,0,NQ.Z26
2026-09-29,112,30581.75,30590,30570.25,30579.25,1276,646,630,0,NQ.Z26
2026-09-29,113,30579,30581.5,30557.25,30559.75,1190,543,647,0,NQ.Z26
2026-09-29,114,30558.75,30563.75,30549.75,30560,1795,949,846,0,NQ.Z26
2026-09-29,115,30560,30567,30547.75,30557,2026,1021,1005,0,NQ.Z26
2026-09-29,116,30558,30564.5,30535.25,30540.25,2110,840,1270,0,NQ.Z26
2026-09-29,117,30541.25,30552.25,30531.25,30549,1557,850,707,0,NQ.Z26
2026-09-29,118,30549,30561.5,30544.25,30549.5,1320,677,643,0,NQ.Z26
2026-09-29,119,30549.5,30558.25,30545.5,30555,1049,536,513,0,NQ.Z26
2026-09-29,120,30555.5,30566.5,30555,30556,1611,896,715,0,NQ.Z26
2026-09-29,121,30556,30559.5,30543.75,30553,1286,544,742,0,NQ.Z26
2026-09-29,122,30552.75,30573,30552.25,30571.75,1244,740,504,0,NQ.Z26
2026-09-29,123,30571.25,30592.5,30570.75,30592,1648,918,730,0,NQ.Z26
2026-09-29,124,30592,30605,30589.75,30598.75,1499,792,707,0,NQ.Z26
2026-09-29,125,30599.25,30601.5,30590.5,30593,1105,497,608,0,NQ.Z26
2026-09-29,126,30593.5,30602.5,30590.75,30597.5,878,460,418,0,NQ.Z26
2026-09-29,127,30596.5,30599.5,30585.25,30593,997,419,578,0,NQ.Z26
2026-09-29,128,30593,30611.75,30586,30611,1175,625,550,0,NQ.Z26
2026-09-29,129,30610.5,30613.25,30593.75,30599.5,1086,475,611,0,NQ.Z26
2026-09-29,130,30600,30601.25,30590.5,30597.75,559,276,283,0,NQ.Z26
2026-09-29,131,30599,30600.25,30569.25,30572.75,1378,502,876,0,NQ.Z26
2026-09-29,132,30573.25,30592,30570.25,30580.75,988,587,401,0,NQ.Z26
2026-09-29,133,30581.25,30581.5,30566.75,30578,1071,533,538,0,NQ.Z26
2026-09-29,134,30577.75,30588.5,30572.75,30577.5,753,406,347,0,NQ.Z26
2026-09-29,135,30578,30586,30573,30575.75,628,308,320,0,NQ.Z26
2026-09-29,136,30575.5,30577.25,30558.75,30561.75,1033,456,577,0,NQ.Z26
2026-09-29,137,30562.25,30611,30555.25,30591.25,3787,2177,1610,0,NQ.Z26
2026-09-29,138,30592.5,30594.75,30572.5,30588.5,1665,854,811,0,NQ.Z26
2026-09-29,139,30587.75,30603.75,30584,30598,1421,721,700,0,NQ.Z26
2026-09-29,140,30598.5,30612,30587.5,30591,1631,742,889,0,NQ.Z26
2026-09-29,141,30591.25,30594.25,30569,30577.25,1258,528,730,0,NQ.Z26
2026-09-29,142,30577,30580,30558.75,30568.25,1683,633,1050,0,NQ.Z26
2026-09-29,143,30568.75,30576.5,30561.25,30565.75,1063,554,509,0,NQ.Z26
2026-09-29,144,30566.25,30575.5,30552.5,30566.25,1410,653,757,0,NQ.Z26
2026-09-29,145,30565.5,30572.5,30556.25,30562.5,825,405,420,0,NQ.Z26
2026-09-29,146,30562.5,30580.25,30562.25,30577.5,962,554,408,0,NQ.Z26
2026-09-29,147,30578.25,30581.5,30564.5,30568.25,798,380,418,0,NQ.Z26
2026-09-29,148,30569,30584.5,30567.25,30577.75,880,466,414,0,NQ.Z26
2026-09-29,149,30577.75,30588,30573.75,30587.75,661,347,314,0,NQ.Z26
2026-09-29,150,30588,30588.5,30571.75,30577,928,399,529,0,NQ.Z26
2026-09-29,151,30576.75,30583.75,30570.5,30576,767,403,364,0,NQ.Z26
2026-09-29,152,30576,30576.25,30553.75,30567.25,961,424,537,0,NQ.Z26
2026-09-29,153,30567,30568,30561.5,30567,478,281,197,0,NQ.Z26
2026-09-29,154,30567,30570,30552.75,30556.25,607,276,331,0,NQ.Z26
2026-09-29,155,30556,30565.5,30551.5,30557.75,673,362,311,0,NQ.Z26
2026-09-29,156,30558,30569.75,30552.75,30569.5,862,543,319,0,NQ.Z26
2026-09-29,157,30568.5,30580.5,30564.5,30577.25,749,441,308,0,NQ.Z26
2026-09-29,158,30577,30586.25,30568.75,30582,742,371,371,0,NQ.Z26
2026-09-29,159,30583,30594,30581.25,30589.25,716,393,323,0,NQ.Z26
2026-09-29,160,30589,30593.75,30582.5,30585.25,554,269,285,0,NQ.Z26
2026-09-29,161,30587,30591,30575,30587,822,403,419,0,NQ.Z26
2026-09-29,162,30587,30587.25,30573.25,30573.5,647,252,395,0,NQ.Z26
2026-09-29,163,30574,30579.75,30561.25,30562.75,569,245,324,0,NQ.Z26
2026-09-29,164,30562.75,30568.75,30556.25,30559,707,408,299,0,NQ.Z26
2026-09-29,165,30559.25,30565.5,30554,30564.5,764,380,384,0,NQ.Z26
2026-09-29,166,30564.75,30570.25,30558.25,30569.5,713,380,333,0,NQ.Z26
2026-09-29,167,30569.5,30573,30558.75,30559,780,347,433,0,NQ.Z26
2026-09-29,168,30559.75,30563,30550.5,30561.25,708,326,382,0,NQ.Z26
2026-09-29,169,30561.75,30565.5,30551.75,30565.5,890,464,426,0,NQ.Z26
2026-09-29,170,30565.25,30572,30565,30566.5,567,329,238,0,NQ.Z26
2026-09-29,171,30567,30579,30555,30557,1086,482,604,0,NQ.Z26
2026-09-29,172,30557.25,30573.5,30552.75,30568.5,786,480,306,0,NQ.Z26
2026-09-29,173,30568.25,30570,30560,30568.75,439,199,240,0,NQ.Z26
2026-09-29,174,30568.75,30575.25,30567.5,30568.75,399,203,196,0,NQ.Z26
2026-09-29,175,30568.75,30579.75,30567.5,30578.75,420,226,194,0,NQ.Z26
2026-09-29,176,30578.25,30585.25,30573.75,30584.25,506,272,234,0,NQ.Z26
2026-09-29,177,30584.5,30587.5,30580.5,30585.25,559,334,225,0,NQ.Z26
2026-09-29,178,30585,30591,30583.25,30586.25,493,239,254,0,NQ.Z26
2026-09-29,179,30586.25,30588.25,30580.25,30583.75,442,208,234,0,NQ.Z26
2026-09-29,180,30584,30584.75,30568.75,30570.75,737,314,423,0,NQ.Z26
2026-09-29,181,30571.5,30581.25,30563.75,30568.25,994,471,523,0,NQ.Z26
2026-09-29,182,30568.5,30574.25,30565.25,30567.75,417,264,153,0,NQ.Z26
2026-09-29,183,30568.75,30574.25,30567.25,30570.5,457,286,171,0,NQ.Z26
2026-09-29,184,30570.75,30571.25,30565.75,30569.5,366,160,206,0,NQ.Z26
2026-09-29,185,30569.5,30584,30569,30574.5,684,402,282,0,NQ.Z26
2026-09-29,186,30573.5,30581,30568.25,30578.25,645,364,281,0,NQ.Z26
2026-09-29,187,30579.25,30579.25,30570.25,30575.5,356,121,235,0,NQ.Z26
2026-09-29,188,30575.25,30581.25,30570,30580,376,229,147,0,NQ.Z26
2026-09-29,189,30579.5,30579.75,30567.75,30572.75,519,197,322,0,NQ.Z26
2026-09-29,190,30573,30573.25,30550.75,30553.75,1459,538,921,0,NQ.Z26
2026-09-29,191,30553.5,30558.75,30535,30535,1282,541,741,0,NQ.Z26
2026-09-29,192,30535.75,30547.75,30529.75,30544,1326,783,543,0,NQ.Z26
2026-09-29,193,30543.25,30544.5,30524,30527,1212,441,771,0,NQ.Z26
2026-09-29,194,30527.25,30529.5,30518,30518.75,1180,559,621,0,NQ.Z26
2026-09-29,195,30518.75,30525.75,30504.5,30512,1735,813,922,0,NQ.Z26
2026-09-29,196,30511.75,30533,30506.75,30531.75,1458,871,587,0,NQ.Z26
2026-09-29,197,30532.5,30548,30528.75,30540.25,1115,623,492,0,NQ.Z26
2026-09-29,198,30540.75,30555.5,30535.75,30552,961,497,464,0,NQ.Z26
2026-09-29,199,30552.25,30552.75,30539,30549.25,626,288,338,0,NQ.Z26
2026-09-29,200,30549.5,30561.5,30546.25,30560.25,786,441,345,0,NQ.Z26
2026-09-29,201,30560.25,30567.75,30545.25,30546,1084,470,614,0,NQ.Z26
2026-09-29,202,30545.25,30546.5,30537,30539.75,878,391,487,0,NQ.Z26
2026-09-29,203,30539.5,30543,30535.25,30538.75,561,296,265,0,NQ.Z26
2026-09-29,204,30538.25,30541.5,30533.25,30539.25,748,383,365,0,NQ.Z26
2026-09-29,205,30539.5,30540,30526,30528.25,780,403,377,0,NQ.Z26
2026-09-29,206,30527.75,30527.75,30515.5,30522.5,830,378,452,0,NQ.Z26
2026-09-29,207,30522,30527,30519.75,30521.5,801,479,322,0,NQ.Z26
2026-09-29,208,30521.25,30532,30519.75,30529,637,395,242,0,NQ.Z26
2026-09-29,209,30529,30540.5,30526,30538.25,669,433,236,0,NQ.Z26
2026-09-29,210,30537.75,30538,30522,30522,1061,414,647,0,NQ.Z26
2026-09-29,211,30522.75,30534,30520,30525,520,278,242,0,NQ.Z26
2026-09-29,212,30525.25,30529,30519.75,30521.5,457,219,238,0,NQ.Z26
2026-09-29,213,30521.5,30531.75,30513.25,30531.5,1133,634,499,0,NQ.Z26
2026-09-29,214,30530.5,30533.5,30525.75,30530,782,428,354,0,NQ.Z26
2026-09-29,215,30529.5,30538,30528,30536.25,441,241,200,0,NQ.Z26
2026-09-29,216,30536.75,30540.25,30530.25,30533,467,226,241,0,NQ.Z26
2026-09-29,217,30534,30535,30524,30533.25,998,465,533,0,NQ.Z26
2026-09-29,218,30533,30540,30529.5,30534.75,479,233,246,0,NQ.Z26
2026-09-29,219,30534.75,30536.5,30530,30530.5,233,114,119,0,NQ.Z26
2026-09-29,220,30531.25,30541.75,30524.5,30536,884,470,414,0,NQ.Z26
2026-09-29,221,30538.25,30548.5,30532.75,30534,758,382,376,0,NQ.Z26
2026-09-29,222,30533.75,30536.75,30524,30528,574,187,387,0,NQ.Z26
2026-09-29,223,30528,30535.25,30525.5,30533,309,181,128,0,NQ.Z26
2026-09-29,224,30533,30543.25,30527.25,30543.25,691,424,267,0,NQ.Z26
2026-09-29,225,30542.5,30547.75,30538,30540.75,673,332,341,0,NQ.Z26
2026-09-29,226,30541.5,30544.25,30521.25,30528.25,722,261,461,0,NQ.Z26
2026-09-29,227,30528.25,30540.25,30527.75,30530.5,685,350,335,0,NQ.Z26
2026-09-29,228,30530.25,30536.25,30526.5,30533.5,329,167,162,0,NQ.Z26
2026-09-29,229,30532.5,30541.75,30529.75,30538.25,456,231,225,0,NQ.Z26
2026-09-29,230,30537.5,30543.75,30532,30540.5,449,228,221,0,NQ.Z26
2026-09-29,231,30540,30546,30535,30537.75,556,233,323,0,NQ.Z26
2026-09-29,232,30538.5,30546,30536.5,30542.25,419,181,238,0,NQ.Z26
2026-09-29,233,30541.5,30555.25,30540.75,30552.25,737,467,270,0,NQ.Z26
2026-09-29,234,30552.75,30566.5,30552,30566.25,715,431,284,0,NQ.Z26
2026-09-29,235,30566.5,30575.75,30564.25,30567.5,1185,617,568,0,NQ.Z26
2026-09-29,236,30567.5,30571,30565.5,30571,497,241,256,0,NQ.Z26
2026-09-29,237,30571,30578.75,30565.75,30578,618,355,263,0,NQ.Z26
2026-09-29,238,30578.25,30581.25,30562.75,30568,726,277,449,0,NQ.Z26
2026-09-29,239,30568,30572.5,30566.5,30568.25,473,229,244,0,NQ.Z26
2026-09-29,240,30567.75,30572.5,30553.25,30555.5,880,352,528,0,NQ.Z26
2026-09-29,241,30556.25,30566.25,30554,30564,640,385,255,0,NQ.Z26
2026-09-29,242,30564,30569,30559.25,30565.25,406,185,221,0,NQ.Z26
2026-09-29,243,30564.5,30574.5,30562.25,30568.75,386,217,169,0,NQ.Z26
2026-09-29,244,30569,30574.5,30567,30574,392,206,186,0,NQ.Z26
2026-09-29,245,30573.5,30584.75,30573,30578.75,1009,517,492,0,NQ.Z26
2026-09-29,246,30579.25,30579.25,30569.5,30570.5,482,193,289,0,NQ.Z26
2026-09-29,247,30570.75,30572.5,30564,30566.75,361,138,223,0,NQ.Z26
2026-09-29,248,30566.75,30573.25,30561.25,30563,341,164,177,0,NQ.Z26
2026-09-29,249,30562.75,30565,30558,30563.5,342,148,194,0,NQ.Z26
2026-09-29,250,30563.25,30563.5,30556.5,30559.5,498,231,267,0,NQ.Z26
2026-09-29,251,30559.5,30563.75,30551.75,30555,594,239,355,0,NQ.Z26
2026-09-29,252,30554.5,30554.5,30538.75,30542.75,876,369,507,0,NQ.Z26
2026-09-29,253,30543.25,30552.75,30540.75,30552.5,534,319,215,0,NQ.Z26
2026-09-29,254,30552.5,30562.25,30550.75,30559,492,309,183,0,NQ.Z26
2026-09-29,255,30559.75,30568,30559.25,30560.5,513,295,218,0,NQ.Z26
2026-09-29,256,30559.75,30570,30556.5,30557,1016,507,509,0,NQ.Z26
2026-09-29,257,30557.25,30565.5,30554.75,30561.75,408,220,188,0,NQ.Z26
2026-09-29,258,30561.75,30562.75,30551.75,30555.75,612,290,322,0,NQ.Z26
2026-09-29,259,30555.25,30555.5,30547.75,30551.75,590,250,340,0,NQ.Z26
2026-09-29,260,30551.75,30558.25,30548.25,30550,411,202,209,0,NQ.Z26
2026-09-29,261,30548.75,30550.75,30541.25,30542.5,885,479,406,0,NQ.Z26
2026-09-29,262,30542.5,30546,30531.75,30534.75,699,302,397,0,NQ.Z26
2026-09-29,263,30535.25,30537,30520,30525.75,759,364,395,0,NQ.Z26
2026-09-29,264,30525.5,30535.5,30524.25,30532.75,465,259,206,0,NQ.Z26
2026-09-29,265,30532.75,30534.75,30526.25,30527.75,456,210,246,0,NQ.Z26
2026-09-29,266,30527.75,30529.25,30518.75,30521.75,460,191,269,0,NQ.Z26
2026-09-29,267,30521.75,30526.25,30510.25,30513.5,790,347,443,0,NQ.Z26
2026-09-29,268,30513.5,30517.5,30508.25,30511.75,666,344,322,0,NQ.Z26
2026-09-29,269,30511.5,30525,30511.25,30522,1103,576,527,0,NQ.Z26
2026-09-29,270,30522.75,30587.25,30522.5,30577.25,4541,2601,1940,0,NQ.Z26
2026-09-29,271,30576.25,30587.25,30561.5,30563.5,2051,1045,1006,0,NQ.Z26
2026-09-29,272,30563,30579,30563,30574.5,1436,722,714,0,NQ.Z26
2026-09-29,273,30574,30575.75,30556,30569,1081,559,522,0,NQ.Z26
2026-09-29,274,30568.75,30580.25,30562.75,30578.5,1289,686,603,0,NQ.Z26
2026-09-29,275,30579,30593.5,30572.75,30584,1466,821,645,0,NQ.Z26
2026-09-29,276,30584.5,30592.5,30581.25,30588,1164,608,556,0,NQ.Z26
2026-09-29,277,30589.25,30597.75,30568.75,30580.25,1597,813,784,0,NQ.Z26
2026-09-29,278,30580,30586,30570.5,30574.25,673,340,333,0,NQ.Z26
2026-09-29,279,30574.25,30577.75,30551.25,30556.25,1003,384,619,0,NQ.Z26
2026-09-29,280,30556,30569,30556,30559,722,369,353,0,NQ.Z26
2026-09-29,281,30558.5,30560.5,30548.5,30551,580,249,331,0,NQ.Z26
2026-09-29,282,30551.5,30558,30549,30555.75,423,208,215,0,NQ.Z26
2026-09-29,283,30555.75,30581.75,30554.75,30578.5,985,576,409,0,NQ.Z26
2026-09-29,284,30578,30592.5,30578,30589,985,541,444,0,NQ.Z26
2026-09-29,285,30588.5,30591.25,30584.5,30587.25,735,349,386,0,NQ.Z26
2026-09-29,286,30587,30595.75,30586.75,30590.75,901,499,402,0,NQ.Z26
2026-09-29,287,30589,30596.25,30586.25,30590.25,553,279,274,0,NQ.Z26
2026-09-29,288,30589.5,30594.25,30586.75,30593,452,212,240,0,NQ.Z26
2026-09-29,289,30592.75,30600,30589,30594,1247,662,585,0,NQ.Z26
2026-09-29,290,30594.25,30596,30586.5,30594.25,616,278,338,0,NQ.Z26
2026-09-29,291,30593.75,30598,30591,30596.25,823,486,337,0,NQ.Z26
2026-09-29,292,30595.75,30611.25,30593.75,30609.75,905,560,345,0,NQ.Z26
2026-09-29,293,30609.75,30621.75,30602.25,30602.75,1486,713,773,0,NQ.Z26
2026-09-29,294,30602.75,30607,30589,30592,935,438,497,0,NQ.Z26
2026-09-29,295,30592.25,30600.75,30591,30591.25,545,261,284,0,NQ.Z26
2026-09-29,296,30593,30603,30591.75,30597.25,456,245,211,0,NQ.Z26
2026-09-29,297,30597.75,30609.5,30595,30605.75,729,393,336,0,NQ.Z26
2026-09-29,298,30606.25,30620,30606.25,30610.25,1157,592,565,0,NQ.Z26
2026-09-29,299,30610.75,30611.75,30601,30602.75,516,215,301,0,NQ.Z26
2026-09-29,300,30602.5,30626.25,30591.75,30596.75,2358,1203,1155,0,NQ.Z26
2026-09-29,301,30597.25,30600,30581.5,30588.75,1015,413,602,0,NQ.Z26
2026-09-29,302,30588.5,30594.5,30587,30589,535,309,226,0,NQ.Z26
2026-09-29,303,30589.25,30593.5,30580.75,30583.75,417,194,223,0,NQ.Z26
2026-09-29,304,30584,30595.25,30583.75,30593.75,360,201,159,0,NQ.Z26
2026-09-29,305,30593.5,30599.75,30590.25,30598,392,195,197,0,NQ.Z26
2026-09-29,306,30597.25,30606.75,30595.25,30605.5,696,372,324,0,NQ.Z26
2026-09-29,307,30606,30613.5,30604.75,30611,520,252,268,0,NQ.Z26
2026-09-29,308,30610.25,30632.25,30609,30631.75,1183,672,511,0,NQ.Z26
2026-09-29,309,30631.75,30644,30630.5,30642,1706,873,833,0,NQ.Z26
2026-09-29,310,30641.5,30651.25,30638.25,30649.75,1299,701,598,0,NQ.Z26
2026-09-29,311,30649.5,30660.75,30643.5,30648,1347,684,663,0,NQ.Z26
2026-09-29,312,30648.25,30651.5,30639.5,30646,812,399,413,0,NQ.Z26
2026-09-29,313,30646,30646.5,30634,30637.25,802,361,441,0,NQ.Z26
2026-09-29,314,30637.5,30642,30630.25,30639.25,690,373,317,0,NQ.Z26
2026-09-29,315,30639,30647,30637.5,30644.25,741,407,334,0,NQ.Z26
2026-09-29,316,30643.75,30646.25,30639.75,30643,384,187,197,0,NQ.Z26
2026-09-29,317,30642.75,30642.75,30624.5,30629.25,962,404,558,0,NQ.Z26
2026-09-29,318,30630,30637,30628.75,30636.75,549,363,186,0,NQ.Z26
2026-09-29,319,30636.5,30642,30635,30637.75,428,215,213,0,NQ.Z26
2026-09-29,320,30638,30642.5,30634.25,30640,544,318,226,0,NQ.Z26
2026-09-29,321,30640.25,30647.25,30639.5,30645.5,442,264,178,0,NQ.Z26
2026-09-29,322,30645,30651.25,30642.25,30649.25,467,282,185,0,NQ.Z26
2026-09-29,323,30649.25,30651.25,30645.5,30650.25,431,185,246,0,NQ.Z26
2026-09-29,324,30650.25,30650.75,30636.25,30637.75,710,267,443,0,NQ.Z26
2026-09-29,325,30637.75,30642.75,30635,30642.5,515,237,278,0,NQ.Z26
2026-09-29,326,30643,30644.75,30638.5,30639.25,388,175,213,0,NQ.Z26
2026-09-29,327,30639.25,30641.75,30631.25,30636.5,643,274,369,0,NQ.Z26
2026-09-29,328,30636,30653.25,30634.75,30647.5,630,352,278,0,NQ.Z26
2026-09-29,329,30648,30655,30644,30646.5,850,368,482,0,NQ.Z26
2026-09-29,330,30647.75,30654,30645.5,30649.25,737,398,339,0,NQ.Z26
2026-09-29,331,30649,30650,30643.5,30645.75,407,166,241,0,NQ.Z26
2026-09-29,332,30646,30649.75,30642,30646.25,416,217,199,0,NQ.Z26
2026-09-29,333,30646.25,30651,30644.25,30644.75,534,297,237,0,NQ.Z26
2026-09-29,334,30644.75,30654.75,30639.25,30652.25,576,327,249,0,NQ.Z26
2026-09-29,335,30652.5,30654.25,30644.5,30651.5,585,288,297,0,NQ.Z26
2026-09-29,336,30651,30656.5,30647.75,30652.5,499,241,258,0,NQ.Z26
2026-09-29,337,30653.25,30653.5,30645.5,30648,373,162,211,0,NQ.Z26
2026-09-29,338,30648,30652,30643,30646,562,232,330,0,NQ.Z26
2026-09-29,339,30646.75,30649,30639,30639.5,457,217,240,0,NQ.Z26
2026-09-29,340,30639.25,30642,30635.75,30638,535,266,269,0,NQ.Z26
2026-09-29,341,30638.25,30644.75,30636.75,30639.5,422,251,171,0,NQ.Z26
2026-09-29,342,30640,30640.75,30627.25,30630.25,664,277,387,0,NQ.Z26
2026-09-29,343,30630.25,30634.5,30627,30627,486,248,238,0,NQ.Z26
2026-09-29,344,30627.25,30628.25,30615.5,30623,887,341,546,0,NQ.Z26
2026-09-29,345,30623.5,30624.75,30617.5,30620.75,440,236,204,0,NQ.Z26
2026-09-29,346,30620.75,30628,30618.5,30626.5,477,307,170,0,NQ.Z26
2026-09-29,347,30626,30627,30620,30623.75,400,190,210,0,NQ.Z26
2026-09-29,348,30624,30632.75,30623.25,30628,717,453,264,0,NQ.Z26
2026-09-29,349,30628.25,30629.25,30619.75,30627.25,368,195,173,0,NQ.Z26
2026-09-29,350,30627.25,30628,30620.75,30622.5,586,265,321,0,NQ.Z26
2026-09-29,351,30622.25,30634,30622.25,30633.75,478,305,173,0,NQ.Z26
2026-09-29,352,30633.75,30639.5,30631.25,30637.25,771,444,327,0,NQ.Z26
2026-09-29,353,30637.5,30643,30635.75,30638.75,631,328,303,0,NQ.Z26
2026-09-29,354,30638.5,30640.75,30626,30630.75,796,318,478,0,NQ.Z26
2026-09-29,355,30630.5,30635.25,30624.75,30628.75,415,209,206,0,NQ.Z26
2026-09-29,356,30628.25,30634.25,30628,30629,350,190,160,0,NQ.Z26
2026-09-29,357,30628.75,30632.5,30627.5,30631.25,327,176,151,0,NQ.Z26
2026-09-29,358,30632.25,30632.25,30623.25,30626,420,167,253,0,NQ.Z26
2026-09-29,359,30626,30627.5,30622,30625.25,423,220,203,0,NQ.Z26
2026-09-29,360,30625.5,30627.25,30615,30618,748,310,438,0,NQ.Z26
2026-09-29,361,30619.25,30629.75,30618.5,30629.5,474,313,161,0,NQ.Z26
2026-09-29,362,30629.75,30639.75,30628,30636.75,710,439,271,0,NQ.Z26
2026-09-29,363,30636.25,30637,30628.25,30628.75,399,179,220,0,NQ.Z26
2026-09-29,364,30629,30630.75,30626,30630.25,350,169,181,0,NQ.Z26
2026-09-29,365,30629.75,30631.25,30624.25,30624.75,346,148,198,0,NQ.Z26
2026-09-29,366,30625.25,30629.5,30623.75,30627.25,277,172,105,0,NQ.Z26
2026-09-29,367,30627.25,30634.5,30627,30632.75,375,204,171,0,NQ.Z26
2026-09-29,368,30632.5,30635.75,30629.5,30632,405,230,175,0,NQ.Z26
2026-09-29,369,30631.75,30633.5,30623.75,30625.75,352,149,203,0,NQ.Z26
2026-09-29,370,30625.25,30626.25,30618.25,30621.25,526,254,272,0,NQ.Z26
2026-09-29,371,30621.75,30622.75,30612.75,30621,649,305,344,0,NQ.Z26
2026-09-29,372,30621,30621,30615,30615.75,528,287,241,0,NQ.Z26
2026-09-29,373,30616,30616.5,30601.5,30601.75,989,389,600,0,NQ.Z26
2026-09-29,374,30601.5,30607,30599.75,30601.25,790,371,419,0,NQ.Z26
2026-09-29,375,30602,30604.5,30596.25,30600.5,803,376,427,0,NQ.Z26
2026-09-29,376,30601,30608.25,30600,30606,574,338,236,0,NQ.Z26
2026-09-29,377,30606.25,30619.25,30606,30617,816,493,323,0,NQ.Z26
2026-09-29,378,30617.25,30618.25,30610.5,30614.5,442,219,223,0,NQ.Z26
2026-09-29,379,30614.75,30618.25,30612.25,30616.75,554,326,228,0,NQ.Z26
2026-09-29,380,30617.5,30623.75,30609.25,30622.25,1421,680,741,0,NQ.Z26
2026-09-29,381,30622.5,30634.5,30621.75,30628.75,1034,562,472,0,NQ.Z26
2026-09-29,382,30629.25,30638,30623.25,30634.75,889,521,368,0,NQ.Z26
2026-09-29,383,30635,30635,30625.25,30630.75,1404,693,711,0,NQ.Z26
2026-09-29,384,30631,30648,30630.25,30636.25,2224,1214,1010,0,NQ.Z26
2026-09-29,385,30636.5,30637.5,30592.25,30613,2755,1310,1445,0,NQ.Z26
2026-09-29,386,30613.5,30615.5,30594.5,30607.75,1385,728,657,0,NQ.Z26
2026-09-29,387,30607.25,30626.5,30606,30625.25,1351,824,527,0,NQ.Z26
2026-09-29,388,30625.5,30626.5,30612,30615,1541,861,680,0,NQ.Z26
2026-09-29,389,30615.5,30621,30602.75,30617.25,8041,4128,3913,0,NQ.Z26
2026-09-30,0,30699.5,30728,30683,30724,5411,2810,2601,0,NQ.Z26
2026-09-30,1,30724.75,30804.25,30721.25,30795.75,7951,5048,2903,0,NQ.Z26
2026-09-30,2,30796.75,30809.75,30750.25,30758.75,3164,1555,1609,0,NQ.Z26
2026-09-30,3,30758.5,30766,30722.75,30757.5,3709,1763,1946,0,NQ.Z26
2026-09-30,4,30758,30781.5,30757.25,30766.75,2788,1492,1296,0,NQ.Z26
2026-09-30,5,30767.5,30771,30718.75,30729,3373,1381,1992,0,NQ.Z26
2026-09-30,6,30729.25,30760.25,30722.75,30758.75,2722,1430,1292,0,NQ.Z26
2026-09-30,7,30758.75,30769.25,30742.25,30753.25,2429,1214,1215,0,NQ.Z26
2026-09-30,8,30753.25,30754.5,30717.5,30732.25,2698,1260,1438,0,NQ.Z26
2026-09-30,9,30731.75,30768,30728.5,30765,2221,1167,1054,0,NQ.Z26
2026-09-30,10,30765.25,30765.25,30719,30724.5,2267,993,1274,0,NQ.Z26
2026-09-30,11,30724.5,30753.5,30721.75,30750.5,1274,694,580,0,NQ.Z26
2026-09-30,12,30749.75,30767.75,30743.25,30762,1294,692,602,0,NQ.Z26
2026-09-30,13,30762.25,30785.75,30754,30762.25,2087,1116,971,0,NQ.Z26
2026-09-30,14,30762.5,30772.25,30752.5,30768.25,1833,829,1004,0,NQ.Z26
2026-09-30,15,30768.75,30785,30738.25,30739.25,2994,1372,1622,0,NQ.Z26
2026-09-30,16,30739.5,30739.75,30718.75,30726.25,2824,1247,1577,0,NQ.Z26
2026-09-30,17,30726.75,30740.25,30717.75,30734.25,2333,1226,1107,0,NQ.Z26
2026-09-30,18,30735.75,30755.25,30726.25,30732.5,2581,1308,1273,0,NQ.Z26
2026-09-30,19,30733.5,30782.75,30732.75,30770.75,2863,1466,1397,0,NQ.Z26
2026-09-30,20,30770.5,30779,30755.5,30765.25,1818,884,934,0,NQ.Z26
2026-09-30,21,30766,30784.25,30761,30771,1646,834,812,0,NQ.Z26
2026-09-30,22,30770.75,30771,30749,30756.5,2027,835,1192,0,NQ.Z26
2026-09-30,23,30756.25,30762.25,30730,30756.25,2246,1035,1211,0,NQ.Z26
2026-09-30,24,30756,30782,30751.75,30778.75,2139,1133,1006,0,NQ.Z26
2026-09-30,25,30778.5,30803.5,30778,30790.75,2699,1490,1209,0,NQ.Z26
2026-09-30,26,30790.75,30797.5,30786.25,30793.5,1367,696,671,0,NQ.Z26
2026-09-30,27,30794.5,30806.75,30782.5,30797.75,1816,912,904,0,NQ.Z26
2026-09-30,28,30797.5,30802,30783.75,30799.75,1313,657,656,0,NQ.Z26
2026-09-30,29,30799.5,30843.75,30793.75,30841.25,3439,2018,1421,0,NQ.Z26
2026-09-30,30,30840.75,30857,30835.5,30849.25,3644,1883,1761,0,NQ.Z26
2026-09-30,31,30849,30873.75,30849,30865,2508,1277,1231,0,NQ.Z26
2026-09-30,32,30865,30874.5,30862,30863.25,1861,847,1014,0,NQ.Z26
2026-09-30,33,30863.5,30873.25,30853,30870.5,1888,841,1047,0,NQ.Z26
2026-09-30,34,30871,30873.5,30857.25,30863.25,1375,612,763,0,NQ.Z26
2026-09-30,35,30863.75,30877.75,30861.75,30872.5,1491,786,705,0,NQ.Z26
2026-09-30,36,30872,30894.75,30869.5,30880.75,2033,1073,960,0,NQ.Z26
2026-09-30,37,30880.5,30880.75,30859.25,30867.25,1471,642,829,0,NQ.Z26
2026-09-30,38,30866.5,30867.5,30858,30864.25,1063,495,568,0,NQ.Z26
2026-09-30,39,30863.75,30863.75,30845,30853,2053,969,1084,0,NQ.Z26
2026-09-30,40,30852,30856,30828,30829,2290,986,1304,0,NQ.Z26
2026-09-30,41,30829.5,30830.5,30815.25,30820,1769,845,924,0,NQ.Z26
2026-09-30,42,30819,30835.5,30817,30828.75,1287,693,594,0,NQ.Z26
2026-09-30,43,30828.5,30831.5,30812.5,30813.5,1013,443,570,0,NQ.Z26
2026-09-30,44,30813.5,30832.75,30804.75,30830.5,1556,863,693,0,NQ.Z26
2026-09-30,45,30831,30849.5,30827,30835,2008,1124,884,0,NQ.Z26
2026-09-30,46,30834,30842,30827.75,30836.5,1234,579,655,0,NQ.Z26
2026-09-30,47,30835.5,30836.75,30810.25,30829,2032,892,1140,0,NQ.Z26
2026-09-30,48,30829.75,30853.75,30829,30829.75,1681,859,822,0,NQ.Z26
2026-09-30,49,30830.25,30851.25,30828.75,30850.5,1251,699,552,0,NQ.Z26
2026-09-30,50,30849.75,30865.25,30846.25,30857,1553,866,687,0,NQ.Z26
2026-09-30,51,30857.25,30866.75,30853.25,30859.25,932,499,433,0,NQ.Z26
2026-09-30,52,30859.25,30861.5,30839,30843.25,1116,443,673,0,NQ.Z26
2026-09-30,53,30841.5,30852.75,30829.75,30848.75,1272,627,645,0,NQ.Z26
2026-09-30,54,30849.75,30852.5,30828.5,30831,929,371,558,0,NQ.Z26
2026-09-30,55,30830.75,30834.25,30822,30833,1622,806,816,0,NQ.Z26
2026-09-30,56,30832.5,30842,30824.5,30828,972,508,464,0,NQ.Z26
2026-09-30,57,30827.75,30837,30819.25,30836.25,921,513,408,0,NQ.Z26
2026-09-30,58,30836.5,30839,30802,30812.75,1639,699,940,0,NQ.Z26
2026-09-30,59,30812.5,30831,30810.75,30827.25,1295,729,566,0,NQ.Z26
2026-09-30,60,30827.75,30831,30812.75,30826,1436,716,720,0,NQ.Z26
2026-09-30,61,30825.75,30835.5,30812,30832.5,1411,691,720,0,NQ.Z26
2026-09-30,62,30832.75,30845.5,30816.25,30817.75,1294,640,654,0,NQ.Z26
2026-09-30,63,30817.5,30818.75,30803,30811.25,1292,536,756,0,NQ.Z26
2026-09-30,64,30810.25,30811.5,30783,30792.75,2125,890,1235,0,NQ.Z26
2026-09-30,65,30793,30795.75,30783.75,30786.25,1294,646,648,0,NQ.Z26
2026-09-30,66,30786,30799.5,30780.25,30783,1381,668,713,0,NQ.Z26
2026-09-30,67,30782.75,30801.5,30782,30796.25,1113,628,485,0,NQ.Z26
2026-09-30,68,30796.25,30815.75,30784,30812.75,2443,1280,1163,0,NQ.Z26
2026-09-30,69,30812,30820.25,30801.25,30804.5,1257,612,645,0,NQ.Z26
2026-09-30,70,30804.75,30807.25,30782,30806.25,1384,693,691,0,NQ.Z26
2026-09-30,71,30806.75,30816,30789.75,30811.25,1236,635,601,0,NQ.Z26
2026-09-30,72,30810.75,30834.25,30806.25,30831,1244,746,498,0,NQ.Z26
2026-09-30,73,30830.5,30834.25,30801.25,30811.5,2124,867,1257,0,NQ.Z26
2026-09-30,74,30811.25,30820,30794.75,30797,1255,598,657,0,NQ.Z26
2026-09-30,75,30797.5,30823,30792.5,30814.25,1273,723,550,0,NQ.Z26
2026-09-30,76,30814.5,30820.5,30802.5,30811.75,968,460,508,0,NQ.Z26
2026-09-30,77,30812.25,30826.75,30810,30823.5,805,425,380,0,NQ.Z26
2026-09-30,78,30822.75,30839,30821,30837.25,952,556,396,0,NQ.Z26
2026-09-30,79,30837,30854,30834.25,30851,1328,793,535,0,NQ.Z26
2026-09-30,80,30851.5,30853,30836,30838.25,882,356,526,0,NQ.Z26
2026-09-30,81,30838.5,30849.5,30836.5,30840,675,371,304,0,NQ.Z26
2026-09-30,82,30839.5,30852.5,30837.25,30850.75,721,427,294,0,NQ.Z26
2026-09-30,83,30850.5,30864.5,30850,30858.25,1598,811,787,0,NQ.Z26
2026-09-30,84,30859,30881.25,30859,30866.25,2394,1313,1081,0,NQ.Z26
2026-09-30,85,30866.75,30871.5,30857.75,30866,1175,573,602,0,NQ.Z26
2026-09-30,86,30865.75,30876,30857,30869.5,1091,469,622,0,NQ.Z26
2026-09-30,87,30870.25,30882.5,30864.5,30871.5,910,477,433,0,NQ.Z26
2026-09-30,88,30871.75,30873.25,30848.75,30856.5,1406,611,795,0,NQ.Z26
2026-09-30,89,30856.75,30861.5,30842,30843.5,986,454,532,0,NQ.Z26
2026-09-30,90,30844.25,30847.75,30834.75,30839,1410,720,690,0,NQ.Z26
2026-09-30,91,30839,30839.25,30820.5,30832.75,1099,472,627,0,NQ.Z26
2026-09-30,92,30831.75,30842.75,30815.5,30818.5,1055,475,580,0,NQ.Z26
2026-09-30,93,30818,30831,30813.75,30830,1049,595,454,0,NQ.Z26
2026-09-30,94,30830,30840,30818.25,30839,1207,631,576,0,NQ.Z26
2026-09-30,95,30838.75,30839.25,30822.25,30828.75,660,296,364,0,NQ.Z26
2026-09-30,96,30828.5,30835.25,30821,30831.75,903,443,460,0,NQ.Z26
2026-09-30,97,30832.75,30836.5,30813.25,30820.75,1143,543,600,0,NQ.Z26
2026-09-30,98,30821.25,30837.25,30820.25,30834.5,1006,561,445,0,NQ.Z26
2026-09-30,99,30834.75,30852.25,30830.5,30850.25,1035,583,452,0,NQ.Z26
2026-09-30,100,30850.25,30852.25,30839,30848,916,381,535,0,NQ.Z26
2026-09-30,101,30847.75,30854,30830,30834.5,1422,626,796,0,NQ.Z26
2026-09-30,102,30834,30845.75,30815.5,30832,2109,935,1174,0,NQ.Z26
2026-09-30,103,30833,30844,30832,30834,618,320,298,0,NQ.Z26
2026-09-30,104,30833.75,30834.5,30817.25,30827.75,1305,617,688,0,NQ.Z26
2026-09-30,105,30827.25,30845,30825.5,30844.25,801,460,341,0,NQ.Z26
2026-09-30,106,30842.5,30857.5,30841,30853.25,1065,639,426,0,NQ.Z26
2026-09-30,107,30852,30852.75,30840,30843.75,667,293,374,0,NQ.Z26
2026-09-30,108,30843,30843,30829.25,30829.75,803,336,467,0,NQ.Z26
2026-09-30,109,30830.25,30840.5,30829.5,30835.75,452,230,222,0,NQ.Z26
2026-09-30,110,30835.75,30840,30820.75,30822,726,321,405,0,NQ.Z26
2026-09-30,111,30821.75,30823.75,30811.75,30817.25,1287,583,704,0,NQ.Z26
2026-09-30,112,30817.25,30822.25,30806,30807.5,852,402,450,0,NQ.Z26
2026-09-30,113,30808,30819,30806,30818,659,365,294,0,NQ.Z26
2026-09-30,114,30818.25,30825,30814.75,30821.75,724,403,321,0,NQ.Z26
2026-09-30,115,30822.25,30830.5,30816.25,30817,631,315,316,0,NQ.Z26
2026-09-30,116,30816.25,30829.25,30814.25,30821.25,577,307,270,0,NQ.Z26
2026-09-30,117,30820.75,30840.75,30818,30840,800,430,370,0,NQ.Z26
2026-09-30,118,30840,30846.25,30836,30842,726,380,346,0,NQ.Z26
2026-09-30,119,30842.25,30856,30840.75,30856,1429,757,672,0,NQ.Z26
2026-09-30,120,30855.75,30864.25,30852.25,30863.25,1013,529,484,0,NQ.Z26
2026-09-30,121,30863.5,30867.5,30854.5,30866.5,672,338,334,0,NQ.Z26
2026-09-30,122,30866.5,30877,30864.25,30870.5,1334,777,557,0,NQ.Z26
2026-09-30,123,30870.5,30870.75,30860.5,30866.5,759,325,434,0,NQ.Z26
2026-09-30,124,30866.75,30877.75,30855,30859.5,1717,803,914,0,NQ.Z26
2026-09-30,125,30859.5,30870.75,30856.75,30861.75,963,449,514,0,NQ.Z26
2026-09-30,126,30861,30861,30847.75,30852.25,945,410,535,0,NQ.Z26
2026-09-30,127,30852.25,30860.75,30843,30860.5,934,503,431,0,NQ.Z26
2026-09-30,128,30859.5,30865.75,30859,30861.25,476,261,215,0,NQ.Z26
2026-09-30,129,30862.5,30872.25,30861.5,30865.5,564,300,264,0,NQ.Z26
2026-09-30,130,30866.75,30868.25,30859.75,30863.25,629,300,329,0,NQ.Z26
2026-09-30,131,30863.25,30874.25,30860.75,30861.75,904,403,501,0,NQ.Z26
2026-09-30,132,30861.75,30868.5,30859.5,30860.25,609,319,290,0,NQ.Z26
2026-09-30,133,30861.25,30861.5,30836,30836.25,1271,560,711,0,NQ.Z26
2026-09-30,134,30837,30840,30825.25,30833.75,1518,695,823,0,NQ.Z26
2026-09-30,135,30832.25,30840.25,30826.5,30836.5,963,501,462,0,NQ.Z26
2026-09-30,136,30836.75,30839,30828.5,30833.5,823,451,372,0,NQ.Z26
2026-09-30,137,30833.5,30843.25,30831.25,30843,815,436,379,0,NQ.Z26
2026-09-30,138,30842.5,30874.5,30842.5,30869.75,2099,1130,969,0,NQ.Z26
2026-09-30,139,30870,30902.5,30866,30900.5,2123,1360,763,0,NQ.Z26
2026-09-30,140,30900.5,30906,30894,30895.75,1365,604,761,0,NQ.Z26
2026-09-30,141,30896,30899,30879.5,30883.25,919,419,500,0,NQ.Z26
2026-09-30,142,30882.75,30883,30867.5,30870.25,998,404,594,0,NQ.Z26
2026-09-30,143,30870.25,30879.75,30868.5,30876.5,636,341,295,0,NQ.Z26
2026-09-30,144,30876.5,30884.25,30855,30855.75,1127,463,664,0,NQ.Z26
2026-09-30,145,30855.75,30860.5,30846.25,30853.75,1130,516,614,0,NQ.Z26
2026-09-30,146,30853.75,30863,30853.75,30859.25,615,365,250,0,NQ.Z26
2026-09-30,147,30858.5,30872.75,30858.25,30872.5,589,318,271,0,NQ.Z26
2026-09-30,148,30872.5,30875.75,30867,30871.5,658,318,340,0,NQ.Z26
2026-09-30,149,30871.5,30880,30867.75,30879.25,525,249,276,0,NQ.Z26
2026-09-30,150,30878.75,30879.75,30866,30874,1650,735,915,0,NQ.Z26
2026-09-30,151,30873,30879.75,30869,30873.25,470,245,225,0,NQ.Z26
2026-09-30,152,30874,30889,30874,30883,841,520,321,0,NQ.Z26
2026-09-30,153,30883,30884.75,30875.75,30881.75,500,221,279,0,NQ.Z26
2026-09-30,154,30881.5,30883.75,30873,30883,752,362,390,0,NQ.Z26
2026-09-30,155,30883.25,30887.25,30879.75,30881.5,589,265,324,0,NQ.Z26
2026-09-30,156,30881.75,30887,30880,30883.75,491,227,264,0,NQ.Z26
2026-09-30,157,30883.75,30884.75,30875.25,30875.5,590,242,348,0,NQ.Z26
2026-09-30,158,30875.75,30882,30874.25,30881,466,234,232,0,NQ.Z26
2026-09-30,159,30881.25,30884.5,30878.25,30884.5,355,184,171,0,NQ.Z26
2026-09-30,160,30883.5,30888.5,30881,30882.25,454,272,182,0,NQ.Z26
2026-09-30,161,30883.75,30896.75,30880,30887,1051,560,491,0,NQ.Z26
2026-09-30,162,30887.25,30887.75,30871.25,30873.5,684,293,391,0,NQ.Z26
2026-09-30,163,30873.75,30887.75,30870.5,30882.5,507,261,246,0,NQ.Z26
2026-09-30,164,30882,30891,30881.75,30890.25,463,293,170,0,NQ.Z26
2026-09-30,165,30890.75,30893,30879.5,30884,440,173,267,0,NQ.Z26
2026-09-30,166,30883,30884.5,30873.75,30876.5,344,150,194,0,NQ.Z26
2026-09-30,167,30876.75,30878.5,30855.75,30856.5,961,364,597,0,NQ.Z26
2026-09-30,168,30857,30860,30850,30858.75,875,422,453,0,NQ.Z26
2026-09-30,169,30859.5,30867.5,30858.5,30867,557,267,290,0,NQ.Z26
2026-09-30,170,30866.5,30867.75,30857.5,30860.75,533,245,288,0,NQ.Z26
2026-09-30,171,30860.75,30862,30858.25,30859,305,153,152,0,NQ.Z26
2026-09-30,172,30859.75,30869,30859.75,30864.75,329,172,157,0,NQ.Z26
2026-09-30,173,30865,30868.75,30857.5,30866.75,582,311,271,0,NQ.Z26
2026-09-30,174,30866.5,30873.25,30861.25,30863,536,333,203,0,NQ.Z26
2026-09-30,175,30862.5,30866.75,30859.5,30862.25,336,137,199,0,NQ.Z26
2026-09-30,176,30862.75,30865,30857,30859.5,363,138,225,0,NQ.Z26
2026-09-30,177,30860,30860,30853.5,30856.5,528,221,307,0,NQ.Z26
2026-09-30,178,30856.5,30859.5,30850,30852.25,697,280,417,0,NQ.Z26
2026-09-30,179,30852.5,30858.25,30845.25,30846.5,658,304,354,0,NQ.Z26
2026-09-30,180,30846.75,30851.75,30835,30835.5,1201,556,645,0,NQ.Z26
2026-09-30,181,30836.25,30839.75,30830.25,30833,770,386,384,0,NQ.Z26
2026-09-30,182,30833,30837.25,30825.75,30829.25,601,288,313,0,NQ.Z26
2026-09-30,183,30829.5,30833.75,30825.25,30833,667,388,279,0,NQ.Z26
2026-09-30,184,30832.75,30835.75,30826.25,30834.25,602,342,260,0,NQ.Z26
2026-09-30,185,30833.75,30838,30828,30831.25,632,332,300,0,NQ.Z26
2026-09-30,186,30831.75,30834.5,30819.75,30822,814,347,467,0,NQ.Z26
2026-09-30,187,30822,30834,30821,30828.75,634,358,276,0,NQ.Z26
2026-09-30,188,30829.25,30843.5,30826.75,30841.75,665,408,257,0,NQ.Z26
2026-09-30,189,30841.75,30842.25,30833.5,30836.25,446,197,249,0,NQ.Z26
2026-09-30,190,30836.25,30841.25,30832.75,30840.25,378,207,171,0,NQ.Z26
2026-09-30,191,30840.75,30859,30840,30851.75,1111,683,428,0,NQ.Z26
2026-09-30,192,30852.25,30854.5,30843.25,30848.25,686,338,348,0,NQ.Z26
2026-09-30,193,30848.5,30864.25,30847.5,30860,842,508,334,0,NQ.Z26
2026-09-30,194,30860,30866.5,30859,30861.5,589,253,336,0,NQ.Z26
2026-09-30,195,30861.25,30861.25,30847.25,30850,881,380,501,0,NQ.Z26
2026-09-30,196,30850.25,30854,30845.25,30850.75,432,236,196,0,NQ.Z26
2026-09-30,197,30851,30860.5,30851,30853.25,403,223,180,0,NQ.Z26
2026-09-30,198,30852.75,30852.75,30836,30838.25,648,256,392,0,NQ.Z26
2026-09-30,199,30838,30840,30834,30839.5,382,209,173,0,NQ.Z26
2026-09-30,200,30839.75,30847,30837.75,30847,400,248,152,0,NQ.Z26
2026-09-30,201,30847.25,30851,30842,30843.5,442,217,225,0,NQ.Z26
2026-09-30,202,30843.25,30851.75,30840.75,30843.5,353,182,171,0,NQ.Z26
2026-09-30,203,30843,30848.5,30841.5,30844.25,323,167,156,0,NQ.Z26
2026-09-30,204,30844,30846.5,30841.25,30843.25,391,126,265,0,NQ.Z26
2026-09-30,205,30843.75,30849.5,30838.75,30841.75,312,192,120,0,NQ.Z26
2026-09-30,206,30841.5,30845.25,30837.75,30843.75,276,143,133,0,NQ.Z26
2026-09-30,207,30844.25,30856.5,30844,30851.25,524,300,224,0,NQ.Z26
2026-09-30,208,30851.5,30861,30851,30857.5,582,295,287,0,NQ.Z26
2026-09-30,209,30857,30863,30855.5,30861.25,459,242,217,0,NQ.Z26
2026-09-30,210,30860.75,30868.25,30857.25,30862.25,652,355,297,0,NQ.Z26
2026-09-30,211,30861.75,30871,30859.25,30868.25,543,265,278,0,NQ.Z26
2026-09-30,212,30869,30870.25,30861.75,30863.25,389,163,226,0,NQ.Z26
2026-09-30,213,30863.75,30866.5,30858.25,30865,448,216,232,0,NQ.Z26
2026-09-30,214,30865.5,30867.75,30860,30860.25,286,146,140,0,NQ.Z26
2026-09-30,215,30859.75,30868,30857.5,30862.5,430,208,222,0,NQ.Z26
2026-09-30,216,30862.5,30869.5,30860.75,30865.75,576,331,245,0,NQ.Z26
2026-09-30,217,30865.75,30870.25,30862.25,30865.5,317,156,161,0,NQ.Z26
2026-09-30,218,30864.5,30870,30863.25,30868,329,166,163,0,NQ.Z26
2026-09-30,219,30867.5,30869.25,30861.25,30861.75,239,113,126,0,NQ.Z26
2026-09-30,220,30862.5,30864.75,30856,30859,373,155,218,0,NQ.Z26
2026-09-30,221,30859.25,30863.25,30854.25,30856.25,462,259,203,0,NQ.Z26
2026-09-30,222,30856.5,30858.75,30849.25,30849.25,590,226,364,0,NQ.Z26
2026-09-30,223,30849.5,30850.25,30831.5,30833.25,876,417,459,0,NQ.Z26
2026-09-30,224,30833.5,30840.5,30832,30835.5,587,321,266,0,NQ.Z26
2026-09-30,225,30835,30835.5,30809.5,30810,1293,550,743,0,NQ.Z26
2026-09-30,226,30809,30810,30797.75,30808.75,1548,732,816,0,NQ.Z26
2026-09-30,227,30808.75,30817.5,30804.5,30813.25,874,514,360,0,NQ.Z26
2026-09-30,228,30813.25,30813.75,30802.5,30805.5,628,317,311,0,NQ.Z26
2026-09-30,229,30805.75,30810.5,30790.5,30791,826,363,463,0,NQ.Z26
2026-09-30,230,30791,30795.5,30783.5,30791.25,1379,713,666,0,NQ.Z26
2026-09-30,231,30791.5,30808.5,30791.5,30806,993,629,364,0,NQ.Z26
2026-09-30,232,30805.5,30809.75,30794,30799.25,992,485,507,0,NQ.Z26
2026-09-30,233,30798.75,30801.25,30790.75,30797.5,452,232,220,0,NQ.Z26
2026-09-30,234,30797.25,30801,30796.25,30800.25,235,124,111,0,NQ.Z26
2026-09-30,235,30800,30800.25,30785.25,30789.25,765,309,456,0,NQ.Z26
2026-09-30,236,30789.5,30792.5,30760.5,30766.25,1720,680,1040,0,NQ.Z26
2026-09-30,237,30766.75,30781,30763.5,30778,1368,737,631,0,NQ.Z26
2026-09-30,238,30778.25,30785.75,30776,30783.25,538,308,230,0,NQ.Z26
2026-09-30,239,30783.25,30795.5,30783,30788.75,825,494,331,0,NQ.Z26
2026-09-30,240,30789,30797.75,30788.25,30796,653,348,305,0,NQ.Z26
2026-09-30,241,30796.25,30805,30788.75,30803.5,720,400,320,0,NQ.Z26
2026-09-30,242,30803.5,30813.5,30802.75,30813.5,736,431,305,0,NQ.Z26
2026-09-30,243,30812.25,30813,30804,30804.25,413,170,243,0,NQ.Z26
2026-09-30,244,30804.75,30808.25,30797.75,30801.75,686,338,348,0,NQ.Z26
2026-09-30,245,30802.25,30816.25,30802.25,30809.75,547,302,245,0,NQ.Z26
2026-09-30,246,30810.5,30818,30807,30808,636,305,331,0,NQ.Z26
2026-09-30,247,30807.75,30809.5,30799,30799.25,607,221,386,0,NQ.Z26
2026-09-30,248,30800,30812,30798,30811,477,287,190,0,NQ.Z26
2026-09-30,249,30811.25,30824.5,30809.5,30823.5,809,502,307,0,NQ.Z26
2026-09-30,250,30824,30828.25,30820.75,30821.75,662,311,351,0,NQ.Z26
2026-09-30,251,30822.25,30832.5,30818.75,30829.5,681,356,325,0,NQ.Z26
2026-09-30,252,30829.5,30836,30822.5,30834,684,369,315,0,NQ.Z26
2026-09-30,253,30834.75,30837.5,30825.5,30825.75,560,264,296,0,NQ.Z26
2026-09-30,254,30826,30826.5,30817.5,30826.25,603,262,341,0,NQ.Z26
2026-09-30,255,30826.5,30827.5,30816,30822,644,328,316,0,NQ.Z26
2026-09-30,256,30822.5,30826.5,30820,30825.25,401,234,167,0,NQ.Z26
2026-09-30,257,30825.25,30852,30820.75,30835.5,1562,948,614,0,NQ.Z26
2026-09-30,258,30835.25,30853.25,30832,30850.5,735,390,345,0,NQ.Z26
2026-09-30,259,30851,30857,30850,30856.75,978,445,533,0,NQ.Z26
2026-09-30,260,30857,30862.25,30853.5,30854.75,727,326,401,0,NQ.Z26
2026-09-30,261,30854.25,30860,30853.25,30858,437,229,208,0,NQ.Z26
2026-09-30,262,30857.75,30863.75,30848.25,30850,907,378,529,0,NQ.Z26
2026-09-30,263,30850.5,30852.75,30847.25,30852.25,704,364,340,0,NQ.Z26
2026-09-30,264,30852,30855.75,30847,30855.75,466,239,227,0,NQ.Z26
2026-09-30,265,30855,30856.5,30847,30852.25,628,243,385,0,NQ.Z26
2026-09-30,266,30852.5,30859,30851.5,30858,444,270,174,0,NQ.Z26
2026-09-30,267,30857.5,30860.25,30851.25,30854.5,509,205,304,0,NQ.Z26
2026-09-30,268,30854.25,30857.5,30853,30855.25,400,173,227,0,NQ.Z26
2026-09-30,269,30855,30860,30853.75,30856.5,470,213,257,0,NQ.Z26
2026-09-30,270,30856.5,30856.75,30840.5,30841,904,331,573,0,NQ.Z26
2026-09-30,271,30841.25,30845.75,30828.75,30837.75,951,438,513,0,NQ.Z26
2026-09-30,272,30837.25,30841,30835.5,30838.25,515,293,222,0,NQ.Z26
2026-09-30,273,30839.5,30843.5,30836.75,30839.75,450,211,239,0,NQ.Z26
2026-09-30,274,30839,30846.25,30836.5,30843,481,318,163,0,NQ.Z26
2026-09-30,275,30842.75,30847,30835.75,30836,531,251,280,0,NQ.Z26
2026-09-30,276,30835.5,30835.75,30819.25,30822.75,1094,430,664,0,NQ.Z26
2026-09-30,277,30822.75,30830.75,30821.5,30829.25,589,350,239,0,NQ.Z26
2026-09-30,278,30829.5,30835.5,30820,30835,755,417,338,0,NQ.Z26
2026-09-30,279,30835.25,30844,30828.75,30843.5,614,329,285,0,NQ.Z26
2026-09-30,280,30843.5,30845.75,30838.5,30845.25,659,381,278,0,NQ.Z26
2026-09-30,281,30845,30853.75,30843.25,30851.75,644,373,271,0,NQ.Z26
2026-09-30,282,30851,30864.75,30850.25,30859.75,849,542,307,0,NQ.Z26
2026-09-30,283,30860,30861.25,30847.75,30853.25,739,323,416,0,NQ.Z26
2026-09-30,284,30853.5,30860.5,30851.75,30857,586,324,262,0,NQ.Z26
2026-09-30,285,30857,30859.25,30851,30855.25,429,166,263,0,NQ.Z26
2026-09-30,286,30855.25,30858,30847.25,30847.75,482,212,270,0,NQ.Z26
2026-09-30,287,30848.25,30848.75,30837.25,30837.25,675,226,449,0,NQ.Z26
2026-09-30,288,30838,30843.25,30831.25,30842.5,550,296,254,0,NQ.Z26
2026-09-30,289,30842.25,30843.5,30830.5,30833.75,637,282,355,0,NQ.Z26
2026-09-30,290,30834.75,30839.25,30826.75,30831,686,303,383,0,NQ.Z26
2026-09-30,291,30830,30830.5,30816.75,30823.75,1058,550,508,0,NQ.Z26
2026-09-30,292,30824,30827.25,30820.5,30822.75,856,508,348,0,NQ.Z26
2026-09-30,293,30822.75,30825,30816,30823.5,440,230,210,0,NQ.Z26
2026-09-30,294,30824,30825.5,30818.25,30818.75,433,227,206,0,NQ.Z26
2026-09-30,295,30819,30823.75,30810.75,30812,622,253,369,0,NQ.Z26
2026-09-30,296,30810.75,30829,30807.75,30826.5,1291,716,575,0,NQ.Z26
2026-09-30,297,30826.75,30830.25,30821,30823.25,537,209,328,0,NQ.Z26
2026-09-30,298,30822.75,30833.5,30822.75,30831.75,694,416,278,0,NQ.Z26
2026-09-30,299,30831.75,30836.75,30827.5,30832.5,535,280,255,0,NQ.Z26
2026-09-30,300,30832,30837.5,30825.25,30832.25,959,340,619,0,NQ.Z26
2026-09-30,301,30831.75,30833.25,30814,30814.25,947,383,564,0,NQ.Z26
2026-09-30,302,30813.75,30816,30807.25,30810.5,640,311,329,0,NQ.Z26
2026-09-30,303,30810.25,30812.5,30797.5,30800.75,1000,475,525,0,NQ.Z26
2026-09-30,304,30800.75,30802.25,30794.5,30800.75,888,442,446,0,NQ.Z26
2026-09-30,305,30801,30806,30799.5,30800.5,555,315,240,0,NQ.Z26
2026-09-30,306,30800.25,30813.25,30797,30806.25,759,428,331,0,NQ.Z26
2026-09-30,307,30806.5,30813.75,30804,30810.75,499,254,245,0,NQ.Z26
2026-09-30,308,30810.5,30817.5,30806.75,30816.5,464,257,207,0,NQ.Z26
2026-09-30,309,30817,30831.5,30813.75,30827.75,1217,806,411,0,NQ.Z26
2026-09-30,310,30827.5,30829.5,30820.25,30824,605,275,330,0,NQ.Z26
2026-09-30,311,30823.5,30825.5,30821,30824.25,306,159,147,0,NQ.Z26
2026-09-30,312,30824.25,30831.25,30820.75,30830.75,662,355,307,0,NQ.Z26
2026-09-30,313,30831,30834.75,30825,30830,667,320,347,0,NQ.Z26
2026-09-30,314,30829.75,30830.5,30824.5,30825.75,255,118,137,0,NQ.Z26
2026-09-30,315,30825.5,30828,30813.5,30816,562,234,328,0,NQ.Z26
2026-09-30,316,30816,30821,30815.25,30818.5,262,130,132,0,NQ.Z26
2026-09-30,317,30818.25,30822,30813.25,30814.75,308,140,168,0,NQ.Z26
2026-09-30,318,30815,30816.5,30802.25,30804.5,599,271,328,0,NQ.Z26
2026-09-30,319,30804.75,30807.25,30795.5,30802.5,493,254,239,0,NQ.Z26
2026-09-30,320,30802.75,30809.75,30801.75,30805,521,279,242,0,NQ.Z26
2026-09-30,321,30805,30806.25,30794,30798.25,460,187,273,0,NQ.Z26
2026-09-30,322,30798,30803,30796.5,30801.25,464,264,200,0,NQ.Z26
2026-09-30,323,30801,30805.75,30791,30793,693,303,390,0,NQ.Z26
2026-09-30,324,30793,30803.75,30790.5,30800.25,624,369,255,0,NQ.Z26
2026-09-30,325,30800.5,30805.25,30799.25,30802.25,561,297,264,0,NQ.Z26
2026-09-30,326,30802.25,30808.75,30797,30803,548,291,257,0,NQ.Z26
2026-09-30,327,30803,30812.75,30802,30812,556,289,267,0,NQ.Z26
2026-09-30,328,30812.5,30824.25,30808.5,30818.75,822,438,384,0,NQ.Z26
2026-09-30,329,30818.5,30823.25,30811.75,30812,709,293,416,0,NQ.Z26
2026-09-30,330,30812.75,30821.75,30811.25,30821,691,371,320,0,NQ.Z26
2026-09-30,331,30821,30828,30814,30827,606,353,253,0,NQ.Z26
2026-09-30,332,30826.75,30831.75,30824.5,30831,523,296,227,0,NQ.Z26
2026-09-30,333,30831.25,30839.25,30829,30837.5,682,413,269,0,NQ.Z26
2026-09-30,334,30837.25,30844,30836,30843.25,799,417,382,0,NQ.Z26
2026-09-30,335,30843.5,30844.25,30838.25,30841.75,542,262,280,0,NQ.Z26
2026-09-30,336,30842,30845,30839,30840.25,660,333,327,0,NQ.Z26
2026-09-30,337,30840.5,30848.5,30838,30845.5,643,359,284,0,NQ.Z26
2026-09-30,338,30844.75,30855,30844.5,30851.25,850,477,373,0,NQ.Z26
2026-09-30,339,30851.75,30853.75,30844,30853.25,646,309,337,0,NQ.Z26
2026-09-30,340,30853.25,30854.75,30841,30846.5,650,296,354,0,NQ.Z26
2026-09-30,341,30846.25,30852.25,30840,30841,529,220,309,0,NQ.Z26
2026-09-30,342,30841.5,30845.75,30840.5,30845.5,546,271,275,0,NQ.Z26
2026-09-30,343,30844.75,30846.5,30842.75,30844.25,311,166,145,0,NQ.Z26
2026-09-30,344,30844.5,30853.25,30844.25,30848.75,717,403,314,0,NQ.Z26
2026-09-30,345,30849,30849.5,30840.5,30842,545,240,305,0,NQ.Z26
2026-09-30,346,30842.25,30843.5,30837.5,30839.75,592,271,321,0,NQ.Z26
2026-09-30,347,30839,30841,30833,30839.25,606,279,327,0,NQ.Z26
2026-09-30,348,30838.25,30839.75,30831,30838.5,450,239,211,0,NQ.Z26
2026-09-30,349,30838,30845.75,30837,30842.5,537,327,210,0,NQ.Z26
2026-09-30,350,30842.75,30843.5,30833.75,30839.5,521,221,300,0,NQ.Z26
2026-09-30,351,30839,30845,30835.25,30836,449,203,246,0,NQ.Z26
2026-09-30,352,30836.25,30838.75,30833.5,30838,328,187,141,0,NQ.Z26
2026-09-30,353,30838.25,30838.5,30826,30827.25,795,369,426,0,NQ.Z26
2026-09-30,354,30827.75,30834,30825.75,30830,618,322,296,0,NQ.Z26
2026-09-30,355,30829.5,30841,30828.75,30832.5,589,329,260,0,NQ.Z26
2026-09-30,356,30832,30837.75,30831.5,30833.5,431,225,206,0,NQ.Z26
2026-09-30,357,30832.5,30837.75,30831.5,30835.75,380,203,177,0,NQ.Z26
2026-09-30,358,30835.25,30839,30831,30836.5,359,165,194,0,NQ.Z26
2026-09-30,359,30836,30838,30832.5,30833.25,406,231,175,0,NQ.Z26
2026-09-30,360,30833.25,30843,30829,30840,875,503,372,0,NQ.Z26
2026-09-30,361,30840,30845.25,30836.5,30841.5,481,267,214,0,NQ.Z26
2026-09-30,362,30842,30848,30841.25,30843.25,719,431,288,0,NQ.Z26
2026-09-30,363,30843,30843.75,30837.25,30843.5,488,222,266,0,NQ.Z26
2026-09-30,364,30843.5,30849.5,30842.5,30843.5,651,354,297,0,NQ.Z26
2026-09-30,365,30843.25,30858.25,30841.75,30855,1338,876,462,0,NQ.Z26
2026-09-30,366,30855.25,30855.25,30843,30843.75,560,245,315,0,NQ.Z26
2026-09-30,367,30844,30845,30826.75,30831,909,344,565,0,NQ.Z26
2026-09-30,368,30831.5,30837.5,30823.5,30824.25,801,388,413,0,NQ.Z26
2026-09-30,369,30825,30843.5,30821,30838.25,1225,769,456,0,NQ.Z26
2026-09-30,370,30838.25,30841.5,30832.75,30835.75,837,405,432,0,NQ.Z26
2026-09-30,371,30835.75,30838,30824.25,30824.75,572,214,358,0,NQ.Z26
2026-09-30,372,30825,30829.75,30817,30819.75,624,316,308,0,NQ.Z26
2026-09-30,373,30819.75,30829,30813.5,30827,873,502,371,0,NQ.Z26
2026-09-30,374,30827,30834,30825.5,30826.75,619,337,282,0,NQ.Z26
2026-09-30,375,30827.25,30833.5,30822.5,30827.25,1332,695,637,0,NQ.Z26
2026-09-30,376,30826.75,30829.25,30822.5,30825.25,545,258,287,0,NQ.Z26
2026-09-30,377,30825.25,30830.5,30820.5,30823.25,733,417,316,0,NQ.Z26
2026-09-30,378,30823,30842.25,30819.5,30831.75,1502,870,632,0,NQ.Z26
2026-09-30,379,30832.5,30834.25,30824.75,30826.25,882,380,502,0,NQ.Z26
2026-09-30,380,30824.75,30825.25,30780.5,30783.75,3192,1364,1828,0,NQ.Z26
2026-09-30,381,30782.75,30788.25,30770.5,30781.5,2096,1047,1049,0,NQ.Z26
2026-09-30,382,30780.25,30791.75,30771.75,30779,3129,1557,1572,0,NQ.Z26
2026-09-30,383,30778.75,30790.25,30776,30777.75,1642,849,793,0,NQ.Z26
2026-09-30,384,30777.25,30778,30724,30727.75,4311,1888,2423,0,NQ.Z26
2026-09-30,385,30728,30728,30700.25,30725.5,4111,2102,2009,0,NQ.Z26
2026-09-30,386,30725.25,30732,30716,30725.75,2206,989,1217,0,NQ.Z26
2026-09-30,387,30725.5,30741.75,30720,30735.25,2024,1052,972,0,NQ.Z26
2026-09-30,388,30735.5,30736.75,30709.25,30733,2556,1268,1288,0,NQ.Z26
2026-09-30,389,30732.75,30751,30680.75,30692.75,12677,6482,6195,0,NQ.Z26
2026-10-01,0,30797,30830.25,30768,30768,4216,2060,2156,0,NQ.Z26
2026-10-01,1,30770.25,30782.25,30734.25,30754.75,2269,1091,1178,0,NQ.Z26
2026-10-01,2,30757,30803.5,30752,30800,1793,952,841,0,NQ.Z26
2026-10-01,3,30796.25,30855.75,30794.5,30825.5,2114,1148,966,0,NQ.Z26
2026-10-01,4,30825.75,30832.75,30780.25,30809.5,2089,1085,1004,0,NQ.Z26
2026-10-01,5,30808.5,30819.25,30754.75,30772,1543,718,825,0,NQ.Z26
2026-10-01,6,30768.5,30791,30742.25,30788.5,1771,881,890,0,NQ.Z26
2026-10-01,7,30789.75,30832.5,30780.75,30828.5,3672,2015,1657,0,NQ.Z26
2026-10-01,8,30828.75,30840,30805.5,30833.25,2705,1392,1313,0,NQ.Z26
2026-10-01,9,30833.75,30841.25,30796,30802.5,3168,1459,1709,0,NQ.Z26
2026-10-01,10,30803,30815.75,30790.25,30804,2315,1195,1120,0,NQ.Z26
2026-10-01,11,30806,30828.75,30770.75,30772.75,2950,1295,1655,0,NQ.Z26
2026-10-01,12,30772.75,30783.75,30753,30763.25,2517,1188,1329,0,NQ.Z26
2026-10-01,13,30764,30764.75,30745.5,30757.75,2203,1080,1123,0,NQ.Z26
2026-10-01,14,30756.75,30768,30741.5,30759.75,2166,1086,1080,0,NQ.Z26
2026-10-01,15,30759.25,30799,30734.5,30744.75,3934,1879,2055,0,NQ.Z26
2026-10-01,16,30744.5,30759,30731,30740.25,2097,973,1124,0,NQ.Z26
2026-10-01,17,30740.5,30750.5,30721.5,30724.25,2097,961,1136,0,NQ.Z26
2026-10-01,18,30723.75,30751,30713.25,30747,2856,1436,1420,0,NQ.Z26
2026-10-01,19,30747.5,30755.75,30700.5,30708.5,3211,1287,1924,0,NQ.Z26
2026-10-01,20,30709.75,30746.25,30706,30742.75,2455,1344,1111,0,NQ.Z26
2026-10-01,21,30741.5,30745,30703.75,30719,2600,1219,1381,0,NQ.Z26
2026-10-01,22,30719.5,30770.75,30715,30769.5,2581,1483,1098,0,NQ.Z26
2026-10-01,23,30769.5,30782.5,30756.5,30780.75,1985,1020,965,0,NQ.Z26
2026-10-01,24,30780.75,30790,30767.25,30786,1990,1000,990,0,NQ.Z26
2026-10-01,25,30785.75,30800.25,30763.25,30767.5,1756,820,936,0,NQ.Z26
2026-10-01,26,30766.5,30766.5,30730.25,30752.25,1582,789,793,0,NQ.Z26
2026-10-01,27,30751.75,30770.75,30741.25,30770,1641,854,787,0,NQ.Z26
2026-10-01,28,30769.25,30769.75,30751,30754,1211,623,588,0,NQ.Z26
2026-10-01,29,30754.5,30761.5,30742.5,30746,1106,533,573,0,NQ.Z26
2026-10-01,30,30748.5,30754,30677.75,30678,2784,1210,1574,0,NQ.Z26
2026-10-01,31,30676.5,30680.5,30633.25,30639.25,1504,691,813,0,NQ.Z26
2026-10-01,32,30637.25,30640.5,30609.75,30629.5,1613,787,826,0,NQ.Z26
2026-10-01,33,30629.5,30640,30609,30623.5,1175,689,486,0,NQ.Z26
2026-10-01,34,30626.5,30638.75,30618.5,30621.75,1605,845,760,0,NQ.Z26
2026-10-01,35,30621.25,30634.25,30591.25,30610.5,2554,1202,1352,0,NQ.Z26
2026-10-01,36,30611,30629.5,30590,30619.5,2062,1026,1036,0,NQ.Z26
2026-10-01,37,30619,30635.75,30606,30625,1837,942,895,0,NQ.Z26
2026-10-01,38,30624.5,30692.25,30623.75,30676,2000,1196,804,0,NQ.Z26
2026-10-01,39,30676.75,30706,30671.25,30704.25,1201,619,582,0,NQ.Z26
2026-10-01,40,30704.25,30706.75,30682.75,30701,2034,921,1113,0,NQ.Z26
2026-10-01,41,30700.75,30701.75,30663.25,30665.25,1862,832,1030,0,NQ.Z26
2026-10-01,42,30666.5,30691,30650.75,30651.75,1606,783,823,0,NQ.Z26
2026-10-01,43,30652,30653.5,30624,30637,2406,1220,1186,0,NQ.Z26
2026-10-01,44,30637.25,30658.25,30633.75,30657.5,1560,812,748,0,NQ.Z26
2026-10-01,45,30657,30669.25,30636,30640.25,2080,1001,1079,0,NQ.Z26
2026-10-01,46,30640.25,30656.75,30630.75,30647.75,1803,876,927,0,NQ.Z26
2026-10-01,47,30646.75,30660,30633.75,30647,2096,1032,1064,0,NQ.Z26
2026-10-01,48,30647,30647,30618.5,30631.75,2226,1029,1197,0,NQ.Z26
2026-10-01,49,30631.75,30632.5,30594.25,30623.25,2628,1241,1387,0,NQ.Z26
2026-10-01,50,30624,30635.5,30601,30615.25,1691,851,840,0,NQ.Z26
2026-10-01,51,30615.75,30639.75,30603.5,30612.75,2127,1101,1026,0,NQ.Z26
2026-10-01,52,30612,30621,30571.75,30575.5,1755,702,1053,0,NQ.Z26
2026-10-01,53,30576,30606.5,30560.75,30600,2994,1603,1391,0,NQ.Z26
2026-10-01,54,30600.75,30613.25,30589,30600.25,2351,1087,1264,0,NQ.Z26
2026-10-01,55,30601.25,30627,30594.5,30614,2488,1363,1125,0,NQ.Z26
2026-10-01,56,30613.75,30644.25,30606.25,30634,2055,1103,952,0,NQ.Z26
2026-10-01,57,30634.25,30644.5,30615.75,30637.25,2204,1115,1089,0,NQ.Z26
2026-10-01,58,30638.5,30643,30593.75,30616.25,2067,949,1118,0,NQ.Z26
2026-10-01,59,30616.5,30635,30616,30619.75,1713,844,869,0,NQ.Z26
2026-10-01,60,30618.5,30643,30605.5,30637.75,2247,1152,1095,0,NQ.Z26
2026-10-01,61,30636.5,30638,30601.75,30626.75,839,415,424,0,NQ.Z26
2026-10-01,62,30625,30649.5,30617.5,30636.5,779,379,400,0,NQ.Z26
2026-10-01,63,30638,30664.25,30636.75,30657.25,916,475,441,0,NQ.Z26
2026-10-01,64,30658,30684,30648.25,30683.25,1905,1101,804,0,NQ.Z26
2026-10-01,65,30683.25,30686.75,30663.75,30668.25,1562,806,756,0,NQ.Z26
2026-10-01,66,30668.25,30689,30658.25,30686.25,1646,851,795,0,NQ.Z26
2026-10-01,67,30686.5,30697.75,30673.25,30678,1691,799,892,0,NQ.Z26
2026-10-01,68,30678.75,30696.5,30666,30692.25,1624,866,758,0,NQ.Z26
2026-10-01,69,30692.75,30725,30692.75,30717.25,2392,1425,967,0,NQ.Z26
2026-10-01,70,30718,30726.5,30689.75,30697.75,2570,1085,1485,0,NQ.Z26
2026-10-01,71,30697.75,30700.75,30673.75,30687,1177,634,543,0,NQ.Z26
2026-10-01,72,30685.75,30701.5,30679,30694.5,1220,651,569,0,NQ.Z26
2026-10-01,73,30693.75,30705.5,30682.5,30692,1445,717,728,0,NQ.Z26
2026-10-01,74,30692.5,30695,30666.75,30677.75,1709,789,920,0,NQ.Z26
2026-10-01,75,30680,30709.5,30673.75,30706.75,1832,990,842,0,NQ.Z26
2026-10-01,76,30706.25,30712.75,30678.75,30687.75,1128,546,582,0,NQ.Z26
2026-10-01,77,30687.25,30687.25,30660.5,30663.25,1631,798,833,0,NQ.Z26
2026-10-01,78,30663.5,30672,30654.75,30659.75,1652,782,870,0,NQ.Z26
2026-10-01,79,30660,30689.25,30653,30679.75,1802,956,846,0,NQ.Z26
2026-10-01,80,30680.5,30690,30653.75,30665.25,797,370,427,0,NQ.Z26
2026-10-01,81,30665,30677,30643,30643.25,1284,598,686,0,NQ.Z26
2026-10-01,82,30644.25,30650,30614.25,30624,2013,921,1092,0,NQ.Z26
2026-10-01,83,30624,30648.25,30615,30625.75,1713,900,813,0,NQ.Z26
2026-10-01,84,30625.75,30645.25,30610.25,30640.75,2341,1335,1006,0,NQ.Z26
2026-10-01,85,30642,30660,30636.5,30643.25,1315,678,637,0,NQ.Z26
2026-10-01,86,30643,30649.75,30627,30636.25,1400,675,725,0,NQ.Z26
2026-10-01,87,30636.25,30643.75,30622.25,30637.75,1446,707,739,0,NQ.Z26
2026-10-01,88,30638.25,30687.25,30622.5,30631.75,1630,814,816,0,NQ.Z26
2026-10-01,89,30632.25,30639.75,30609,30636,1406,661,745,0,NQ.Z26
2026-10-01,90,30635.75,30638,30614.75,30619.25,1090,555,535,0,NQ.Z26
2026-10-01,91,30617.75,30621,30586.25,30600,1672,699,973,0,NQ.Z26
2026-10-01,92,30600,30611.75,30592.5,30593,1389,732,657,0,NQ.Z26
2026-10-01,93,30593.5,30602.25,30584.25,30592,1837,910,927,0,NQ.Z26
2026-10-01,94,30590.75,30612,30586.75,30602.75,1396,757,639,0,NQ.Z26
2026-10-01,95,30602.75,30620.75,30592.5,30597.5,1472,732,740,0,NQ.Z26
2026-10-01,96,30598.25,30600,30588.5,30594,954,469,485,0,NQ.Z26
2026-10-01,97,30594.5,30607.25,30577,30578.25,1626,757,869,0,NQ.Z26
2026-10-01,98,30577.75,30580,30548.75,30558.25,2954,1319,1635,0,NQ.Z26
2026-10-01,99,30558.25,30575.25,30555.25,30556.75,1784,1022,762,0,NQ.Z26
2026-10-01,100,30556.25,30556.25,30536,30547.75,2852,1428,1424,0,NQ.Z26
2026-10-01,101,30547.75,30573.5,30529.25,30564.5,2247,1196,1051,0,NQ.Z26
2026-10-01,102,30564,30570,30556.5,30566,1388,649,739,0,NQ.Z26
2026-10-01,103,30565.5,30590.75,30565.5,30585.75,1734,984,750,0,NQ.Z26
2026-10-01,104,30585.25,30619,30580.75,30618.25,1909,1046,863,0,NQ.Z26
2026-10-01,105,30617.75,30629.75,30601.75,30620,1770,892,878,0,NQ.Z26
2026-10-01,106,30620.75,30638.25,30620.25,30632.75,1508,836,672,0,NQ.Z26
2026-10-01,107,30632.75,30664.5,30629,30663,2061,1136,925,0,NQ.Z26
2026-10-01,108,30663,30666.25,30639.25,30640.25,1619,762,857,0,NQ.Z26
2026-10-01,109,30640.75,30662.5,30637.75,30654,1606,827,779,0,NQ.Z26
2026-10-01,110,30655,30673,30635.5,30636.75,2800,1222,1578,0,NQ.Z26
2026-10-01,111,30637,30649.5,30624.5,30643,1739,808,931,0,NQ.Z26
2026-10-01,112,30643,30645.25,30630,30636.25,1171,649,522,0,NQ.Z26
2026-10-01,113,30636.25,30645.25,30632,30639.75,899,432,467,0,NQ.Z26
2026-10-01,114,30638.5,30653,30636.5,30642.75,817,414,403,0,NQ.Z26
2026-10-01,115,30643.25,30661.5,30640.5,30653.5,1218,659,559,0,NQ.Z26
2026-10-01,116,30652.75,30665,30642.25,30664.5,1034,535,499,0,NQ.Z26
2026-10-01,117,30664.5,30673,30660.75,30666,1125,603,522,0,NQ.Z26
2026-10-01,118,30666.5,30680.5,30645.5,30646.25,1728,854,874,0,NQ.Z26
2026-10-01,119,30646.5,30650.75,30632.5,30634,1549,756,793,0,NQ.Z26
2026-10-01,120,30635.25,30637,30619.5,30626.25,1949,926,1023,0,NQ.Z26
2026-10-01,121,30626.25,30627,30608.5,30614.5,1592,855,737,0,NQ.Z26
2026-10-01,122,30614.75,30615,30597.75,30597.75,1531,627,904,0,NQ.Z26
2026-10-01,123,30598,30618,30595.25,30599.25,1500,758,742,0,NQ.Z26
2026-10-01,124,30599.75,30604.25,30571,30571.25,2155,978,1177,0,NQ.Z26
2026-10-01,125,30571.5,30575,30557,30557.75,1943,982,961,0,NQ.Z26
2026-10-01,126,30557.5,30581.75,30554.5,30579,2296,1270,1026,0,NQ.Z26
2026-10-01,127,30579.5,30587.75,30574,30586.25,1483,779,704,0,NQ.Z26
2026-10-01,128,30586,30612,30583.5,30605.75,1775,948,827,0,NQ.Z26
2026-10-01,129,30606.25,30627.25,30601.75,30602.75,1344,635,709,0,NQ.Z26
2026-10-01,130,30603,30618.25,30590.75,30592.25,1527,714,813,0,NQ.Z26
2026-10-01,131,30591.5,30598.5,30565.75,30568.75,2041,951,1090,0,NQ.Z26
2026-10-01,132,30570,30583.75,30563.75,30581.5,1346,732,614,0,NQ.Z26
2026-10-01,133,30580.75,30580.75,30550,30554.75,1461,665,796,0,NQ.Z26
2026-10-01,134,30554.5,30568.5,30544.25,30568.25,1789,944,845,0,NQ.Z26
2026-10-01,135,30568,30571.75,30554.75,30570,1354,712,642,0,NQ.Z26
2026-10-01,136,30569.25,30576,30558.25,30560.5,1237,605,632,0,NQ.Z26
2026-10-01,137,30561.25,30577,30557.75,30572,1113,589,524,0,NQ.Z26
2026-10-01,138,30573,30588,30562.25,30585.25,1727,928,799,0,NQ.Z26
2026-10-01,139,30585.75,30593,30574.25,30586.75,983,493,490,0,NQ.Z26
2026-10-01,140,30587,30590.75,30566.5,30568.75,1414,620,794,0,NQ.Z26
2026-10-01,141,30569,30570,30549,30551.75,1689,804,885,0,NQ.Z26
2026-10-01,142,30551.25,30564.25,30546.25,30561,1249,646,603,0,NQ.Z26
2026-10-01,143,30560.75,30560.75,30543.5,30555.5,1368,663,705,0,NQ.Z26
2026-10-01,144,30555.5,30581.25,30552.25,30572.5,1492,709,783,0,NQ.Z26
2026-10-01,145,30571.75,30601.25,30569.75,30601,1463,836,627,0,NQ.Z26
2026-10-01,146,30601.75,30633.5,30590.5,30611.25,2679,1445,1234,0,NQ.Z26
2026-10-01,147,30611.25,30630.5,30603.25,30615.25,1279,638,641,0,NQ.Z26
2026-10-01,148,30616,30618,30592,30600.25,1403,656,747,0,NQ.Z26
2026-10-01,149,30600,30612.75,30595.5,30611.5,903,479,424,0,NQ.Z26
2026-10-01,150,30612.5,30614.25,30580,30611.5,1712,794,918,0,NQ.Z26
2026-10-01,151,30611.25,30621.75,30609.5,30613.75,1187,587,600,0,NQ.Z26
2026-10-01,152,30613.75,30627.75,30606.75,30626.25,1510,834,676,0,NQ.Z26
2026-10-01,153,30626.5,30637,30624.75,30626.75,1270,632,638,0,NQ.Z26
2026-10-01,154,30627.5,30636.5,30620.75,30625.5,1004,434,570,0,NQ.Z26
2026-10-01,155,30624,30626.75,30602.5,30604.75,1387,665,722,0,NQ.Z26
2026-10-01,156,30604.75,30639,30598.25,30634.75,1244,711,533,0,NQ.Z26
2026-10-01,157,30635.5,30640.75,30617,30618.25,769,336,433,0,NQ.Z26
2026-10-01,158,30617.75,30641,30617.75,30629,854,428,426,0,NQ.Z26
2026-10-01,159,30629.25,30630.5,30613.75,30624,686,324,362,0,NQ.Z26
2026-10-01,160,30623.5,30641.5,30622.75,30631.25,913,513,400,0,NQ.Z26
2026-10-01,161,30631.5,30638,30628,30629,1454,425,1029,0,NQ.Z26
2026-10-01,162,30628.25,30633.5,30606.5,30612.75,946,390,556,0,NQ.Z26
2026-10-01,163,30612.75,30613.5,30597.5,30599.75,707,317,390,0,NQ.Z26
2026-10-01,164,30600.75,30602.25,30592.25,30598.5,677,307,370,0,NQ.Z26
2026-10-01,165,30599,30610.5,30593,30605.75,924,513,411,0,NQ.Z26
2026-10-01,166,30606,30620,30600.25,30618.5,790,428,362,0,NQ.Z26
2026-10-01,167,30618.25,30642.25,30609.5,30638.75,1194,643,551,0,NQ.Z26
2026-10-01,168,30639.25,30644,30627.75,30629,1104,520,584,0,NQ.Z26
2026-10-01,169,30629,30629.75,30613.5,30617.5,750,344,406,0,NQ.Z26
2026-10-01,170,30617.25,30620,30602.5,30613.5,740,324,416,0,NQ.Z26
2026-10-01,171,30614.25,30619.25,30610.25,30613.75,367,199,168,0,NQ.Z26
2026-10-01,172,30613.75,30621.75,30610,30619,565,298,267,0,NQ.Z26
2026-10-01,173,30619.25,30619.5,30605.75,30619.5,645,319,326,0,NQ.Z26
2026-10-01,174,30618.5,30637.5,30615,30632.25,859,491,368,0,NQ.Z26
2026-10-01,175,30632.25,30634.5,30621.25,30629.5,738,358,380,0,NQ.Z26
2026-10-01,176,30629.25,30634,30621.25,30621.5,496,200,296,0,NQ.Z26
2026-10-01,177,30621.75,30637.75,30619.5,30634,672,310,362,0,NQ.Z26
2026-10-01,178,30635.5,30636.25,30618,30623.5,654,305,349,0,NQ.Z26
2026-10-01,179,30623.25,30623.25,30609.25,30611.25,754,350,404,0,NQ.Z26
2026-10-01,180,30610.75,30633.75,30606.75,30629.75,998,518,480,0,NQ.Z26
2026-10-01,181,30630.75,30643.25,30630.75,30640.75,797,431,366,0,NQ.Z26
2026-10-01,182,30640.75,30659,30638.5,30655.75,944,566,378,0,NQ.Z26
2026-10-01,183,30655.75,30659.5,30651.75,30653.25,1188,672,516,0,NQ.Z26
2026-10-01,184,30653.25,30661.25,30646.75,30657,702,339,363,0,NQ.Z26
2026-10-01,185,30656.5,30663,30653.75,30660.25,640,343,297,0,NQ.Z26
2026-10-01,186,30660.5,30663.75,30651.5,30663.5,738,406,332,0,NQ.Z26
2026-10-01,187,30663.75,30673.75,30648.75,30650,897,446,451,0,NQ.Z26
2026-10-01,188,30649.5,30649.5,30625,30634,1163,491,672,0,NQ.Z26
2026-10-01,189,30633.5,30639,30624.75,30629.25,738,344,394,0,NQ.Z26
2026-10-01,190,30629.75,30641.25,30627,30637,644,330,314,0,NQ.Z26
2026-10-01,191,30636.5,30636.5,30621.25,30623.25,652,313,339,0,NQ.Z26
2026-10-01,192,30622.5,30638.25,30614.25,30632.25,849,411,438,0,NQ.Z26
2026-10-01,193,30633,30649.25,30631.75,30643,818,494,324,0,NQ.Z26
2026-10-01,194,30643,30644.5,30631.25,30640.25,456,221,235,0,NQ.Z26
2026-10-01,195,30639.5,30648.25,30634.5,30642.5,520,249,271,0,NQ.Z26
2026-10-01,196,30642,30648,30637.75,30643.5,494,260,234,0,NQ.Z26
2026-10-01,197,30643.75,30650.5,30638,30646.5,511,274,237,0,NQ.Z26
2026-10-01,198,30646,30660.75,30643.25,30648,667,334,333,0,NQ.Z26
2026-10-01,199,30648.5,30649.5,30638.25,30642.5,595,227,368,0,NQ.Z26
2026-10-01,200,30642,30649.75,30628.75,30635.5,919,411,508,0,NQ.Z26
2026-10-01,201,30636,30638.25,30611.25,30616.25,938,425,513,0,NQ.Z26
2026-10-01,202,30617,30621.25,30613,30619.5,695,342,353,0,NQ.Z26
2026-10-01,203,30621,30623.25,30603,30605.25,850,421,429,0,NQ.Z26
2026-10-01,204,30604,30604.25,30587.5,30592,1214,554,660,0,NQ.Z26
2026-10-01,205,30591,30597,30569.25,30570,1526,653,873,0,NQ.Z26
2026-10-01,206,30570.25,30574,30555.75,30566.75,1863,993,870,0,NQ.Z26
2026-10-01,207,30566.5,30580.75,30564.25,30579.75,1322,836,486,0,NQ.Z26
2026-10-01,208,30580,30584,30573,30583.25,635,322,313,0,NQ.Z26
2026-10-01,209,30583,30599,30581,30595.25,782,461,321,0,NQ.Z26
2026-10-01,210,30595.25,30602.75,30589,30594,967,458,509,0,NQ.Z26
2026-10-01,211,30592.75,30607.75,30589.75,30607.75,1171,633,538,0,NQ.Z26
2026-10-01,212,30607.75,30637.25,30607,30634.75,1250,717,533,0,NQ.Z26
2026-10-01,213,30634.5,30637.5,30620,30623.75,826,363,463,0,NQ.Z26
2026-10-01,214,30624,30644.25,30617.75,30641.25,866,480,386,0,NQ.Z26
2026-10-01,215,30641.5,30651.75,30639.25,30645.25,898,466,432,0,NQ.Z26
2026-10-01,216,30645.75,30657.25,30643.25,30648.25,981,440,541,0,NQ.Z26
2026-10-01,217,30648.25,30652,30642.25,30649.5,686,296,390,0,NQ.Z26
2026-10-01,218,30649.25,30656.75,30644.25,30647,604,297,307,0,NQ.Z26
2026-10-01,219,30646.75,30647.5,30635.75,30642.25,762,355,407,0,NQ.Z26
2026-10-01,220,30642.5,30652.5,30640,30649.25,819,418,401,0,NQ.Z26
2026-10-01,221,30649.5,30665.5,30648.5,30663.75,992,541,451,0,NQ.Z26
2026-10-01,222,30664.5,30674.25,30658.75,30660.5,988,504,484,0,NQ.Z26
2026-10-01,223,30660.25,30675.25,30655.5,30672.75,806,406,400,0,NQ.Z26
2026-10-01,224,30673.5,30684,30661.75,30663,960,520,440,0,NQ.Z26
2026-10-01,225,30662.75,30673,30659.25,30669.75,828,417,411,0,NQ.Z26
2026-10-01,226,30670.5,30678,30666.75,30676.5,601,303,298,0,NQ.Z26
2026-10-01,227,30676.5,30689.25,30675,30687,832,428,404,0,NQ.Z26
2026-10-01,228,30687.5,30693.25,30683.25,30692.5,813,398,415,0,NQ.Z26
2026-10-01,229,30693.5,30710.75,30693.5,30702.5,1828,1012,816,0,NQ.Z26
2026-10-01,230,30702.75,30729.25,30702,30725,1568,879,689,0,NQ.Z26
2026-10-01,231,30725.75,30729.75,30714,30728.5,1152,509,643,0,NQ.Z26
2026-10-01,232,30728.75,30751.75,30725,30751.25,1370,778,592,0,NQ.Z26
2026-10-01,233,30751.25,30762.25,30747,30759.75,1621,749,872,0,NQ.Z26
2026-10-01,234,30759.75,30784,30752.75,30782.75,2279,1131,1148,0,NQ.Z26
2026-10-01,235,30782.75,30804.75,30780.5,30788.25,3574,1758,1816,0,NQ.Z26
2026-10-01,236,30788.5,30789,30771.25,30786.5,1802,807,995,0,NQ.Z26
2026-10-01,237,30786.5,30795.5,30777.5,30791.75,1408,739,669,0,NQ.Z26
2026-10-01,238,30792.25,30802.75,30787.75,30794.5,1705,985,720,0,NQ.Z26
2026-10-01,239,30795,30807.25,30784.5,30798.75,1666,836,830,0,NQ.Z26
2026-10-01,240,30798.5,30866,30798,30843.25,3764,2205,1559,0,NQ.Z26
2026-10-01,241,30846.75,30857,30834.25,30852.5,2259,1047,1212,0,NQ.Z26
2026-10-01,242,30852,30862,30823.25,30831.75,2405,1166,1239,0,NQ.Z26
2026-10-01,243,30830.75,30846,30827.5,30838,1569,822,747,0,NQ.Z26
2026-10-01,244,30838,30850.5,30833.75,30843,1444,700,744,0,NQ.Z26
2026-10-01,245,30844.25,30845.25,30819,30820.25,1431,653,778,0,NQ.Z26
2026-10-01,246,30820.75,30834.75,30813.75,30833.25,1394,686,708,0,NQ.Z26
2026-10-01,247,30832.75,30835.25,30820.5,30825.25,931,442,489,0,NQ.Z26
2026-10-01,248,30826.25,30833,30815.5,30824.75,1101,478,623,0,NQ.Z26
2026-10-01,249,30824.5,30830,30818.75,30820,656,317,339,0,NQ.Z26
2026-10-01,250,30820.25,30829,30811.5,30824.5,1072,496,576,0,NQ.Z26
2026-10-01,251,30823.25,30827.25,30811.25,30826,1076,598,478,0,NQ.Z26
2026-10-01,252,30825,30840,30824.25,30839,1252,704,548,0,NQ.Z26
2026-10-01,253,30839,30846,30834.5,30837.25,1191,591,600,0,NQ.Z26
2026-10-01,254,30837.5,30850.25,30835.5,30849.5,841,461,380,0,NQ.Z26
2026-10-01,255,30849.5,30869,30846,30868,1982,1139,843,0,NQ.Z26
2026-10-01,256,30867.75,30878.5,30852.75,30876,2020,1016,1004,0,NQ.Z26
2026-10-01,257,30876.25,30883.5,30859.5,30862.25,1632,606,1026,0,NQ.Z26
2026-10-01,258,30861.5,30863,30847.5,30852,1041,462,579,0,NQ.Z26
2026-10-01,259,30851.75,30861,30842.5,30843.5,1056,520,536,0,NQ.Z26
2026-10-01,260,30844,30848.25,30829.25,30831.5,1566,736,830,0,NQ.Z26
2026-10-01,261,30831.5,30843.25,30827.75,30840,831,449,382,0,NQ.Z26
2026-10-01,262,30839.5,30853,30837.25,30851.25,883,522,361,0,NQ.Z26
2026-10-01,263,30851.25,30851.25,30841.25,30845.25,576,301,275,0,NQ.Z26
2026-10-01,264,30845.25,30848.75,30805.25,30808.75,2557,1154,1403,0,NQ.Z26
2026-10-01,265,30811,30822,30795.5,30813.25,1112,532,580,0,NQ.Z26
2026-10-01,266,30813.5,30824.25,30788,30801.25,1563,691,872,0,NQ.Z26
2026-10-01,267,30802,30802.5,30778.75,30781.25,1935,980,955,0,NQ.Z26
2026-10-01,268,30781.75,30795.5,30781.75,30786.25,1229,682,547,0,NQ.Z26
2026-10-01,269,30786,30799.5,30775,30794.75,1664,878,786,0,NQ.Z26
2026-10-01,270,30794.75,30803.75,30765.5,30771,2567,1192,1375,0,NQ.Z26
2026-10-01,271,30771,30784,30758.75,30783.25,2203,1181,1022,0,NQ.Z26
2026-10-01,272,30782.5,30787,30774.25,30784.75,1580,863,717,0,NQ.Z26
2026-10-01,273,30785.25,30791.75,30766.75,30768,1273,628,645,0,NQ.Z26
2026-10-01,274,30768.25,30773.75,30752,30759,1248,540,708,0,NQ.Z26
2026-10-01,275,30758.5,30761.75,30726.25,30730,2013,879,1134,0,NQ.Z26
2026-10-01,276,30730.5,30733.5,30707,30710.5,1877,845,1032,0,NQ.Z26
2026-10-01,277,30710.75,30723.5,30705,30722.5,1639,851,788,0,NQ.Z26
2026-10-01,278,30721.75,30726,30707.5,30710,1104,534,570,0,NQ.Z26
2026-10-01,279,30710,30727.25,30706.5,30717.75,1272,708,564,0,NQ.Z26
2026-10-01,280,30718.25,30730,30706.75,30714.5,1344,605,739,0,NQ.Z26
2026-10-01,281,30714.75,30725,30712.5,30716.25,1142,623,519,0,NQ.Z26
2026-10-01,282,30716.75,30736.75,30715.5,30735.75,1600,880,720,0,NQ.Z26
2026-10-01,283,30735,30762.75,30734.25,30755.75,2118,1101,1017,0,NQ.Z26
2026-10-01,284,30755.75,30756,30732.75,30741,995,410,585,0,NQ.Z26
2026-10-01,285,30741.5,30759.25,30738.25,30740.25,1336,589,747,0,NQ.Z26
2026-10-01,286,30740.75,30747.75,30733.5,30739.5,775,387,388,0,NQ.Z26
2026-10-01,287,30738.75,30747.5,30737,30744.5,515,241,274,0,NQ.Z26
2026-10-01,288,30744.25,30772.75,30743.75,30769.75,1050,623,427,0,NQ.Z26
2026-10-01,289,30769.25,30769.25,30746.75,30748.75,1021,368,653,0,NQ.Z26
2026-10-01,290,30748.5,30751.25,30739,30746.75,655,302,353,0,NQ.Z26
2026-10-01,291,30747.25,30756,30746,30755,500,280,220,0,NQ.Z26
2026-10-01,292,30753.75,30760.5,30732.75,30756,1891,862,1029,0,NQ.Z26
2026-10-01,293,30755.25,30793,30753,30790.5,3466,2230,1236,0,NQ.Z26
2026-10-01,294,30790,30798.5,30781.5,30783.25,1415,651,764,0,NQ.Z26
2026-10-01,295,30783,30791.25,30771.5,30789,966,509,457,0,NQ.Z26
2026-10-01,296,30789.5,30795,30779,30784.25,858,406,452,0,NQ.Z26
2026-10-01,297,30784.5,30785.5,30775.25,30784.25,690,291,399,0,NQ.Z26
2026-10-01,298,30784.75,30803.5,30783,30794,961,493,468,0,NQ.Z26
2026-10-01,299,30793.75,30809,30792.5,30800.5,1191,645,546,0,NQ.Z26
2026-10-01,300,30800.75,30807.5,30782.25,30786,1094,424,670,0,NQ.Z26
2026-10-01,301,30785.5,30791.25,30782.5,30782.5,478,226,252,0,NQ.Z26
2026-10-01,302,30783,30801,30778.75,30795.75,626,324,302,0,NQ.Z26
2026-10-01,303,30796.5,30806.75,30796,30806.25,602,308,294,0,NQ.Z26
2026-10-01,304,30806,30839.25,30800.75,30836.75,2599,1726,873,0,NQ.Z26
2026-10-01,305,30837,30841.75,30824.25,30830.75,1728,848,880,0,NQ.Z26
2026-10-01,306,30830.75,30831.5,30817.25,30830,886,456,430,0,NQ.Z26
2026-10-01,307,30829.75,30830.25,30813,30815.25,650,268,382,0,NQ.Z26
2026-10-01,308,30814.75,30816.25,30802.25,30805.5,624,240,384,0,NQ.Z26
2026-10-01,309,30804.75,30814.5,30804.5,30811.25,490,288,202,0,NQ.Z26
2026-10-01,310,30811.25,30814,30803.75,30808.25,431,215,216,0,NQ.Z26
2026-10-01,311,30809,30816.75,30806,30808.5,446,212,234,0,NQ.Z26
2026-10-01,312,30808,30810.75,30794.75,30800.75,817,326,491,0,NQ.Z26
2026-10-01,313,30800.5,30800.75,30792.5,30795.75,540,303,237,0,NQ.Z26
2026-10-01,314,30796.25,30807.25,30795.25,30806.5,467,226,241,0,NQ.Z26
2026-10-01,315,30807,30810.25,30801,30805,407,244,163,0,NQ.Z26
2026-10-01,316,30805.25,30814.75,30801.75,30813,455,224,231,0,NQ.Z26
2026-10-01,317,30813.5,30819.25,30812.75,30817.75,556,309,247,0,NQ.Z26
2026-10-01,318,30817.75,30818.25,30813,30815,355,188,167,0,NQ.Z26
2026-10-01,319,30815.5,30821.25,30813.5,30816.25,466,242,224,0,NQ.Z26
2026-10-01,320,30817.5,30823.5,30812,30814.75,758,453,305,0,NQ.Z26
2026-10-01,321,30814.25,30815.25,30806,30813,536,221,315,0,NQ.Z26
2026-10-01,322,30813.25,30824.25,30813,30819,622,366,256,0,NQ.Z26
2026-10-01,323,30819,30827,30818.5,30826,496,292,204,0,NQ.Z26
2026-10-01,324,30826.25,30831.25,30820.5,30822.25,635,352,283,0,NQ.Z26
2026-10-01,325,30822.5,30828,30815.5,30826.75,915,469,446,0,NQ.Z26
2026-10-01,326,30826,30832.25,30822.75,30825.25,482,225,257,0,NQ.Z26
2026-10-01,327,30825.5,30828.75,30819.5,30824.25,387,184,203,0,NQ.Z26
2026-10-01,328,30824,30834.75,30823,30834.5,1065,612,453,0,NQ.Z26
2026-10-01,329,30834.5,30841.25,30829.75,30839.75,1185,691,494,0,NQ.Z26
2026-10-01,330,30840.5,30850.75,30829.75,30831.25,1576,771,805,0,NQ.Z26
2026-10-01,331,30830.75,30832,30819,30820.25,768,321,447,0,NQ.Z26
2026-10-01,332,30820,30824,30810.5,30811.5,669,301,368,0,NQ.Z26
2026-10-01,333,30811.5,30812,30799,30802,1070,462,608,0,NQ.Z26
2026-10-01,334,30802,30811.5,30796.5,30811,815,464,351,0,NQ.Z26
2026-10-01,335,30811,30813.75,30806.5,30808.5,687,312,375,0,NQ.Z26
2026-10-01,336,30808.75,30808.75,30795.25,30798.75,535,254,281,0,NQ.Z26
2026-10-01,337,30799.25,30807.5,30794.75,30805.25,515,295,220,0,NQ.Z26
2026-10-01,338,30805,30811.75,30803.5,30809.75,413,253,160,0,NQ.Z26
2026-10-01,339,30810.25,30815,30807.25,30813.25,365,209,156,0,NQ.Z26
2026-10-01,340,30813.5,30823,30809.75,30810,605,358,247,0,NQ.Z26
2026-10-01,341,30810,30813,30802.5,30806,467,198,269,0,NQ.Z26
2026-10-01,342,30808.25,30808.75,30801.25,30801.25,276,116,160,0,NQ.Z26
2026-10-01,343,30801.75,30804.5,30797,30802.5,440,214,226,0,NQ.Z26
2026-10-01,344,30802.75,30802.75,30796.75,30800,300,140,160,0,NQ.Z26
2026-10-01,345,30800,30804.75,30794,30802.25,559,301,258,0,NQ.Z26
2026-10-01,346,30802.25,30804.75,30797,30799.25,372,228,144,0,NQ.Z26
2026-10-01,347,30799.5,30801,30786.75,30789.5,461,214,247,0,NQ.Z26
2026-10-01,348,30789.75,30797.5,30788,30797.25,421,208,213,0,NQ.Z26
2026-10-01,349,30797,30807,30796.75,30803.5,477,273,204,0,NQ.Z26
2026-10-01,350,30804,30805.5,30795,30803.75,343,167,176,0,NQ.Z26
2026-10-01,351,30804,30811.75,30803.25,30807.25,408,228,180,0,NQ.Z26
2026-10-01,352,30807,30808.25,30801.25,30802.75,359,183,176,0,NQ.Z26
2026-10-01,353,30803,30807.75,30800,30803,215,116,99,0,NQ.Z26
2026-10-01,354,30803,30806.25,30791.5,30793.5,467,201,266,0,NQ.Z26
2026-10-01,355,30794,30802,30792.5,30802,440,270,170,0,NQ.Z26
2026-10-01,356,30802.75,30808.25,30801.25,30803.25,365,192,173,0,NQ.Z26
2026-10-01,357,30802.5,30803.25,30794.75,30797.75,367,147,220,0,NQ.Z26
2026-10-01,358,30798,30808,30797.75,30807,333,178,155,0,NQ.Z26
2026-10-01,359,30806.25,30808.75,30800,30804,418,229,189,0,NQ.Z26
2026-10-01,360,30804.25,30813.5,30802,30808.5,827,469,358,0,NQ.Z26
2026-10-01,361,30808.5,30825.25,30808.5,30814,1010,504,506,0,NQ.Z26
2026-10-01,362,30814,30815.5,30803.5,30808.75,704,355,349,0,NQ.Z26
2026-10-01,363,30808.75,30809.75,30802.5,30804.75,424,187,237,0,NQ.Z26
2026-10-01,364,30805,30806.5,30788.25,30796.25,721,282,439,0,NQ.Z26
2026-10-01,365,30796,30800,30789.75,30795.5,551,283,268,0,NQ.Z26
2026-10-01,366,30794.75,30794.75,30788,30791,574,273,301,0,NQ.Z26
2026-10-01,367,30791.5,30799,30789.75,30796.25,387,218,169,0,NQ.Z26
2026-10-01,368,30796.75,30810,30796.75,30808.75,477,293,184,0,NQ.Z26
2026-10-01,369,30809.25,30817.5,30807.75,30812.25,485,289,196,0,NQ.Z26
2026-10-01,370,30812.5,30820.75,30809.5,30820,551,328,223,0,NQ.Z26
2026-10-01,371,30821.25,30826,30817.5,30820,483,234,249,0,NQ.Z26
2026-10-01,372,30820,30821.75,30809.5,30809.75,600,226,374,0,NQ.Z26
2026-10-01,373,30810.25,30817.5,30807.5,30814,515,286,229,0,NQ.Z26
2026-10-01,374,30814.5,30814.75,30809.75,30810,270,143,127,0,NQ.Z26
2026-10-01,375,30809.5,30822.5,30806.5,30821.5,873,447,426,0,NQ.Z26
2026-10-01,376,30821.25,30835,30818.25,30830.25,1041,611,430,0,NQ.Z26
2026-10-01,377,30830.5,30831.5,30818.5,30821,493,212,281,0,NQ.Z26
2026-10-01,378,30820.25,30825.25,30819.75,30824,388,192,196,0,NQ.Z26
2026-10-01,379,30824,30827.5,30822.5,30826.25,585,278,307,0,NQ.Z26
2026-10-01,380,30826,30851,30822.75,30843.5,2229,1235,994,0,NQ.Z26
2026-10-01,381,30843,30856.5,30841.75,30843.25,1508,810,698,0,NQ.Z26
2026-10-01,382,30842.75,30847.5,30832.25,30836.5,1257,568,689,0,NQ.Z26
2026-10-01,383,30836.25,30840.75,30827.75,30828.25,888,478,410,0,NQ.Z26
2026-10-01,384,30827.75,30835,30800.25,30803.25,2282,1049,1233,0,NQ.Z26
2026-10-01,385,30803,30803.25,30774,30784.25,3060,1534,1526,0,NQ.Z26
2026-10-01,386,30783.75,30788.25,30774,30780.5,1170,495,675,0,NQ.Z26
2026-10-01,387,30780.25,30788.25,30779.5,30782.5,1101,597,504,0,NQ.Z26
2026-10-01,388,30782.25,30784,30765.75,30768.25,1850,776,1074,0,NQ.Z26
2026-10-01,389,30768,30777.5,30747.75,30772.75,10071,5000,5071,0,NQ.Z26
2026-10-02,0,31147.75,31156,31095.75,31098.25,3560,1670,1890,0,NQ.Z26
2026-10-02,1,31094,31096.75,31056.75,31062,1994,978,1016,0,NQ.Z26
2026-10-02,2,31062.5,31094.5,31056.75,31094.5,2090,1149,941,0,NQ.Z26
2026-10-02,3,31095.25,31104.25,31083.75,31092,1463,714,749,0,NQ.Z26
2026-10-02,4,31091.75,31147.5,31091,31145,2397,1362,1035,0,NQ.Z26
2026-10-02,5,31145.5,31153,31109.5,31114.75,1613,764,849,0,NQ.Z26
2026-10-02,6,31115.25,31127.25,31099.25,31126.75,1519,698,821,0,NQ.Z26
2026-10-02,7,31126.5,31145.25,31121.5,31141.5,1101,572,529,0,NQ.Z26
2026-10-02,8,31141.75,31141.75,31113.5,31120,1077,478,599,0,NQ.Z26
2026-10-02,9,31120,31129.5,31093.5,31125.25,2073,946,1127,0,NQ.Z26
2026-10-02,10,31125,31126,31110.5,31116.25,1447,664,783,0,NQ.Z26
2026-10-02,11,31114.5,31131.75,31094.5,31127,2043,992,1051,0,NQ.Z26
2026-10-02,12,31129,31150.25,31122.25,31147,1435,812,623,0,NQ.Z26
2026-10-02,13,31145.5,31181.75,31144.75,31162.75,1562,818,744,0,NQ.Z26
2026-10-02,14,31162.5,31178.5,31147.25,31177.75,1729,873,856,0,NQ.Z26
2026-10-02,15,31177.25,31198.25,31175.75,31178.5,2439,1180,1259,0,NQ.Z26
2026-10-02,16,31178.25,31186.5,31169.75,31181.5,1892,808,1084,0,NQ.Z26
2026-10-02,17,31181.5,31197.5,31179.75,31192.25,1546,744,802,0,NQ.Z26
2026-10-02,18,31192.25,31194,31154.5,31187.75,2879,1214,1665,0,NQ.Z26
2026-10-02,19,31187.5,31197.5,31164.25,31177.5,2372,1046,1326,0,NQ.Z26
2026-10-02,20,31177.75,31194,31169.75,31185.5,1622,821,801,0,NQ.Z26
2026-10-02,21,31185.75,31189,31163,31177.25,1796,816,980,0,NQ.Z26
2026-10-02,22,31178,31194.75,31177.25,31187.5,1577,804,773,0,NQ.Z26
2026-10-02,23,31186.25,31195.75,31179.5,31187,1485,698,787,0,NQ.Z26
2026-10-02,24,31187.75,31201.5,31157.75,31160.25,2419,1146,1273,0,NQ.Z26
2026-10-02,25,31160.25,31160.25,31120.5,31136.5,3386,1448,1938,0,NQ.Z26
2026-10-02,26,31137.5,31140.5,31113,31125,2506,1110,1396,0,NQ.Z26
2026-10-02,27,31123.5,31174.5,31106.5,31162.25,2725,1502,1223,0,NQ.Z26
2026-10-02,28,31161,31194,31159,31192.75,1215,641,574,0,NQ.Z26
2026-10-02,29,31193,31193,31167.75,31185,1069,535,534,0,NQ.Z26
2026-10-02,30,31185.75,31189.5,31157,31175.5,1823,861,962,0,NQ.Z26
2026-10-02,31,31176,31214,31171.75,31202,2097,1230,867,0,NQ.Z26
2026-10-02,32,31202.25,31234,31201.5,31225,1949,1127,822,0,NQ.Z26
2026-10-02,33,31225,31237,31216.75,31233.25,1592,817,775,0,NQ.Z26
2026-10-02,34,31234.25,31252.75,31225,31250,2264,1229,1035,0,NQ.Z26
2026-10-02,35,31249.25,31259.5,31232.5,31233.75,2318,1004,1314,0,NQ.Z26
2026-10-02,36,31234,31242,31225.5,31229.25,1890,949,941,0,NQ.Z26
2026-10-02,37,31229.75,31233.75,31218.75,31222,1523,729,794,0,NQ.Z26
2026-10-02,38,31221.5,31239.5,31210.25,31227.75,2047,1096,951,0,NQ.Z26
2026-10-02,39,31227.25,31229.5,31208.5,31209.5,1231,515,716,0,NQ.Z26
2026-10-02,40,31209.75,31232.25,31203.75,31225.25,1248,639,609,0,NQ.Z26
2026-10-02,41,31224.75,31225,31190,31197.25,1782,721,1061,0,NQ.Z26
2026-10-02,42,31197,31218.75,31195.75,31218.5,1312,828,484,0,NQ.Z26
2026-10-02,43,31218.25,31231.5,31213.25,31222.5,1542,742,800,0,NQ.Z26
2026-10-02,44,31221.75,31230,31215,31226.5,1115,538,577,0,NQ.Z26
2026-10-02,45,31226.5,31244.25,31224.5,31226.75,1707,871,836,0,NQ.Z26
2026-10-02,46,31227.5,31236.75,31217.75,31233.75,1281,636,645,0,NQ.Z26
2026-10-02,47,31233,31254.5,31232,31249.75,1420,754,666,0,NQ.Z26
2026-10-02,48,31250.25,31262.5,31246.5,31249.25,1737,899,838,0,NQ.Z26
2026-10-02,49,31250,31258.75,31245.75,31258.5,1049,529,520,0,NQ.Z26
2026-10-02,50,31258.25,31268.75,31255,31259.75,1827,938,889,0,NQ.Z26
2026-10-02,51,31259.5,31265.75,31250,31252.75,1120,488,632,0,NQ.Z26
2026-10-02,52,31252,31259.5,31244.25,31259.25,984,483,501,0,NQ.Z26
2026-10-02,53,31259,31269.75,31249.25,31251.75,1571,666,905,0,NQ.Z26
2026-10-02,54,31251.5,31280.75,31248.75,31278.75,1378,856,522,0,NQ.Z26
2026-10-02,55,31279,31281.25,31266,31266.75,1050,431,619,0,NQ.Z26
2026-10-02,56,31267,31281.25,31264.5,31278.25,930,479,451,0,NQ.Z26
2026-10-02,57,31278.25,31282.5,31265,31266.75,1268,571,697,0,NQ.Z26
2026-10-02,58,31267,31281.25,31266.25,31280.25,854,402,452,0,NQ.Z26
2026-10-02,59,31279.75,31280,31260.5,31265.5,1356,571,785,0,NQ.Z26
2026-10-02,60,31265.25,31267.5,31239,31243.25,2042,870,1172,0,NQ.Z26
2026-10-02,61,31243.25,31243.25,31226,31242.25,1901,799,1102,0,NQ.Z26
2026-10-02,62,31241.75,31248.25,31227,31228.5,1572,706,866,0,NQ.Z26
2026-10-02,63,31229.25,31245.75,31225.5,31244,1360,674,686,0,NQ.Z26
2026-10-02,64,31244,31246.75,31231.5,31246.25,1087,586,501,0,NQ.Z26
2026-10-02,65,31246,31253.75,31237.25,31251.25,1579,828,751,0,NQ.Z26
2026-10-02,66,31251.25,31254.25,31230,31241.5,1318,583,735,0,NQ.Z26
2026-10-02,67,31241.25,31245.5,31225,31226.75,1012,434,578,0,NQ.Z26
2026-10-02,68,31226.5,31249,31226.25,31247.25,877,442,435,0,NQ.Z26
2026-10-02,69,31247.25,31256,31243.5,31252.75,1065,560,505,0,NQ.Z26
2026-10-02,70,31252.5,31258,31246,31253.25,844,407,437,0,NQ.Z26
2026-10-02,71,31253.25,31264.5,31246.75,31263.5,843,456,387,0,NQ.Z26
2026-10-02,72,31263.5,31273.5,31254.5,31256.75,1674,758,916,0,NQ.Z26
2026-10-02,73,31257.25,31257.25,31232.25,31237.25,1397,567,830,0,NQ.Z26
2026-10-02,74,31237.75,31243.5,31225,31240.5,993,533,460,0,NQ.Z26
2026-10-02,75,31240.75,31244,31225.5,31231,1103,505,598,0,NQ.Z26
2026-10-02,76,31232,31246,31227,31240,962,413,549,0,NQ.Z26
2026-10-02,77,31240.25,31242.75,31231.25,31234.75,545,248,297,0,NQ.Z26
2026-10-02,78,31235,31253.25,31235,31248.25,898,459,439,0,NQ.Z26
2026-10-02,79,31249.25,31249.75,31234.5,31235.75,636,266,370,0,NQ.Z26
2026-10-02,80,31235.5,31236.5,31206,31208.25,1928,856,1072,0,NQ.Z26
2026-10-02,81,31208,31218.25,31204.5,31213.25,1303,641,662,0,NQ.Z26
2026-10-02,82,31213.75,31215.5,31183,31186.5,2048,846,1202,0,NQ.Z26
2026-10-02,83,31186.25,31192.25,31175,31182.5,1635,807,828,0,NQ.Z26
2026-10-02,84,31182.5,31186,31157,31166,2326,1137,1189,0,NQ.Z26
2026-10-02,85,31165.5,31192.5,31159.75,31191.75,1763,1013,750,0,NQ.Z26
2026-10-02,86,31191.75,31196.75,31179.25,31193.5,1476,753,723,0,NQ.Z26
2026-10-02,87,31194.25,31196.25,31184.5,31191,1164,592,572,0,NQ.Z26
2026-10-02,88,31191,31202.25,31165.75,31170,1841,939,902,0,NQ.Z26
2026-10-02,89,31170.5,31175.75,31155.75,31166.5,1219,585,634,0,NQ.Z26
2026-10-02,90,31166,31176.25,31156,31163.75,1582,712,870,0,NQ.Z26
2026-10-02,91,31164.5,31181.25,31161.25,31179,995,532,463,0,NQ.Z26
2026-10-02,92,31178.5,31179.5,31148.5,31151,1792,702,1090,0,NQ.Z26
2026-10-02,93,31150.5,31153.25,31133,31143.5,1908,876,1032,0,NQ.Z26
2026-10-02,94,31143.75,31149.75,31134,31140.25,1377,718,659,0,NQ.Z26
2026-10-02,95,31140,31144.5,31119.75,31120.25,1582,717,865,0,NQ.Z26
2026-10-02,96,31120.5,31131.75,31111.75,31124.75,2217,1182,1035,0,NQ.Z26
2026-10-02,97,31125,31126.75,31106.5,31109.5,1748,821,927,0,NQ.Z26
2026-10-02,98,31109.75,31118.75,31097.5,31117.5,1838,946,892,0,NQ.Z26
2026-10-02,99,31117.25,31121.5,31085,31091,2084,983,1101,0,NQ.Z26
2026-10-02,100,31091.25,31108.25,31077.75,31086.75,2684,1318,1366,0,NQ.Z26
2026-10-02,101,31087.25,31088.25,31061,31081.75,2248,1095,1153,0,NQ.Z26
2026-10-02,102,31081.75,31086.5,31037,31043.25,2993,1323,1670,0,NQ.Z26
2026-10-02,103,31043,31073,31043,31072.75,2263,1325,938,0,NQ.Z26
2026-10-02,104,31072.5,31080.25,31066.5,31074.25,1650,848,802,0,NQ.Z26
2026-10-02,105,31073.75,31095.25,31067.5,31070.5,1561,795,766,0,NQ.Z26
2026-10-02,106,31070.5,31072,31051,31056.75,1736,750,986,0,NQ.Z26
2026-10-02,107,31057,31064.25,31038.5,31049.25,1834,851,983,0,NQ.Z26
2026-10-02,108,31048.25,31066.5,31043,31059.25,1398,772,626,0,NQ.Z26
2026-10-02,109,31059.25,31068.5,31039.75,31041.75,1553,669,884,0,NQ.Z26
2026-10-02,110,31042.75,31042.75,31013.25,31016.5,2604,1134,1470,0,NQ.Z26
2026-10-02,111,31017.25,31046.75,31015.5,31045.5,1763,1040,723,0,NQ.Z26
2026-10-02,112,31044.75,31057.75,31042.5,31051.75,1475,790,685,0,NQ.Z26
2026-10-02,113,31052,31061.5,31044,31051.75,1096,579,517,0,NQ.Z26
2026-10-02,114,31053.75,31057,30997.25,30999,2643,1154,1489,0,NQ.Z26
2026-10-02,115,30998.25,31013.75,30988,31012.25,2362,1182,1180,0,NQ.Z26
2026-10-02,116,31011.75,31035.5,31006,31032.5,1754,990,764,0,NQ.Z26
2026-10-02,117,31032.25,31048.75,31031,31037.75,1605,818,787,0,NQ.Z26
2026-10-02,118,31037,31053.25,31033.75,31050.5,956,518,438,0,NQ.Z26
2026-10-02,119,31050,31068,31043.25,31063.25,1442,809,633,0,NQ.Z26
2026-10-02,120,31063,31064.75,31027.5,31034.5,1947,763,1184,0,NQ.Z26
2026-10-02,121,31035,31052,31034,31050,1090,572,518,0,NQ.Z26
2026-10-02,122,31050.75,31068.25,31050.75,31063.25,1224,723,501,0,NQ.Z26
2026-10-02,123,31062.75,31084,31059.75,31079,1267,686,581,0,NQ.Z26
2026-10-02,124,31079.25,31086.25,31074.25,31080.75,1148,565,583,0,NQ.Z26
2026-10-02,125,31081,31088.75,31075.25,31079.5,914,452,462,0,NQ.Z26
2026-10-02,126,31080.5,31083.5,31068.25,31074,1246,567,679,0,NQ.Z26
2026-10-02,127,31074.5,31085,31059.5,31064.5,974,418,556,0,NQ.Z26
2026-10-02,128,31064,31085.75,31055.75,31085.25,945,527,418,0,NQ.Z26
2026-10-02,129,31085.25,31090,31079,31083.5,994,444,550,0,NQ.Z26
2026-10-02,130,31083.25,31094.25,31065.75,31071,1030,419,611,0,NQ.Z26
2026-10-02,131,31070.5,31071.75,31054.25,31067.75,1045,516,529,0,NQ.Z26
2026-10-02,132,31067.5,31090,31066.5,31089.25,845,496,349,0,NQ.Z26
2026-10-02,133,31089,31091,31072,31076,613,274,339,0,NQ.Z26
2026-10-02,134,31076,31083.75,31075,31078.25,562,240,322,0,NQ.Z26
2026-10-02,135,31078.25,31088.5,31073.25,31082.5,819,389,430,0,NQ.Z26
2026-10-02,136,31083,31102.5,31080,31094.5,1353,789,564,0,NQ.Z26
2026-10-02,137,31094,31099.25,31091.25,31095,703,372,331,0,NQ.Z26
2026-10-02,138,31094.75,31101.75,31082.5,31086,2107,1131,976,0,NQ.Z26
2026-10-02,139,31086,31093.75,31076,31079,1382,780,602,0,NQ.Z26
2026-10-02,140,31078.75,31088.25,31066,31074.5,1699,808,891,0,NQ.Z26
2026-10-02,141,31074.75,31097.5,31073.25,31095.75,1478,938,540,0,NQ.Z26
2026-10-02,142,31094.75,31109.75,31080,31089.25,1545,859,686,0,NQ.Z26
2026-10-02,143,31090.25,31092.25,31070.25,31071.5,596,238,358,0,NQ.Z26
2026-10-02,144,31071.75,31080.75,31055,31063.25,965,447,518,0,NQ.Z26
2026-10-02,145,31062.5,31088,31055,31086.75,1126,667,459,0,NQ.Z26
2026-10-02,146,31085,31094.75,31075,31084,1026,543,483,0,NQ.Z26
2026-10-02,147,31083.75,31091,31075,31091,605,277,328,0,NQ.Z26
2026-10-02,148,31090.5,31095,31084.75,31091.75,681,380,301,0,NQ.Z26
2026-10-02,149,31092.5,31104.5,31084.75,31101.25,893,448,445,0,NQ.Z26
2026-10-02,150,31102,31110.75,31095.75,31109.25,1216,615,601,0,NQ.Z26
2026-10-02,151,31109,31128.75,31103.25,31120.75,1496,768,728,0,NQ.Z26
2026-10-02,152,31120.75,31127.75,31106.75,31118.75,1502,628,874,0,NQ.Z26
2026-10-02,153,31118.5,31122.5,31099.25,31101.25,905,385,520,0,NQ.Z26
2026-10-02,154,31101.25,31110.25,31087.25,31107.75,1017,501,516,0,NQ.Z26
2026-10-02,155,31109.75,31114.75,31100,31106.25,693,369,324,0,NQ.Z26
2026-10-02,156,31106.25,31121.75,31103.5,31117,661,401,260,0,NQ.Z26
2026-10-02,157,31117.25,31126,31111.5,31111.5,559,270,289,0,NQ.Z26
2026-10-02,158,31112.25,31121.5,31104.75,31121.25,505,211,294,0,NQ.Z26
2026-10-02,159,31121.5,31125,31112.75,31121.75,520,282,238,0,NQ.Z26
2026-10-02,160,31122,31127,31116,31119.5,655,369,286,0,NQ.Z26
2026-10-02,161,31120,31123.5,31109.75,31110,701,262,439,0,NQ.Z26
2026-10-02,162,31110,31119.75,31104.5,31108.25,808,411,397,0,NQ.Z26
2026-10-02,163,31108.25,31129.25,31105.5,31122.75,556,297,259,0,NQ.Z26
2026-10-02,164,31124,31125.5,31116.75,31117,539,189,350,0,NQ.Z26
2026-10-02,165,31115.75,31125,31107.25,31121.75,700,378,322,0,NQ.Z26
2026-10-02,166,31121.5,31129,31113.25,31125.25,773,374,399,0,NQ.Z26
2026-10-02,167,31124.75,31130.25,31114.5,31118.75,828,329,499,0,NQ.Z26
2026-10-02,168,31118,31122.75,31112.75,31116.25,394,197,197,0,NQ.Z26
2026-10-02,169,31116.25,31123.75,31114.75,31117.75,453,202,251,0,NQ.Z26
2026-10-02,170,31118.25,31120.25,31111.75,31113.75,524,281,243,0,NQ.Z26
2026-10-02,171,31114,31117.5,31105.5,31109.5,660,299,361,0,NQ.Z26
2026-10-02,172,31109.5,31110.75,31090.5,31109.25,958,407,551,0,NQ.Z26
2026-10-02,173,31109.75,31109.75,31091,31095.25,740,333,407,0,NQ.Z26
2026-10-02,174,31094.75,31102,31076.25,31080,1076,459,617,0,NQ.Z26
2026-10-02,175,31080.25,31097.5,31076.5,31088.5,759,437,322,0,NQ.Z26
2026-10-02,176,31087.75,31095,31076,31076,910,418,492,0,NQ.Z26
2026-10-02,177,31076.75,31087.75,31067.5,31087.25,754,380,374,0,NQ.Z26
2026-10-02,178,31087.5,31090,31077,31081,449,261,188,0,NQ.Z26
2026-10-02,179,31081,31087.5,31068.25,31071.25,625,306,319,0,NQ.Z26
2026-10-02,180,31071,31083.5,31068.5,31081.5,652,306,346,0,NQ.Z26
2026-10-02,181,31081.25,31090,31080.25,31084.75,575,329,246,0,NQ.Z26
2026-10-02,182,31084.75,31087.75,31071.25,31085.75,478,232,246,0,NQ.Z26
2026-10-02,183,31086,31090,31078.75,31082,330,170,160,0,NQ.Z26
2026-10-02,184,31081.25,31092.5,31078.25,31081.25,518,243,275,0,NQ.Z26
2026-10-02,185,31080.5,31090,31074.75,31078.75,559,300,259,0,NQ.Z26
2026-10-02,186,31079.5,31092.5,31073,31091.25,512,241,271,0,NQ.Z26
2026-10-02,187,31090.25,31091.5,31084.75,31087.75,352,183,169,0,NQ.Z26
2026-10-02,188,31087.5,31103.25,31087,31100.25,787,483,304,0,NQ.Z26
2026-10-02,189,31099.75,31109.25,31098.25,31104.25,639,315,324,0,NQ.Z26
2026-10-02,190,31103.75,31104.25,31075.75,31078,784,276,508,0,NQ.Z26
2026-10-02,191,31079.5,31081,31059.25,31060,746,288,458,0,NQ.Z26
2026-10-02,192,31059.5,31061,31044,31058.5,1243,578,665,0,NQ.Z26
2026-10-02,193,31058.75,31061.75,31049,31053.5,727,352,375,0,NQ.Z26
2026-10-02,194,31054.25,31060,31051.25,31056.5,542,272,270,0,NQ.Z26
2026-10-02,195,31057.5,31071,31056.5,31070,689,381,308,0,NQ.Z26
2026-10-02,196,31070,31075,31064,31068.75,555,290,265,0,NQ.Z26
2026-10-02,197,31069,31073.5,31058,31059.25,480,185,295,0,NQ.Z26
2026-10-02,198,31059.5,31065.75,31052,31061.5,834,393,441,0,NQ.Z26
2026-10-02,199,31062,31062.25,31050.5,31055,545,260,285,0,NQ.Z26
2026-10-02,200,31054.75,31055.25,31042,31051,1003,430,573,0,NQ.Z26
2026-10-02,201,31051.25,31060.5,31047.75,31057,588,337,251,0,NQ.Z26
2026-10-02,202,31056.5,31067.75,31055.25,31062,462,254,208,0,NQ.Z26
2026-10-02,203,31062.75,31077,31061,31074.75,437,270,167,0,NQ.Z26
2026-10-02,204,31075,31083.25,31071.5,31075,807,403,404,0,NQ.Z26
2026-10-02,205,31075.75,31082.75,31073.75,31077.25,565,289,276,0,NQ.Z26
2026-10-02,206,31076.75,31077.5,31067.5,31074.75,442,182,260,0,NQ.Z26
2026-10-02,207,31075,31082.75,31075,31078.25,468,239,229,0,NQ.Z26
2026-10-02,208,31078.25,31083.75,31069.5,31070.75,333,131,202,0,NQ.Z26
2026-10-02,209,31071.5,31073.25,31061.5,31071.5,514,221,293,0,NQ.Z26
2026-10-02,210,31072,31094.25,31068.25,31090.25,1039,618,421,0,NQ.Z26
2026-10-02,211,31090.25,31108.5,31088.75,31101.25,1205,629,576,0,NQ.Z26
2026-10-02,212,31101.25,31102,31093,31094,420,200,220,0,NQ.Z26
2026-10-02,213,31093,31095.5,31088,31091.25,527,234,293,0,NQ.Z26
2026-10-02,214,31091.5,31092.75,31085,31088.5,515,231,284,0,NQ.Z26
2026-10-02,215,31089.5,31095,31089.25,31095,335,165,170,0,NQ.Z26
2026-10-02,216,31095.25,31096.5,31069,31069,852,337,515,0,NQ.Z26
2026-10-02,217,31069.25,31071.25,31056.5,31062,770,372,398,0,NQ.Z26
2026-10-02,218,31062.25,31072,31060,31061.5,387,190,197,0,NQ.Z26
2026-10-02,219,31061.75,31068.75,31060.5,31065.25,265,142,123,0,NQ.Z26
2026-10-02,220,31065.75,31074.25,31064.5,31071.25,287,140,147,0,NQ.Z26
2026-10-02,221,31070.75,31070.75,31061.25,31061.75,536,263,273,0,NQ.Z26
2026-10-02,222,31062.25,31066.25,31058.75,31062.75,484,266,218,0,NQ.Z26
2026-10-02,223,31062.5,31065.5,31061.5,31064,276,119,157,0,NQ.Z26
2026-10-02,224,31065.5,31067.75,31045.5,31057.5,1112,432,680,0,NQ.Z26
2026-10-02,225,31057.25,31060.25,31052.5,31054.75,601,261,340,0,NQ.Z26
2026-10-02,226,31055,31072.75,31052,31071.5,713,464,249,0,NQ.Z26
2026-10-02,227,31071.25,31075.25,31066,31068.5,426,218,208,0,NQ.Z26
2026-10-02,228,31068.25,31074.5,31059.75,31072.5,492,242,250,0,NQ.Z26
2026-10-02,229,31072.75,31076.75,31063.25,31066.75,430,200,230,0,NQ.Z26
2026-10-02,230,31066.5,31069.5,31054.25,31063.5,705,295,410,0,NQ.Z26
2026-10-02,231,31063.75,31063.75,31031.75,31044.25,958,360,598,0,NQ.Z26
2026-10-02,232,31044.25,31052.25,31038.5,31045.75,749,384,365,0,NQ.Z26
2026-10-02,233,31045.75,31048.75,31028.25,31029.5,553,223,330,0,NQ.Z26
2026-10-02,234,31029.25,31030.25,31018.5,31024.75,1058,520,538,0,NQ.Z26
2026-10-02,235,31024.5,31030.25,31017.75,31022.5,774,398,376,0,NQ.Z26
2026-10-02,236,31023.25,31026,31004.5,31008.75,1248,538,710,0,NQ.Z26
2026-10-02,237,31009.25,31015,31003.25,31009,1038,571,467,0,NQ.Z26
2026-10-02,238,31009.5,31016.25,31003.5,31014,848,481,367,0,NQ.Z26
2026-10-02,239,31014,31016.25,31001.75,31007.75,848,409,439,0,NQ.Z26
2026-10-02,240,31007.25,31014.25,30994.75,31001,1705,753,952,0,NQ.Z26
2026-10-02,241,31001,31027,30999.25,31026.75,1380,827,553,0,NQ.Z26
2026-10-02,242,31027,31033.5,31020.75,31031.25,591,300,291,0,NQ.Z26
2026-10-02,243,31031,31040.5,31029.25,31033,662,335,327,0,NQ.Z26
2026-10-02,244,31034.25,31045,31030.75,31035,660,327,333,0,NQ.Z26
2026-10-02,245,31034.25,31036,31023.25,31029.5,554,247,307,0,NQ.Z26
2026-10-02,246,31029.5,31032,31012.5,31018.25,656,256,400,0,NQ.Z26
2026-10-02,247,31017.5,31032.5,31017.5,31029.5,451,244,207,0,NQ.Z26
2026-10-02,248,31029.25,31035,31028,31034,359,172,187,0,NQ.Z26
2026-10-02,249,31033,31035.5,31028.5,31029,279,116,163,0,NQ.Z26
2026-10-02,250,31029.5,31030,31018.25,31019.5,491,202,289,0,NQ.Z26
2026-10-02,251,31020.25,31023.5,31013.25,31018.25,334,148,186,0,NQ.Z26
2026-10-02,252,31018.25,31018.5,31009,31011,357,148,209,0,NQ.Z26
2026-10-02,253,31009,31020.25,31009,31019.75,396,268,128,0,NQ.Z26
2026-10-02,254,31019.25,31035,31017.75,31030.5,721,424,297,0,NQ.Z26
2026-10-02,255,31030.75,31037,31021.25,31027.75,636,318,318,0,NQ.Z26
2026-10-02,256,31027.75,31034.25,31023,31033,423,212,211,0,NQ.Z26
2026-10-02,257,31033.25,31040.5,31029.25,31029.75,458,200,258,0,NQ.Z26
2026-10-02,258,31030.25,31040,31027.75,31039,408,235,173,0,NQ.Z26
2026-10-02,259,31039,31050,31039,31048.25,640,372,268,0,NQ.Z26
2026-10-02,260,31048.25,31054.25,31020.25,31045.75,1735,794,941,0,NQ.Z26
2026-10-02,261,31046.25,31060,31046.25,31053.5,580,315,265,0,NQ.Z26
2026-10-02,262,31053.75,31061.25,31051.75,31057.75,653,374,279,0,NQ.Z26
2026-10-02,263,31057.75,31060,31052,31059.5,474,203,271,0,NQ.Z26
2026-10-02,264,31059.75,31061,31054,31057.75,404,197,207,0,NQ.Z26
2026-10-02,265,31057,31058,31045.25,31049.25,507,233,274,0,NQ.Z26
2026-10-02,266,31049,31050.25,31045.25,31047.25,284,156,128,0,NQ.Z26
2026-10-02,267,31047.75,31048,31031.75,31032.5,521,184,337,0,NQ.Z26
2026-10-02,268,31032.75,31042.75,31028,31041,725,400,325,0,NQ.Z26
2026-10-02,269,31041,31049.25,31040,31047.75,368,221,147,0,NQ.Z26
2026-10-02,270,31048,31051,31038,31042.75,623,296,327,0,NQ.Z26
2026-10-02,271,31042,31045.25,31036,31041,329,152,177,0,NQ.Z26
2026-10-02,272,31041.25,31041.5,31028.75,31030.25,486,204,282,0,NQ.Z26
2026-10-02,273,31030.25,31040,31028.5,31033.5,366,190,176,0,NQ.Z26
2026-10-02,274,31033.5,31046.75,31032.25,31042.75,391,224,167,0,NQ.Z26
2026-10-02,275,31041.5,31045.25,31039.25,31042,261,120,141,0,NQ.Z26
2026-10-02,276,31042.25,31047.25,31033,31042.5,430,233,197,0,NQ.Z26
2026-10-02,277,31042.75,31047.75,31041.5,31042.75,249,125,124,0,NQ.Z26
2026-10-02,278,31042.25,31044,31036.5,31036.75,225,92,133,0,NQ.Z26
2026-10-02,279,31037.25,31043,31036,31041.5,218,124,94,0,NQ.Z26
2026-10-02,280,31041.75,31043.25,31035.75,31042,186,83,103,0,NQ.Z26
2026-10-02,281,31042.5,31044.75,31036.5,31038.5,252,116,136,0,NQ.Z26
2026-10-02,282,31038.5,31042.75,31037.5,31042.5,253,146,107,0,NQ.Z26
2026-10-02,283,31042.5,31050,31041.75,31046.25,260,147,113,0,NQ.Z26
2026-10-02,284,31047,31057.5,31046.25,31050,559,345,214,0,NQ.Z26
2026-10-02,285,31050.25,31050.5,31042.25,31045,420,198,222,0,NQ.Z26
2026-10-02,286,31044.5,31046,31031.25,31034.5,564,217,347,0,NQ.Z26
2026-10-02,287,31034.75,31038.5,31028.5,31028.75,318,133,185,0,NQ.Z26
2026-10-02,288,31029.25,31033.5,31023.5,31028.75,457,228,229,0,NQ.Z26
2026-10-02,289,31028.75,31032.5,31022.5,31031.75,321,196,125,0,NQ.Z26
2026-10-02,290,31032,31034.75,31027.75,31028.25,294,150,144,0,NQ.Z26
2026-10-02,291,31028.25,31032.5,31025,31025,347,144,203,0,NQ.Z26
2026-10-02,292,31025.25,31027.5,31018,31021.5,490,227,263,0,NQ.Z26
2026-10-02,293,31021.25,31025.5,31011.25,31013.5,727,338,389,0,NQ.Z26
2026-10-02,294,31013.5,31021,31011.75,31020.25,508,322,186,0,NQ.Z26
2026-10-02,295,31020,31031.25,31018.75,31025,519,303,216,0,NQ.Z26
2026-10-02,296,31025.25,31032.25,31025,31027,302,143,159,0,NQ.Z26
2026-10-02,297,31026,31027.75,31012.25,31020,408,137,271,0,NQ.Z26
2026-10-02,298,31020.5,31041,31020.25,31037,925,594,331,0,NQ.Z26
2026-10-02,299,31037.25,31039,31034,31036,339,138,201,0,NQ.Z26
2026-10-02,300,31036,31039.5,31030.5,31034,428,198,230,0,NQ.Z26
2026-10-02,301,31034,31037.25,31023.5,31023.5,360,159,201,0,NQ.Z26
2026-10-02,302,31023.75,31046.75,31023.75,31045,575,384,191,0,NQ.Z26
2026-10-02,303,31045,31046.75,31031.75,31032.5,604,247,357,0,NQ.Z26
2026-10-02,304,31032.5,31038.25,31031.25,31033.25,426,226,200,0,NQ.Z26
2026-10-02,305,31033.5,31034.75,31027.25,31032.25,391,176,215,0,NQ.Z26
2026-10-02,306,31032.25,31038.75,31031.5,31036,295,185,110,0,NQ.Z26
2026-10-02,307,31036.5,31037.25,31029.75,31030.75,267,88,179,0,NQ.Z26
2026-10-02,308,31030.5,31030.75,31019.5,31029,482,204,278,0,NQ.Z26
2026-10-02,309,31028.75,31029,31019.25,31022.25,248,122,126,0,NQ.Z26
2026-10-02,310,31022.25,31028.75,31017,31027.5,304,160,144,0,NQ.Z26
2026-10-02,311,31028,31036.75,31026.25,31036,445,276,169,0,NQ.Z26
2026-10-02,312,31036.25,31041.25,31034.5,31041,320,166,154,0,NQ.Z26
2026-10-02,313,31041,31045.25,31039.5,31040,522,268,254,0,NQ.Z26
2026-10-02,314,31039.25,31044.5,31038.5,31041.75,269,130,139,0,NQ.Z26
2026-10-02,315,31041.5,31045,31039.75,31042.25,251,108,143,0,NQ.Z26
2026-10-02,316,31042.5,31046.75,31037,31046.75,323,175,148,0,NQ.Z26
2026-10-02,317,31046.75,31048,31039.25,31041,288,119,169,0,NQ.Z26
2026-10-02,318,31042,31045.75,31036,31044.5,296,172,124,0,NQ.Z26
2026-10-02,319,31045.5,31049,31042.25,31043.5,355,145,210,0,NQ.Z26
2026-10-02,320,31044.75,31049,31039.75,31048.5,334,171,163,0,NQ.Z26
2026-10-02,321,31048.5,31051.5,31047,31048.5,376,195,181,0,NQ.Z26
2026-10-02,322,31048.75,31055.5,31045.75,31047,490,256,234,0,NQ.Z26
2026-10-02,323,31046.75,31048.25,31043,31045,267,131,136,0,NQ.Z26
2026-10-02,324,31044.5,31054,31041.25,31053.5,337,181,156,0,NQ.Z26
2026-10-02,325,31053.5,31054.5,31048.25,31052.25,310,141,169,0,NQ.Z26
2026-10-02,326,31052.75,31053.25,31044.75,31046,267,128,139,0,NQ.Z26
2026-10-02,327,31045.75,31050.25,31045.25,31046,162,83,79,0,NQ.Z26
2026-10-02,328,31046.5,31050.5,31044,31046,293,128,165,0,NQ.Z26
2026-10-02,329,31047.25,31050.75,31040.5,31043.75,372,175,197,0,NQ.Z26
2026-10-02,330,31043.75,31054,31041,31050.75,551,274,277,0,NQ.Z26
2026-10-02,331,31051,31052,31046.5,31049,236,98,138,0,NQ.Z26
2026-10-02,332,31049,31050.25,31044.25,31046.25,181,96,85,0,NQ.Z26
2026-10-02,333,31047.25,31047.25,31040,31044,273,117,156,0,NQ.Z26
2026-10-02,334,31044,31048.25,31042.5,31044.5,223,142,81,0,NQ.Z26
2026-10-02,335,31045.25,31046.75,31042.25,31044.25,189,85,104,0,NQ.Z26
2026-10-02,336,31045,31046.25,31039.25,31040.5,155,68,87,0,NQ.Z26
2026-10-02,337,31040.75,31044.25,31035.25,31039.5,392,127,265,0,NQ.Z26
2026-10-02,338,31039.5,31039.5,31030,31033.5,422,152,270,0,NQ.Z26
2026-10-02,339,31032.75,31035,31029,31031.25,272,110,162,0,NQ.Z26
2026-10-02,340,31031.25,31033.5,31026.75,31031,671,330,341,0,NQ.Z26
2026-10-02,341,31030,31036.5,31029.25,31032.25,857,476,381,0,NQ.Z26
2026-10-02,342,31032.5,31039.5,31030.25,31036.75,789,430,359,0,NQ.Z26
2026-10-02,343,31037.5,31042.25,31036.75,31041.75,938,479,459,0,NQ.Z26
2026-10-02,344,31041.25,31042.75,31035.75,31040,723,361,362,0,NQ.Z26
2026-10-02,345,31040.25,31046,31038,31043.25,618,313,305,0,NQ.Z26
2026-10-02,346,31043.5,31045.5,31032.25,31039,888,425,463,0,NQ.Z26
2026-10-02,347,31039,31049,31039,31042,850,470,380,0,NQ.Z26
2026-10-02,348,31042,31051,31037,31048.5,1112,573,539,0,NQ.Z26
2026-10-02,349,31049.25,31049.5,31042.25,31044.5,645,307,338,0,NQ.Z26
2026-10-02,350,31044.75,31048.75,31041.25,31043.5,1077,551,526,0,NQ.Z26
2026-10-02,351,31044,31044.25,31039.25,31040.25,578,276,302,0,NQ.Z26
2026-10-02,352,31039.5,31041.75,31036,31037.25,680,321,359,0,NQ.Z26
2026-10-02,353,31037.5,31040.25,31033.25,31038.25,589,263,326,0,NQ.Z26
2026-10-02,354,31039.5,31052.5,31039.25,31050.5,728,412,316,0,NQ.Z26
2026-10-02,355,31050.75,31061.5,31050.25,31056.75,882,495,387,0,NQ.Z26
2026-10-02,356,31056.5,31059.5,31049.25,31049.75,427,171,256,0,NQ.Z26
2026-10-02,357,31049.75,31052.25,31047.25,31048.5,337,176,161,0,NQ.Z26
2026-10-02,358,31049.5,31054,31048.75,31052.25,278,142,136,0,NQ.Z26
2026-10-02,359,31050.5,31052.25,31041.25,31050.5,490,216,274,0,NQ.Z26
2026-10-02,360,31050.5,31062.75,31049.25,31057.5,629,317,312,0,NQ.Z26
2026-10-02,361,31057.5,31068.25,31057.25,31063.5,766,443,323,0,NQ.Z26
2026-10-02,362,31063,31067,31060.25,31061.75,496,244,252,0,NQ.Z26
2026-10-02,363,31062.5,31062.5,31056,31059.5,477,216,261,0,NQ.Z26
2026-10-02,364,31060.5,31068.75,31060.25,31066,684,374,310,0,NQ.Z26
2026-10-02,365,31065.5,31069,31060.5,31067,509,223,286,0,NQ.Z26
2026-10-02,366,31066.75,31077.75,31066.5,31071.5,826,451,375,0,NQ.Z26
2026-10-02,367,31071.5,31081.5,31070.25,31081,559,319,240,0,NQ.Z26
2026-10-02,368,31081.5,31090.75,31080.25,31083,1082,683,399,0,NQ.Z26
2026-10-02,369,31083,31084.25,31075,31077.5,520,246,274,0,NQ.Z26
2026-10-02,370,31077.75,31082.5,31068.5,31071,687,268,419,0,NQ.Z26
2026-10-02,371,31071,31073.5,31066.5,31068,524,260,264,0,NQ.Z26
2026-10-02,372,31068.25,31068.25,31057.25,31059.75,625,301,324,0,NQ.Z26
2026-10-02,373,31060.5,31062.25,31057.5,31061,469,246,223,0,NQ.Z26
2026-10-02,374,31061.25,31070.75,31060.75,31068.75,631,361,270,0,NQ.Z26
2026-10-02,375,31069,31088,31068.5,31075.5,1392,741,651,0,NQ.Z26
2026-10-02,376,31075.75,31085,31074.25,31082,574,293,281,0,NQ.Z26
2026-10-02,377,31082.5,31089.25,31082.5,31084,705,405,300,0,NQ.Z26
2026-10-02,378,31084.5,31084.5,31072.5,31075.75,778,371,407,0,NQ.Z26
2026-10-02,379,31076.25,31080,31063.5,31069.75,801,326,475,0,NQ.Z26
2026-10-02,380,31070,31090,31064,31073,1222,688,534,0,NQ.Z26
2026-10-02,381,31073.25,31076.75,31068.75,31071.75,870,411,459,0,NQ.Z26
2026-10-02,382,31072.25,31072.25,31063.75,31065.25,784,418,366,0,NQ.Z26
2026-10-02,383,31065.5,31076,31058,31074,1122,565,557,0,NQ.Z26
2026-10-02,384,31074.25,31076.25,31048.25,31053.25,1710,747,963,0,NQ.Z26
2026-10-02,385,31054,31066.75,31039.5,31048.75,1827,867,960,0,NQ.Z26
2026-10-02,386,31049,31054.75,31041.5,31049,1233,664,569,0,NQ.Z26
2026-10-02,387,31049.25,31061.5,31048,31060.25,1281,758,523,0,NQ.Z26
2026-10-02,388,31060.5,31069.5,31054,31064.25,1515,833,682,0,NQ.Z26
2026-10-02,389,31063,31071,31050.75,31070,6776,3825,2951,0,NQ.Z26
2026-10-05,0,31055.5,31069,31044.25,31055.75,5812,2704,3108,0,NQ.Z26
2026-10-05,1,31055.5,31111.75,31054.25,31110.25,4254,2344,1910,0,NQ.Z26
2026-10-05,2,31110.75,31127.25,31105.5,31120,3119,1489,1630,0,NQ.Z26
2026-10-05,3,31119.75,31145.75,31114.25,31143.75,2662,1466,1196,0,NQ.Z26
2026-10-05,4,31143.25,31160,31141.25,31156,2798,1403,1395,0,NQ.Z26
2026-10-05,5,31156.25,31162.75,31144.25,31162.5,2900,1442,1458,0,NQ.Z26
2026-10-05,6,31162.5,31163.75,31141.75,31152.25,1943,926,1017,0,NQ.Z26
2026-10-05,7,31153.5,31168.5,31152,31163.25,2011,1022,989,0,NQ.Z26
2026-10-05,8,31164.25,31172.75,31155.75,31165,1609,882,727,0,NQ.Z26
2026-10-05,9,31166.25,31175,31162.5,31170.5,1209,621,588,0,NQ.Z26
2026-10-05,10,31171,31176.75,31165,31175.25,1381,714,667,0,NQ.Z26
2026-10-05,11,31176,31203.25,31171.75,31199.25,2319,1378,941,0,NQ.Z26
2026-10-05,12,31199.75,31207.25,31193.75,31205.25,1865,852,1013,0,NQ.Z26
2026-10-05,13,31205.5,31211.5,31188.25,31193.25,1808,843,965,0,NQ.Z26
2026-10-05,14,31193,31206.25,31181.5,31204.5,1702,860,842,0,NQ.Z26
2026-10-05,15,31204,31229.5,31192.75,31197.25,3515,1823,1692,0,NQ.Z26
2026-10-05,16,31197.5,31197.5,31161.75,31170.75,2772,1225,1547,0,NQ.Z26
2026-10-05,17,31170,31185.5,31165.25,31177.75,1718,868,850,0,NQ.Z26
2026-10-05,18,31178,31186.75,31168,31168.75,1585,763,822,0,NQ.Z26
2026-10-05,19,31169,31181.5,31156.5,31166.25,1626,698,928,0,NQ.Z26
2026-10-05,20,31168,31182,31151.25,31180,2023,1094,929,0,NQ.Z26
2026-10-05,21,31180.25,31192.25,31177,31183.25,1502,770,732,0,NQ.Z26
2026-10-05,22,31184.75,31184.75,31167.5,31168.5,1078,463,615,0,NQ.Z26
2026-10-05,23,31169.5,31173.5,31157.25,31161.5,1182,566,616,0,NQ.Z26
2026-10-05,24,31162.25,31184.25,31158.5,31170.25,1519,795,724,0,NQ.Z26
2026-10-05,25,31170,31177.5,31165.75,31172.75,1007,491,516,0,NQ.Z26
2026-10-05,26,31172.25,31177.5,31157.5,31170.25,976,476,500,0,NQ.Z26
2026-10-05,27,31170.75,31173,31156.5,31165.25,825,355,470,0,NQ.Z26
2026-10-05,28,31164.75,31170.75,31147.25,31148.25,995,397,598,0,NQ.Z26
2026-10-05,29,31147.5,31162,31140.5,31155.25,1123,592,531,0,NQ.Z26
2026-10-05,30,31156.5,31157.25,31115,31126.25,3523,1589,1934,0,NQ.Z26
2026-10-05,31,31125,31159,31120,31148,1514,825,689,0,NQ.Z26
2026-10-05,32,31148.5,31155.5,31137,31143,1525,815,710,0,NQ.Z26
2026-10-05,33,31143,31151,31138,31150,891,439,452,0,NQ.Z26
2026-10-05,34,31150.25,31167,31146,31148.5,1776,981,795,0,NQ.Z26
2026-10-05,35,31147.75,31160.25,31146.25,31159.5,1100,592,508,0,NQ.Z26
2026-10-05,36,31158.75,31164.25,31148.25,31150.5,1196,606,590,0,NQ.Z26
2026-10-05,37,31150.75,31159.25,31143.25,31153.25,1198,616,582,0,NQ.Z26
2026-10-05,38,31154,31182.25,31144,31170.25,2687,1470,1217,0,NQ.Z26
2026-10-05,39,31170.5,31177.75,31155.25,31177.75,1953,979,974,0,NQ.Z26
2026-10-05,40,31176.75,31183.5,31159.25,31164,1676,794,882,0,NQ.Z26
2026-10-05,41,31164.75,31180.75,31161,31179.25,910,524,386,0,NQ.Z26
2026-10-05,42,31179.25,31193.5,31177,31186.5,1499,830,669,0,NQ.Z26
2026-10-05,43,31186.5,31187.5,31175.25,31186,824,357,467,0,NQ.Z26
2026-10-05,44,31184.75,31184.75,31177.25,31179,729,368,361,0,NQ.Z26
2026-10-05,45,31179.75,31196.75,31173.5,31193.25,1680,919,761,0,NQ.Z26
2026-10-05,46,31192.5,31211.75,31192,31206.5,2376,1272,1104,0,NQ.Z26
2026-10-05,47,31207,31214.75,31198.5,31203.25,1184,552,632,0,NQ.Z26
2026-10-05,48,31203,31205,31189.75,31195.5,1151,425,726,0,NQ.Z26
2026-10-05,49,31196.25,31207.5,31195.25,31203.25,805,439,366,0,NQ.Z26
2026-10-05,50,31203.25,31219.5,31202.75,31218.5,1099,614,485,0,NQ.Z26
2026-10-05,51,31219,31226.75,31213.75,31222.25,1444,769,675,0,NQ.Z26
2026-10-05,52,31221.5,31237.5,31220.5,31227,1676,973,703,0,NQ.Z26
2026-10-05,53,31226.75,31234.75,31220.5,31226.5,975,443,532,0,NQ.Z26
2026-10-05,54,31225.75,31232.25,31223.75,31230.75,678,380,298,0,NQ.Z26
2026-10-05,55,31231.25,31240,31225,31240,1383,832,551,0,NQ.Z26
2026-10-05,56,31240,31247.75,31235.75,31237,1315,636,679,0,NQ.Z26
2026-10-05,57,31236.75,31240.25,31229.75,31232.5,963,458,505,0,NQ.Z26
2026-10-05,58,31232.75,31239.75,31224,31225.25,891,399,492,0,NQ.Z26
2026-10-05,59,31225.75,31236.25,31224.75,31233,654,333,321,0,NQ.Z26
2026-10-05,60,31233.25,31236.75,31208.25,31213.25,2020,785,1235,0,NQ.Z26
2026-10-05,61,31213.5,31213.75,31200.75,31211.5,1092,513,579,0,NQ.Z26
2026-10-05,62,31211.5,31211.5,31197.25,31201,806,305,501,0,NQ.Z26
2026-10-05,63,31201.25,31209,31192.5,31194,899,406,493,0,NQ.Z26
2026-10-05,64,31194.25,31204.75,31194,31203,934,525,409,0,NQ.Z26
2026-10-05,65,31204.25,31209,31200,31205,663,331,332,0,NQ.Z26
2026-10-05,66,31203.75,31208.5,31193.75,31195,665,303,362,0,NQ.Z26
2026-10-05,67,31194.25,31220,31192.25,31211.25,1237,742,495,0,NQ.Z26
2026-10-05,68,31212,31215.75,31208,31213.5,632,333,299,0,NQ.Z26
2026-10-05,69,31213.25,31215,31202.5,31211.25,772,402,370,0,NQ.Z26
2026-10-05,70,31211.75,31216.5,31201.75,31215.75,627,314,313,0,NQ.Z26
2026-10-05,71,31215.75,31222.75,31212,31217,816,434,382,0,NQ.Z26
2026-10-05,72,31217.25,31218.25,31204.75,31213,984,485,499,0,NQ.Z26
2026-10-05,73,31212.75,31217.5,31205.5,31207.25,516,235,281,0,NQ.Z26
2026-10-05,74,31207.75,31213.25,31202.75,31205,716,286,430,0,NQ.Z26
2026-10-05,75,31205.25,31214.5,31203,31213.5,613,341,272,0,NQ.Z26
2026-10-05,76,31213.25,31224.25,31210.25,31218.75,940,527,413,0,NQ.Z26
2026-10-05,77,31219,31223,31212.25,31223,586,298,288,0,NQ.Z26
2026-10-05,78,31223,31229.5,31214.75,31219.25,1207,649,558,0,NQ.Z26
2026-10-05,79,31218.5,31230,31217.5,31227.25,477,279,198,0,NQ.Z26
2026-10-05,80,31227,31231.5,31225.25,31228.25,614,350,264,0,NQ.Z26
2026-10-05,81,31228.25,31232,31213.75,31224.75,1153,494,659,0,NQ.Z26
2026-10-05,82,31224.25,31230.5,31222.25,31226.75,494,237,257,0,NQ.Z26
2026-10-05,83,31227.25,31238.5,31227.25,31237.75,741,473,268,0,NQ.Z26
2026-10-05,84,31237.25,31239.25,31230.5,31235.5,561,251,310,0,NQ.Z26
2026-10-05,85,31236.25,31237.5,31218,31225.5,694,288,406,0,NQ.Z26
2026-10-05,86,31225.25,31232,31225,31229.5,402,200,202,0,NQ.Z26
2026-10-05,87,31228.75,31254.75,31228.5,31247.5,1232,855,377,0,NQ.Z26
2026-10-05,88,31247,31253.5,31242.75,31244.5,1296,532,764,0,NQ.Z26
2026-10-05,89,31244.5,31249,31242.75,31248.25,613,301,312,0,NQ.Z26
2026-10-05,90,31248,31254.5,31242.5,31249.75,1194,534,660,0,NQ.Z26
2026-10-05,91,31249,31253.25,31247,31250.5,695,360,335,0,NQ.Z26
2026-10-05,92,31251.5,31253.75,31241.5,31245,693,309,384,0,NQ.Z26
2026-10-05,93,31246,31250.25,31235.75,31239,812,378,434,0,NQ.Z26
2026-10-05,94,31239.25,31249.25,31237.25,31248.75,523,291,232,0,NQ.Z26
2026-10-05,95,31248.5,31250,31237.5,31238.75,592,226,366,0,NQ.Z26
2026-10-05,96,31238.75,31240,31229.25,31230.25,1124,470,654,0,NQ.Z26
2026-10-05,97,31230.25,31235.75,31220.25,31234.5,1009,500,509,0,NQ.Z26
2026-10-05,98,31234.75,31238.25,31225.5,31230,458,226,232,0,NQ.Z26
2026-10-05,99,31230.75,31230.75,31219,31221.25,642,256,386,0,NQ.Z26
2026-10-05,100,31221.5,31227.75,31216.25,31227.75,751,367,384,0,NQ.Z26
2026-10-05,101,31227.5,31230.25,31215.5,31216.5,808,279,529,0,NQ.Z26
2026-10-05,102,31216.5,31223.5,31214.25,31215.75,722,373,349,0,NQ.Z26
2026-10-05,103,31215.25,31218.75,31206,31213.5,909,396,513,0,NQ.Z26
2026-10-05,104,31212.75,31228.25,31210.75,31226.75,773,465,308,0,NQ.Z26
2026-10-05,105,31227.75,31231.5,31211.25,31215.5,988,486,502,0,NQ.Z26
2026-10-05,106,31215.25,31222.25,31208.5,31221.5,948,483,465,0,NQ.Z26
2026-10-05,107,31221,31233.5,31220.75,31231,704,397,307,0,NQ.Z26
2026-10-05,108,31231.25,31233.25,31222,31226.25,546,250,296,0,NQ.Z26
2026-10-05,109,31226.5,31232.25,31224.5,31231.5,416,237,179,0,NQ.Z26
2026-10-05,110,31230.75,31237.5,31230,31232.75,716,410,306,0,NQ.Z26
2026-10-05,111,31232,31233,31224.5,31228,486,186,300,0,NQ.Z26
2026-10-05,112,31228,31232.5,31217,31225.5,676,289,387,0,NQ.Z26
2026-10-05,113,31224.75,31233.25,31224,31230,730,383,347,0,NQ.Z26
2026-10-05,114,31229.25,31242.5,31229.25,31237,667,379,288,0,NQ.Z26
2026-10-05,115,31237.25,31239.75,31231,31231.75,526,252,274,0,NQ.Z26
2026-10-05,116,31231.75,31232.75,31222.25,31222.75,507,190,317,0,NQ.Z26
2026-10-05,117,31222.5,31223.25,31212,31222.25,1077,504,573,0,NQ.Z26
2026-10-05,118,31222.5,31225.25,31220.25,31223.5,509,245,264,0,NQ.Z26
2026-10-05,119,31223.25,31234.5,31222,31229.75,759,404,355,0,NQ.Z26
2026-10-05,120,31229.5,31237.25,31229,31230.5,723,371,352,0,NQ.Z26
2026-10-05,121,31230.25,31237.25,31224.75,31226.75,493,211,282,0,NQ.Z26
2026-10-05,122,31226.25,31233,31223.75,31231.75,462,245,217,0,NQ.Z26
2026-10-05,123,31231.5,31231.5,31220,31228,619,283,336,0,NQ.Z26
2026-10-05,124,31227.75,31227.75,31216.5,31221.5,658,241,417,0,NQ.Z26
2026-10-05,125,31222.25,31224.75,31213.5,31214.75,665,283,382,0,NQ.Z26
2026-10-05,126,31214.5,31217.75,31210.75,31216,574,258,316,0,NQ.Z26
2026-10-05,127,31215.5,31222.75,31211,31217.75,766,347,419,0,NQ.Z26
2026-10-05,128,31218,31223,31216.5,31221,352,191,161,0,NQ.Z26
2026-10-05,129,31221.25,31221.75,31216.75,31218,318,144,174,0,NQ.Z26
2026-10-05,130,31218,31222.25,31211.5,31214.25,412,189,223,0,NQ.Z26
2026-10-05,131,31214.5,31234.5,31213.25,31233.75,1232,756,476,0,NQ.Z26
2026-10-05,132,31234,31239,31229.25,31235.5,942,456,486,0,NQ.Z26
2026-10-05,133,31235,31246.5,31235,31244.25,917,566,351,0,NQ.Z26
2026-10-05,134,31244.75,31246.5,31236.25,31240.25,555,266,289,0,NQ.Z26
2026-10-05,135,31239,31240,31224.75,31226.25,728,304,424,0,NQ.Z26
2026-10-05,136,31226.25,31229.75,31219,31226,613,297,316,0,NQ.Z26
2026-10-05,137,31226.25,31232.5,31223.75,31232,534,286,248,0,NQ.Z26
2026-10-05,138,31231.5,31240.25,31230.5,31236.75,533,309,224,0,NQ.Z26
2026-10-05,139,31237,31243.25,31236.5,31241.75,364,208,156,0,NQ.Z26
2026-10-05,140,31241.5,31243.25,31236.25,31241.25,429,206,223,0,NQ.Z26
2026-10-05,141,31241.75,31246,31235.5,31245.5,519,295,224,0,NQ.Z26
2026-10-05,142,31244.75,31247.75,31237.25,31239.75,500,237,263,0,NQ.Z26
2026-10-05,143,31239.75,31244.75,31238.5,31240.25,263,129,134,0,NQ.Z26
2026-10-05,144,31240,31247.5,31237,31241.75,489,242,247,0,NQ.Z26
2026-10-05,145,31242.75,31243.25,31236,31238.5,364,189,175,0,NQ.Z26
2026-10-05,146,31239.25,31240.5,31235,31239.25,298,119,179,0,NQ.Z26
2026-10-05,147,31239,31243.5,31236.5,31239.75,343,161,182,0,NQ.Z26
2026-10-05,148,31239.5,31242.25,31234.25,31241.25,310,146,164,0,NQ.Z26
2026-10-05,149,31240.75,31241.5,31235.25,31236,348,121,227,0,NQ.Z26
2026-10-05,150,31235.5,31237.75,31226.25,31228,892,372,520,0,NQ.Z26
2026-10-05,151,31227.5,31232,31226.5,31231.5,553,304,249,0,NQ.Z26
2026-10-05,152,31230,31235,31226,31226.5,442,217,225,0,NQ.Z26
2026-10-05,153,31226.5,31227,31216,31218,744,306,438,0,NQ.Z26
2026-10-05,154,31218.25,31223.5,31218.25,31221.75,581,232,349,0,NQ.Z26
2026-10-05,155,31222,31228,31221.5,31227.25,557,231,326,0,NQ.Z26
2026-10-05,156,31227.25,31229.25,31221,31225.5,338,171,167,0,NQ.Z26
2026-10-05,157,31225.5,31227.5,31217.25,31218,368,173,195,0,NQ.Z26
2026-10-05,158,31218,31224,31216.25,31224,344,183,161,0,NQ.Z26
2026-10-05,159,31224.25,31230.5,31221.25,31228.75,423,239,184,0,NQ.Z26
2026-10-05,160,31229,31231.5,31220.75,31221.25,396,174,222,0,NQ.Z26
2026-10-05,161,31222,31224.5,31220.25,31220.5,319,169,150,0,NQ.Z26
2026-10-05,162,31221,31222.75,31217.75,31222.5,338,173,165,0,NQ.Z26
2026-10-05,163,31222.75,31224.5,31218.5,31221.75,314,147,167,0,NQ.Z26
2026-10-05,164,31221.75,31222.25,31214.75,31216,489,215,274,0,NQ.Z26
2026-10-05,165,31215.75,31216.75,31203.75,31207,1045,406,639,0,NQ.Z26
2026-10-05,166,31207,31212,31203.25,31209,754,405,349,0,NQ.Z26
2026-10-05,167,31209.75,31212.5,31202,31205.5,658,359,299,0,NQ.Z26
2026-10-05,168,31205,31207.5,31201,31205.5,529,250,279,0,NQ.Z26
2026-10-05,169,31205.5,31210.25,31202.75,31204,427,242,185,0,NQ.Z26
2026-10-05,170,31203.75,31208.25,31202.5,31204,376,191,185,0,NQ.Z26
2026-10-05,171,31203.75,31210,31200.5,31209.5,1012,573,439,0,NQ.Z26
2026-10-05,172,31209.5,31219.5,31209.5,31217.25,823,453,370,0,NQ.Z26
2026-10-05,173,31217,31235.25,31214,31233,1316,793,523,0,NQ.Z26
2026-10-05,174,31232.75,31241.5,31232.5,31237,911,499,412,0,NQ.Z26
2026-10-05,175,31237.25,31239,31232.25,31235.5,528,245,283,0,NQ.Z26
2026-10-05,176,31235.25,31242.25,31234.25,31239.25,393,219,174,0,NQ.Z26
2026-10-05,177,31238.5,31241,31234.5,31239.75,387,158,229,0,NQ.Z26
2026-10-05,178,31238.75,31244.75,31238.75,31240,455,250,205,0,NQ.Z26
2026-10-05,179,31240.5,31244.5,31238.25,31239,431,228,203,0,NQ.Z26
2026-10-05,180,31238.75,31241.75,31237.5,31238.75,387,190,197,0,NQ.Z26
2026-10-05,181,31239,31239.75,31233.25,31233.75,622,318,304,0,NQ.Z26
2026-10-05,182,31233.75,31236.75,31232,31235,431,198,233,0,NQ.Z26
2026-10-05,183,31234.75,31241.5,31234.25,31241.25,372,242,130,0,NQ.Z26
2026-10-05,184,31242,31245.5,31241.5,31244,344,179,165,0,NQ.Z26
2026-10-05,185,31245,31251.75,31244.25,31249.75,660,373,287,0,NQ.Z26
2026-10-05,186,31249.5,31257.25,31247.25,31248.25,862,499,363,0,NQ.Z26
2026-10-05,187,31248.25,31249,31244,31245.5,405,187,218,0,NQ.Z26
2026-10-05,188,31244.5,31253,31244.5,31250.75,434,240,194,0,NQ.Z26
2026-10-05,189,31251,31251.75,31245,31247.25,476,252,224,0,NQ.Z26
2026-10-05,190,31247.25,31251.25,31247.25,31250.75,393,233,160,0,NQ.Z26
2026-10-05,191,31251.25,31261.25,31251,31255,943,548,395,0,NQ.Z26
2026-10-05,192,31254.75,31258.5,31252.5,31258.25,409,212,197,0,NQ.Z26
2026-10-05,193,31258.25,31268.75,31257.25,31267,1251,654,597,0,NQ.Z26
2026-10-05,194,31266.5,31271.75,31265,31268.25,761,424,337,0,NQ.Z26
2026-10-05,195,31268.5,31269.5,31262.75,31264.5,578,275,303,0,NQ.Z26
2026-10-05,196,31264.25,31265.5,31259,31261,744,306,438,0,NQ.Z26
2026-10-05,197,31260.5,31261.25,31254.25,31255.25,424,171,253,0,NQ.Z26
2026-10-05,198,31254.5,31257.75,31251.25,31257.25,526,272,254,0,NQ.Z26
2026-10-05,199,31256.75,31263,31256.75,31260,476,273,203,0,NQ.Z26
2026-10-05,200,31260.25,31266.25,31258.75,31266.25,382,214,168,0,NQ.Z26
2026-10-05,201,31266.25,31270.25,31263,31266,626,331,295,0,NQ.Z26
2026-10-05,202,31265.75,31267,31263.75,31266.5,456,256,200,0,NQ.Z26
2026-10-05,203,31266.25,31273.5,31264.75,31271,561,317,244,0,NQ.Z26
2026-10-05,204,31271,31274.75,31265,31265,634,327,307,0,NQ.Z26
2026-10-05,205,31265.25,31266.75,31256.75,31258.5,499,199,300,0,NQ.Z26
2026-10-05,206,31258.5,31266.25,31257.75,31257.75,565,291,274,0,NQ.Z26
2026-10-05,207,31258.25,31260.25,31253.25,31254,345,141,204,0,NQ.Z26
2026-10-05,208,31254,31256,31251.75,31254.75,556,239,317,0,NQ.Z26
2026-10-05,209,31254.75,31257,31247.25,31248.5,708,299,409,0,NQ.Z26
2026-10-05,210,31249.75,31252,31242,31249.5,884,441,443,0,NQ.Z26
2026-10-05,211,31249,31255,31245.75,31251.5,462,264,198,0,NQ.Z26
2026-10-05,212,31251.75,31252.5,31242.75,31243,333,141,192,0,NQ.Z26
2026-10-05,213,31242.75,31245.75,31241.75,31245,294,122,172,0,NQ.Z26
2026-10-05,214,31245.5,31248,31238,31239,618,260,358,0,NQ.Z26
2026-10-05,215,31238.5,31242.75,31235.75,31242.25,492,263,229,0,NQ.Z26
2026-10-05,216,31242.5,31247.75,31242.5,31245.5,445,253,192,0,NQ.Z26
2026-10-05,217,31245.75,31251.5,31245.75,31251,426,239,187,0,NQ.Z26
2026-10-05,218,31250.75,31252.75,31245.25,31252,298,189,109,0,NQ.Z26
2026-10-05,219,31252,31258.5,31251.75,31254.5,388,225,163,0,NQ.Z26
2026-10-05,220,31255,31261.5,31255,31261,468,240,228,0,NQ.Z26
2026-10-05,221,31260.75,31262.25,31257.75,31262.25,335,182,153,0,NQ.Z26
2026-10-05,222,31262.5,31265.25,31260.25,31261.75,396,222,174,0,NQ.Z26
2026-10-05,223,31262,31267,31261.75,31265,340,207,133,0,NQ.Z26
2026-10-05,224,31265,31265.75,31262.75,31265,208,100,108,0,NQ.Z26
2026-10-05,225,31265,31274,31263.75,31273.75,692,468,224,0,NQ.Z26
2026-10-05,226,31274,31280,31269.75,31276.5,773,446,327,0,NQ.Z26
2026-10-05,227,31277,31278.75,31268.75,31270.5,566,213,353,0,NQ.Z26
2026-10-05,228,31270,31273,31267.75,31270.25,396,152,244,0,NQ.Z26
2026-10-05,229,31270.25,31271,31268.5,31271,248,118,130,0,NQ.Z26
2026-10-05,230,31270.5,31276,31269.5,31273.5,522,242,280,0,NQ.Z26
2026-10-05,231,31273.25,31274.75,31270.25,31271.75,235,91,144,0,NQ.Z26
2026-10-05,232,31271.25,31277.75,31270.75,31273.75,264,139,125,0,NQ.Z26
2026-10-05,233,31273.75,31278,31273.75,31276.25,192,90,102,0,NQ.Z26
2026-10-05,234,31275.75,31279.5,31275.5,31278.25,289,139,150,0,NQ.Z26
2026-10-05,235,31278.75,31288.25,31275.5,31276.75,1414,771,643,0,NQ.Z26
2026-10-05,236,31276.75,31279.25,31272.75,31273.25,554,255,299,0,NQ.Z26
2026-10-05,237,31273.75,31276.75,31271,31273.25,361,178,183,0,NQ.Z26
2026-10-05,238,31273,31280,31272.75,31277.75,277,154,123,0,NQ.Z26
2026-10-05,239,31277.75,31279,31275.25,31275.75,277,135,142,0,NQ.Z26
2026-10-05,240,31275.75,31276.5,31266,31269.75,597,241,356,0,NQ.Z26
2026-10-05,241,31270.25,31275,31269.75,31274.75,449,239,210,0,NQ.Z26
2026-10-05,242,31275,31279.75,31273,31276.75,453,255,198,0,NQ.Z26
2026-10-05,243,31276.5,31277.25,31272.75,31275.25,278,123,155,0,NQ.Z26
2026-10-05,244,31275.25,31279.5,31274.25,31277.25,297,157,140,0,NQ.Z26
2026-10-05,245,31277.25,31281.25,31275,31279.5,362,176,186,0,NQ.Z26
2026-10-05,246,31279.25,31284.5,31279,31279.75,510,291,219,0,NQ.Z26
2026-10-05,247,31279.75,31285,31279.75,31282.5,341,162,179,0,NQ.Z26
2026-10-05,248,31281.75,31283.25,31279,31280.5,534,335,199,0,NQ.Z26
2026-10-05,249,31281,31281.75,31273.75,31275.25,422,141,281,0,NQ.Z26
2026-10-05,250,31276,31276.25,31271.5,31273.25,332,151,181,0,NQ.Z26
2026-10-05,251,31273.25,31280.75,31272.5,31279,288,177,111,0,NQ.Z26
2026-10-05,252,31279.25,31283.75,31278.5,31280.5,372,231,141,0,NQ.Z26
2026-10-05,253,31280.25,31289.5,31279.75,31289.25,765,465,300,0,NQ.Z26
2026-10-05,254,31288.75,31311.75,31288.75,31310.75,2637,1572,1065,0,NQ.Z26
2026-10-05,255,31310.5,31318.75,31307.5,31307.75,1981,909,1072,0,NQ.Z26
2026-10-05,256,31307.5,31307.75,31302.25,31303.5,756,335,421,0,NQ.Z26
2026-10-05,257,31303.5,31303.75,31297.25,31299.75,566,238,328,0,NQ.Z26
2026-10-05,258,31300,31304,31294.75,31302,636,321,315,0,NQ.Z26
2026-10-05,259,31301.25,31301.75,31297.75,31299.75,347,165,182,0,NQ.Z26
2026-10-05,260,31299.75,31305,31297,31297.75,509,257,252,0,NQ.Z26
2026-10-05,261,31297.25,31302.5,31294.75,31296,328,128,200,0,NQ.Z26
2026-10-05,262,31295.5,31299,31293.75,31294.75,323,150,173,0,NQ.Z26
2026-10-05,263,31295.5,31306.5,31295.25,31304.75,430,238,192,0,NQ.Z26
2026-10-05,264,31304.25,31304.5,31296.5,31297,277,115,162,0,NQ.Z26
2026-10-05,265,31297,31299.75,31294.25,31297.5,376,198,178,0,NQ.Z26
2026-10-05,266,31297.75,31301.75,31296.5,31300.5,247,130,117,0,NQ.Z26
2026-10-05,267,31300.5,31302.25,31296.5,31297.5,301,120,181,0,NQ.Z26
2026-10-05,268,31297.75,31300.5,31296,31298,327,174,153,0,NQ.Z26
2026-10-05,269,31298.5,31299,31293.25,31296,541,194,347,0,NQ.Z26
2026-10-05,270,31295.5,31298.25,31287.25,31289.75,1023,444,579,0,NQ.Z26
2026-10-05,271,31290,31293.5,31288.75,31290.25,565,265,300,0,NQ.Z26
2026-10-05,272,31290.25,31295.5,31286.25,31295.5,553,267,286,0,NQ.Z26
2026-10-05,273,31295,31295.25,31289.25,31291.25,270,103,167,0,NQ.Z26
2026-10-05,274,31291.5,31294.75,31289,31294.25,351,189,162,0,NQ.Z26
2026-10-05,275,31293.75,31294.5,31273.5,31284.75,1313,526,787,0,NQ.Z26
2026-10-05,276,31285,31288,31283.75,31285.25,342,171,171,0,NQ.Z26
2026-10-05,277,31285.5,31287.5,31283.5,31285.75,267,121,146,0,NQ.Z26
2026-10-05,278,31285.5,31290.75,31283.75,31287.75,335,145,190,0,NQ.Z26
2026-10-05,279,31288,31293.75,31288,31293,422,249,173,0,NQ.Z26
2026-10-05,280,31292.75,31295,31288.25,31288.5,350,148,202,0,NQ.Z26
2026-10-05,281,31288.25,31290.75,31286.75,31289.25,246,126,120,0,NQ.Z26
2026-10-05,282,31288.75,31289.5,31285,31286,318,147,171,0,NQ.Z26
2026-10-05,283,31287,31288.25,31285,31288.25,219,112,107,0,NQ.Z26
2026-10-05,284,31289.5,31290.5,31285.5,31289.75,289,127,162,0,NQ.Z26
2026-10-05,285,31290,31295.75,31290,31295.5,483,264,219,0,NQ.Z26
2026-10-05,286,31295,31299.5,31293.5,31297.25,420,237,183,0,NQ.Z26
2026-10-05,287,31297,31302.25,31296.75,31300.75,566,338,228,0,NQ.Z26
2026-10-05,288,31301.25,31302,31296,31298.25,391,156,235,0,NQ.Z26
2026-10-05,289,31298.25,31299,31295,31295.5,203,78,125,0,NQ.Z26
2026-10-05,290,31295.75,31299.25,31295.75,31297.75,184,100,84,0,NQ.Z26
2026-10-05,291,31298.25,31307,31297.5,31304.75,562,330,232,0,NQ.Z26
2026-10-05,292,31304.75,31306.25,31300.25,31301,258,131,127,0,NQ.Z26
2026-10-05,293,31301.25,31302.25,31298.5,31300,175,85,90,0,NQ.Z26
2026-10-05,294,31300.5,31301.75,31299.5,31301,142,67,75,0,NQ.Z26
2026-10-05,295,31301.5,31303.25,31299.75,31300,256,126,130,0,NQ.Z26
2026-10-05,296,31299.75,31307.75,31299.5,31306.5,449,277,172,0,NQ.Z26
2026-10-05,297,31306.25,31315.25,31305,31313.25,896,552,344,0,NQ.Z26
2026-10-05,298,31313.5,31323.25,31312.25,31317,1152,627,525,0,NQ.Z26
2026-10-05,299,31317.25,31319.75,31311.5,31313.5,644,312,332,0,NQ.Z26
2026-10-05,300,31313.25,31317.5,31309,31317.5,635,308,327,0,NQ.Z26
2026-10-05,301,31317.25,31317.5,31308.25,31309.25,365,162,203,0,NQ.Z26
2026-10-05,302,31309,31313,31305.75,31312.25,436,177,259,0,NQ.Z26
2026-10-05,303,31311.75,31313.25,31309.25,31312.5,309,144,165,0,NQ.Z26
2026-10-05,304,31312.25,31313.75,31310,31311.5,231,105,126,0,NQ.Z26
2026-10-05,305,31312,31317,31311.5,31316.5,341,203,138,0,NQ.Z26
2026-10-05,306,31316.75,31318.75,31313.25,31313.5,287,128,159,0,NQ.Z26
2026-10-05,307,31313.25,31313.5,31308,31310.75,314,136,178,0,NQ.Z26
2026-10-05,308,31311,31311.5,31307.5,31310.25,348,139,209,0,NQ.Z26
2026-10-05,309,31310.5,31316.75,31309.5,31315.5,372,245,127,0,NQ.Z26
2026-10-05,310,31315,31316.75,31312.25,31316.75,250,108,142,0,NQ.Z26
2026-10-05,311,31316.25,31320.25,31313.25,31316,619,338,281,0,NQ.Z26
2026-10-05,312,31316,31318.5,31314.5,31317.75,349,202,147,0,NQ.Z26
2026-10-05,313,31317.5,31317.75,31310.25,31310.75,462,247,215,0,NQ.Z26
2026-10-05,314,31311,31312,31309,31311.25,233,114,119,0,NQ.Z26
2026-10-05,315,31311.5,31313.25,31308.75,31310.75,426,258,168,0,NQ.Z26
2026-10-05,316,31311.25,31314.5,31311,31313,358,214,144,0,NQ.Z26
2026-10-05,317,31312.5,31313.5,31307,31312,402,210,192,0,NQ.Z26
2026-10-05,318,31312.25,31313,31307.5,31311,333,191,142,0,NQ.Z26
2026-10-05,319,31310.75,31312.25,31309.5,31310.75,129,71,58,0,NQ.Z26
2026-10-05,320,31311.25,31313,31306,31309.75,409,192,217,0,NQ.Z26
2026-10-05,321,31308.75,31315.25,31308.75,31315.25,380,229,151,0,NQ.Z26
2026-10-05,322,31315.25,31316,31311.5,31312.25,347,188,159,0,NQ.Z26
2026-10-05,323,31312,31315.25,31310.25,31310.25,262,140,122,0,NQ.Z26
2026-10-05,324,31310.25,31311.75,31307.75,31308.75,437,203,234,0,NQ.Z26
2026-10-05,325,31308.25,31313,31307.75,31309.75,292,130,162,0,NQ.Z26
2026-10-05,326,31309.5,31315,31308.5,31314.5,240,144,96,0,NQ.Z26
2026-10-05,327,31314.75,31323,31314.25,31321.75,730,450,280,0,NQ.Z26
2026-10-05,328,31321.25,31325,31317,31318.75,957,432,525,0,NQ.Z26
2026-10-05,329,31318.75,31323.25,31317.75,31320.5,450,253,197,0,NQ.Z26
2026-10-05,330,31320.75,31328,31317.75,31326.25,1063,598,465,0,NQ.Z26
2026-10-05,331,31326,31333.25,31323.75,31331,1149,600,549,0,NQ.Z26
2026-10-05,332,31331.25,31346,31330.5,31342.75,1410,775,635,0,NQ.Z26
2026-10-05,333,31342.75,31345,31338,31341.25,875,404,471,0,NQ.Z26
2026-10-05,334,31340.5,31343,31335.5,31335.5,575,224,351,0,NQ.Z26
2026-10-05,335,31335.5,31339.25,31334.75,31338,498,265,233,0,NQ.Z26
2026-10-05,336,31338.75,31340.75,31334,31335.75,730,376,354,0,NQ.Z26
2026-10-05,337,31335.75,31336.25,31327.25,31331.5,669,324,345,0,NQ.Z26
2026-10-05,338,31331.75,31332.5,31325.75,31330.5,493,245,248,0,NQ.Z26
2026-10-05,339,31330,31339.5,31329.5,31336.5,641,371,270,0,NQ.Z26
2026-10-05,340,31336.25,31343,31332.5,31340.25,576,285,291,0,NQ.Z26
2026-10-05,341,31340.25,31343.75,31337.5,31341.25,534,219,315,0,NQ.Z26
2026-10-05,342,31341.25,31344.5,31340.25,31342.75,414,212,202,0,NQ.Z26
2026-10-05,343,31342.75,31349.75,31342.5,31349.75,858,561,297,0,NQ.Z26
2026-10-05,344,31349.5,31363.5,31349,31355.75,1845,1080,765,0,NQ.Z26
2026-10-05,345,31355.25,31357.75,31351,31356.25,673,329,344,0,NQ.Z26
2026-10-05,346,31356.5,31359.5,31348.75,31354.5,912,431,481,0,NQ.Z26
2026-10-05,347,31354.75,31357.5,31351.5,31354.5,613,340,273,0,NQ.Z26
2026-10-05,348,31354.25,31367.75,31354,31366.25,1110,640,470,0,NQ.Z26
2026-10-05,349,31366.5,31371,31364.75,31365.75,841,429,412,0,NQ.Z26
2026-10-05,350,31366,31368.5,31363.25,31367,783,461,322,0,NQ.Z26
2026-10-05,351,31366.75,31370,31359.75,31360.5,832,363,469,0,NQ.Z26
2026-10-05,352,31359.75,31366.5,31356.75,31361.25,764,392,372,0,NQ.Z26
2026-10-05,353,31361.25,31362.5,31357.5,31361,425,184,241,0,NQ.Z26
2026-10-05,354,31360.75,31361.25,31354.25,31360.75,623,290,333,0,NQ.Z26
2026-10-05,355,31360.5,31369.25,31360.5,31364.5,626,329,297,0,NQ.Z26
2026-10-05,356,31364.25,31366,31361.25,31365.25,351,175,176,0,NQ.Z26
2026-10-05,357,31365.25,31367,31359,31359.25,408,210,198,0,NQ.Z26
2026-10-05,358,31359.25,31360,31355.25,31357.25,582,296,286,0,NQ.Z26
2026-10-05,359,31357.5,31358.25,31351.25,31355,584,307,277,0,NQ.Z26
2026-10-05,360,31354,31358.5,31351.25,31357.5,604,270,334,0,NQ.Z26
2026-10-05,361,31358,31364,31357.75,31362,669,369,300,0,NQ.Z26
2026-10-05,362,31361.75,31362,31354.75,31355.5,420,230,190,0,NQ.Z26
2026-10-05,363,31355.75,31361.25,31352.75,31355.75,520,271,249,0,NQ.Z26
2026-10-05,364,31355.75,31359.25,31350.5,31350.75,510,254,256,0,NQ.Z26
2026-10-05,365,31350.75,31355.75,31349.5,31353,598,359,239,0,NQ.Z26
2026-10-05,366,31353,31357.25,31350.75,31356,438,227,211,0,NQ.Z26
2026-10-05,367,31356.5,31364.5,31356,31362.5,649,376,273,0,NQ.Z26
2026-10-05,368,31362,31365.75,31358.75,31359.5,541,281,260,0,NQ.Z26
2026-10-05,369,31358.75,31360,31353,31355.25,434,215,219,0,NQ.Z26
2026-10-05,370,31355.5,31357.5,31346.75,31349.25,711,309,402,0,NQ.Z26
2026-10-05,371,31349.5,31349.5,31342.25,31342.25,903,393,510,0,NQ.Z26
2026-10-05,372,31342.5,31343.5,31335.25,31341.25,1077,518,559,0,NQ.Z26
2026-10-05,373,31341.75,31345.75,31340,31341.75,461,247,214,0,NQ.Z26
2026-10-05,374,31342,31345.5,31340.5,31342.5,643,378,265,0,NQ.Z26
2026-10-05,375,31342.75,31342.75,31330.25,31335.25,2690,1304,1386,0,NQ.Z26
2026-10-05,376,31335.25,31335.5,31324.25,31325,987,422,565,0,NQ.Z26
2026-10-05,377,31325.25,31329.75,31324.25,31328.5,1134,592,542,0,NQ.Z26
2026-10-05,378,31328,31336,31328,31333.25,771,443,328,0,NQ.Z26
2026-10-05,379,31332.75,31333,31326.25,31327.5,829,363,466,0,NQ.Z26
2026-10-05,380,31327.25,31335.25,31316,31318.25,2671,1243,1428,0,NQ.Z26
2026-10-05,381,31318,31323,31314,31319.5,1199,611,588,0,NQ.Z26
2026-10-05,382,31319.75,31327.75,31312.5,31314,1389,649,740,0,NQ.Z26
2026-10-05,383,31313.75,31317,31305.25,31313.5,1828,891,937,0,NQ.Z26
2026-10-05,384,31314,31314,31303.25,31310.25,2048,923,1125,0,NQ.Z26
2026-10-05,385,31310.5,31313.75,31291.25,31297.25,2374,1057,1317,0,NQ.Z26
2026-10-05,386,31297,31309.5,31297,31302.5,1557,877,680,0,NQ.Z26
2026-10-05,387,31302.5,31314,31296.75,31307.25,1498,816,682,0,NQ.Z26
2026-10-05,388,31307.25,31325.5,31302.75,31316.5,2501,1329,1172,0,NQ.Z26
2026-10-05,389,31316,31342.75,31305,31338.25,9554,4930,4624,0,NQ.Z26
